{"type":"FeatureCollection","metadata":{"level":"administrative","simplified":true,"toleranceDegrees":0.02,"countyCount":628,"cityCount":70,"wardCityCount":4,"islandOfficeCount":4},"features":[{"type":"Feature","properties":{"level":"city","prefecture":"愛知県","district":"","label":"岡崎市","name":"愛知県 岡崎市","municipalityCount":1},"geometry":{"type":"MultiPolygon","coordinates":[[[[137.17775663744578,34.98228618120759],[137.2138670968557,34.96034534921688],[137.14273290725285,34.93468488018765],[137.14794920749435,34.97942105538063],[137.17570737663664,34.98211025242875],[137.17775663744578,34.98228618120759]]]]}},{"type":"Feature","properties":{"level":"city","prefecture":"愛知県","district":"","label":"豊橋市","name":"愛知県 豊橋市","municipalityCount":1},"geometry":{"type":"MultiPolygon","coordinates":[[[[137.39395365281226,34.77217695389677],[137.47257074930914,34.74880355899257],[137.36510875445302,34.7596860105985],[137.3877437715724,34.77197589243522],[137.39395365281226,34.77217695389677]]]]}},{"type":"Feature","properties":{"level":"city","prefecture":"愛媛県","district":"","label":"松山市","name":"愛媛県 松山市","municipalityCount":1},"geometry":{"type":"MultiPolygon","coordinates":[[[[132.76895830297352,33.85317527855613],[132.78137806545325,33.82427269345955],[132.73989605877085,33.83229001923851],[132.76001607398808,33.853853860988835],[132.76895830297352,33.85317527855613]]]]}},{"type":"Feature","properties":{"level":"city","prefecture":"茨城県","district":"","label":"水戸市","name":"茨城県 水戸市","municipalityCount":1},"geometry":{"type":"MultiPolygon","coordinates":[[[[140.48119611121922,36.3770998052861],[140.50966841670407,36.37526511944953],[140.4462034304325,36.36538797515131],[140.45188547176699,36.39456701975752],[140.47486203235454,36.37943714477652],[140.48119611121922,36.3770998052861]]]]}},{"type":"Feature","properties":{"level":"city","prefecture":"岡山県","district":"","label":"岡山市","name":"岡山県 岡山市","municipalityCount":1},"geometry":{"type":"MultiPolygon","coordinates":[[[[133.93231745445286,34.67890956842422],[133.95914414140915,34.65840129934699],[133.93287634376443,34.64166293267367],[133.92741164827333,34.67875877232807],[133.93231745445286,34.67890956842422]]]]}},{"type":"Feature","properties":{"level":"city","prefecture":"岩手県","district":"","label":"盛岡市","name":"岩手県 盛岡市","municipalityCount":1},"geometry":{"type":"MultiPolygon","coordinates":[[[[141.13813944758624,39.742164956374765],[141.18722855878752,39.70547123964346],[141.16446934404334,39.66872725754675],[141.09715423140304,39.71306130981664],[141.13472401290431,39.742491681249774],[141.13813944758624,39.742164956374765]]]]}},{"type":"Feature","properties":{"level":"city","prefecture":"岐阜県","district":"","label":"岐阜市","name":"岐阜県 岐阜市","municipalityCount":1},"geometry":{"type":"MultiPolygon","coordinates":[[[[136.78914226945403,35.437413932089385],[136.7739901592287,35.4030072894831],[136.74430692690208,35.410119838685134],[136.7849816490233,35.438368974031704],[136.78914226945403,35.437413932089385]]]]}},{"type":"Feature","properties":{"level":"city","prefecture":"岐阜県","district":"","label":"大垣市","name":"岐阜県 大垣市","municipalityCount":1},"geometry":{"type":"MultiPolygon","coordinates":[[[[136.62939307455807,35.3720940897711],[136.59607706170613,35.35583324406893],[136.62656757859392,35.37458222535768],[136.62939307455807,35.3720940897711]]]]}},{"type":"Feature","properties":{"level":"city","prefecture":"宮城県","district":"","label":"仙台市","name":"宮城県 仙台市","municipalityCount":1},"geometry":{"type":"MultiPolygon","coordinates":[[[[140.95119097285962,38.27451681785287],[140.99053057051427,38.26179968041038],[140.8019675266653,38.21718916863087],[140.86096139844415,38.24963546198711],[140.82339161694287,38.24734838786208],[140.8325511917717,38.30834540875722],[140.93874016097368,38.27351151054516],[140.95119097285962,38.27451681785287]],[[140.88505573765488,38.26519259257388],[140.88576987399748,38.26456427550657],[140.8947121029829,38.263986223804636],[140.89663716616727,38.266298430612366],[140.89666821557347,38.26959081204511],[140.88505573765488,38.26519259257388]]],[[[140.94575732677473,38.248806083458256],[140.94935905789387,38.24845422590056],[140.94678195717933,38.24669493811207],[140.94569522796235,38.24335229131394],[140.941907200406,38.2465944073813],[140.9430870778416,38.248755818092874],[140.94575732677473,38.248806083458256]]]]}},{"type":"Feature","properties":{"level":"city","prefecture":"熊本県","district":"","label":"熊本市","name":"熊本県 熊本市","municipalityCount":1},"geometry":{"type":"MultiPolygon","coordinates":[[[[130.7246343493984,32.8225342266946],[130.693274449137,32.79104297528067],[130.71774138122214,32.823036880348454],[130.7246343493984,32.8225342266946]]]]}},{"type":"Feature","properties":{"level":"city","prefecture":"群馬県","district":"","label":"高崎市","name":"群馬県 高崎市","municipalityCount":1},"geometry":{"type":"MultiPolygon","coordinates":[[[[139.01889327685197,36.323969314073764],[138.99386745545524,36.3465133304491],[139.01752710297922,36.32801567598729],[139.01889327685197,36.323969314073764]]]]}},{"type":"Feature","properties":{"level":"city","prefecture":"群馬県","district":"","label":"前橋市","name":"群馬県 前橋市","municipalityCount":1},"geometry":{"type":"MultiPolygon","coordinates":[[[[139.07891177903542,36.406831768911545],[139.09993222703244,36.370690971199465],[139.0706215875802,36.361618072747405],[139.05102941226838,36.40165443627685],[139.07183251442197,36.40783707621925],[139.07891177903542,36.406831768911545]]]]}},{"type":"Feature","properties":{"level":"city","prefecture":"広島県","district":"","label":"呉市","name":"広島県 呉市","municipalityCount":1},"geometry":{"type":"MultiPolygon","coordinates":[[[[132.57701087384876,34.273569661956635],[132.57353334035443,34.221871733657785],[132.5343489897308,34.21915740392698],[132.57291235223045,34.27311727366816],[132.57701087384876,34.273569661956635]]]]}},{"type":"Feature","properties":{"level":"city","prefecture":"広島県","district":"","label":"広島市","name":"広島県 広島市","municipalityCount":1},"geometry":{"type":"MultiPolygon","coordinates":[[[[132.4866260524023,34.406873410958625],[132.50857798258528,34.35683423971749],[132.40617704093964,34.36045334602524],[132.48190654266,34.405792705602835],[132.4866260524023,34.406873410958625]]],[[[132.46380473884574,34.34125197644803],[132.46274905903496,34.339894811582624],[132.45858843860424,34.343488785207676],[132.45775010463686,34.346554972496186],[132.45942677257162,34.35155637635203],[132.46219016972339,34.351003457332794],[132.46246961437916,34.34738435102504],[132.46470517162552,34.3423829471692],[132.46380473884574,34.34125197644803]]],[[[132.48227913553438,34.33082191313056],[132.480509319381,34.33026899411133],[132.47970203481984,34.33657729746719],[132.47746647757347,34.340171271092245],[132.4766281436061,34.34544913445771],[132.4813476533484,34.34683143200581],[132.48553932318532,34.34379037739999],[132.48386265525056,34.340749322794174],[132.4866260524023,34.33991994426532],[132.4866260524023,34.33657729746719],[132.48227913553438,34.33082191313056]]],[[[132.46430152934494,34.3107660323418],[132.45998566188322,34.3121483298899],[132.4605135017886,34.31601876302457],[132.46219016972339,34.317149733745744],[132.46470517162552,34.31518938449572],[132.46430152934494,34.3107660323418]]]]}},{"type":"Feature","properties":{"level":"city","prefecture":"広島県","district":"","label":"尾道市","name":"広島県 尾道市","municipalityCount":1},"geometry":{"type":"MultiPolygon","coordinates":[[[[133.21265431756302,34.4213749688723],[133.19390047621857,34.40390775440089],[133.2092388828811,34.42486841176658],[133.21265431756302,34.4213749688723]]]]}},{"type":"Feature","properties":{"level":"city","prefecture":"広島県","district":"","label":"福山市","name":"広島県 福山市","municipalityCount":1},"geometry":{"type":"MultiPolygon","coordinates":[[[[133.3607910345404,34.49408381990223],[133.3766262317021,34.471062282555735],[133.35340127586494,34.49345550283492],[133.3607910345404,34.49408381990223]]]]}},{"type":"Feature","properties":{"level":"city","prefecture":"香川県","district":"","label":"丸亀市","name":"香川県 丸亀市","municipalityCount":1},"geometry":{"type":"MultiPolygon","coordinates":[[[[133.79864976076442,34.30669453774559],[133.81246674652314,34.287769627678],[133.77576634839545,34.25665536650446],[133.7617941156057,34.29990871341857],[133.79678679639244,34.305739495803266],[133.79864976076442,34.30669453774559]]]]}},{"type":"Feature","properties":{"level":"city","prefecture":"香川県","district":"","label":"高松市","name":"香川県 高松市","municipalityCount":1},"geometry":{"type":"MultiPolygon","coordinates":[[[[134.05847119184105,34.34502187885193],[134.0183243096252,34.3437652447173],[134.0600857609634,34.35075213050587],[134.05847119184105,34.34502187885193]]]]}},{"type":"Feature","properties":{"level":"city","prefecture":"高知県","district":"","label":"高知市","name":"高知県 高知市","municipalityCount":1},"geometry":{"type":"MultiPolygon","coordinates":[[[[133.52758844464358,33.569754015830746],[133.55770636865702,33.56565738855184],[133.52805418573658,33.567492074388404],[133.52758844464358,33.569754015830746]]]]}},{"type":"Feature","properties":{"level":"city","prefecture":"佐賀県","district":"","label":"佐賀市","name":"佐賀県 佐賀市","municipalityCount":1},"geometry":{"type":"MultiPolygon","coordinates":[[[[130.31319866785006,33.25790768897994],[130.31419224884846,33.25361000023949],[130.31546527450263,33.25361000023949],[130.3179181775924,33.24813107541249],[130.31773188115517,33.246824175912465],[130.3119256421959,33.24094312816238],[130.31000057901153,33.24084259743161],[130.3015861899315,33.24046560719122],[130.29807760703096,33.241194454989305],[130.29813970584337,33.24003835158544],[130.29435167828703,33.24074206670084],[130.29351334431965,33.24506488812398],[130.2897563661695,33.24509002080667],[130.28857648873395,33.248005411999024],[130.28252185452504,33.246949839325936],[130.2811867300585,33.24755302371056],[130.2802241984663,33.25175018172023],[130.29283025738326,33.25499229778759],[130.31319866785006,33.25790768897994]]]]}},{"type":"Feature","properties":{"level":"city","prefecture":"三重県","district":"","label":"宇治山田市","name":"三重県 宇治山田市","municipalityCount":1},"geometry":{"type":"MultiPolygon","coordinates":[[[[136.69375849360944,34.43210662438208],[136.72064727937814,34.482170928305905],[136.6809971876615,34.4746311234981],[136.68478521521783,34.500492653988864],[136.71608301666683,34.507152814902426],[136.71915690788057,34.46922759671917],[136.77603942003788,34.4612102709402],[136.78768294736264,34.42336045080502],[136.74353069174708,34.38473151750637],[136.6912434917073,34.42904043709357],[136.69375849360944,34.43210662438208]]]]}},{"type":"Feature","properties":{"level":"city","prefecture":"三重県","district":"","label":"四日市市","name":"三重県 四日市市","municipalityCount":1},"geometry":{"type":"MultiPolygon","coordinates":[[[[136.64637709974915,34.9774607061306],[136.6274369619675,34.95036767418789],[136.6115707153996,34.97648053150559],[136.63727962373272,34.979848310986405],[136.64637709974915,34.9774607061306]]]]}},{"type":"Feature","properties":{"level":"city","prefecture":"三重県","district":"","label":"津市","name":"三重県 津市","municipalityCount":1},"geometry":{"type":"MultiPolygon","coordinates":[[[[136.52994182650139,34.7418418058867],[136.51156057803132,34.69192829805903],[136.52155848682753,34.74465666634828],[136.52994182650139,34.7418418058867]]]]}},{"type":"Feature","properties":{"level":"city","prefecture":"山形県","district":"","label":"山形市","name":"山形県 山形市","municipalityCount":1},"geometry":{"type":"MultiPolygon","coordinates":[[[[140.32784309400034,38.28630404603574],[140.3514095933057,38.23892893916003],[140.31592012201978,38.230559755823364],[140.29595535383356,38.27537132906443],[140.32498654863,38.286555372862665],[140.32784309400034,38.28630404603574]]]]}},{"type":"Feature","properties":{"level":"city","prefecture":"山形県","district":"","label":"米沢市","name":"山形県 米沢市","municipalityCount":1},"geometry":{"type":"MultiPolygon","coordinates":[[[[140.12934424016754,37.93743727757861],[140.1485948720112,37.873650528904584],[140.06314690615042,37.91104796075129],[140.1213955921805,37.93376790590548],[140.12934424016754,37.93743727757861]]]]}},{"type":"Feature","properties":{"level":"city","prefecture":"山口県","district":"","label":"下関市","name":"山口県 下関市","municipalityCount":1},"geometry":{"type":"MultiPolygon","coordinates":[[[[130.96269014672924,33.96848402675016],[130.91415992483957,33.94083807578821],[130.95927471204732,33.97242985793291],[130.96269014672924,33.96848402675016]]]]}},{"type":"Feature","properties":{"level":"city","prefecture":"山梨県","district":"","label":"甲府市","name":"山梨県 甲府市","municipalityCount":1},"geometry":{"type":"MultiPolygon","coordinates":[[[[138.58087930359696,35.67237938258327],[138.59572091976028,35.65290155349645],[138.56482676059187,35.63661557511159],[138.54526563468625,35.6733344245256],[138.57702917722824,35.674817252804466],[138.58087930359696,35.67237938258327]]],[[[138.59252283092172,35.63867645509239],[138.588983198615,35.638626189727006],[138.58783437058563,35.63674123852505],[138.58559881333926,35.63747008632314],[138.59044252070638,35.63943043557317],[138.59252283092172,35.63867645509239]]]]}},{"type":"Feature","properties":{"level":"city","prefecture":"滋賀県","district":"","label":"大津市","name":"滋賀県 大津市","municipalityCount":1},"geometry":{"type":"MultiPolygon","coordinates":[[[[135.86244169202655,35.021995819862035],[135.88780905689146,34.996184554736644],[135.82689012192822,34.991208283563495],[135.85648020603625,35.0231519232659],[135.86244169202655,35.021995819862035]]]]}},{"type":"Feature","properties":{"level":"city","prefecture":"鹿児島県","district":"","label":"鹿児島市","name":"鹿児島県 鹿児島市","municipalityCount":1},"geometry":{"type":"MultiPolygon","coordinates":[[[[130.57407577873747,31.608198397032247],[130.56544404381404,31.5637135486662],[130.51893203332733,31.594727279108973],[130.5729269507081,31.613727587224638],[130.57407577873747,31.608198397032247]]]]}},{"type":"Feature","properties":{"level":"city","prefecture":"秋田県","district":"","label":"秋田市","name":"秋田県 秋田市","municipalityCount":1},"geometry":{"type":"MultiPolygon","coordinates":[[[[140.0423438039968,39.76800135418284],[140.0421264581534,39.76498543225972],[140.03936306100167,39.766091270298205],[140.04069818546824,39.76787569076939],[140.0423438039968,39.76800135418284]]],[[[140.12977893185433,39.71110096056661],[140.10792014988996,39.72499933409567],[140.1318592420697,39.714242545903204],[140.12977893185433,39.71110096056661]]]]}},{"type":"Feature","properties":{"level":"city","prefecture":"新潟県","district":"","label":"高田市","name":"新潟県 高田市","municipalityCount":1},"geometry":{"type":"MultiPolygon","coordinates":[[[[138.25352541403663,37.128541885114615],[138.26752869623255,37.097829746864164],[138.23138718741643,37.09878478880648],[138.25135195560267,37.124797115393406],[138.25352541403663,37.128541885114615]]]]}},{"type":"Feature","properties":{"level":"city","prefecture":"新潟県","district":"","label":"新潟市","name":"新潟県 新潟市","municipalityCount":1},"geometry":{"type":"MultiPolygon","coordinates":[[[[139.0911762944842,37.93427055955934],[138.99951844738354,37.907705313953166],[139.08875444080064,37.93776400245362],[139.0911762944842,37.93427055955934]]]]}},{"type":"Feature","properties":{"level":"city","prefecture":"新潟県","district":"","label":"長岡市","name":"新潟県 長岡市","municipalityCount":1},"geometry":{"type":"MultiPolygon","coordinates":[[[[138.86696853231828,37.47977112574486],[138.82294047432754,37.415431458051586],[138.84402302113693,37.49708754412012],[138.86383254229216,37.47896687989869],[138.86696853231828,37.47977112574486]]]]}},{"type":"Feature","properties":{"level":"city","prefecture":"神奈川県","district":"","label":"横須賀市","name":"神奈川県 横須賀市","municipalityCount":1},"geometry":{"type":"MultiPolygon","coordinates":[[[[139.6500966554797,35.306321859164356],[139.6517733234145,35.30745282988552],[139.6567722778126,35.30162204750082],[139.6517733234145,35.29855586021231],[139.65261165738187,35.29662064364498],[139.64817159229534,35.294660294394944],[139.64373152720884,35.30049107677965],[139.64789214763954,35.304110183087396],[139.64900992626272,35.3027278855393],[139.6500966554797,35.306321859164356]]],[[[139.63410621128702,35.298480462164235],[139.67344580894166,35.30049107677965],[139.69418681228288,35.263420369807946],[139.62069286780888,35.29614312267381],[139.63410621128702,35.298480462164235]]],[[[139.69452835575106,35.28764827592369],[139.69623607309202,35.286894295442906],[139.69427996050146,35.284104567664016],[139.6928827372225,35.28578845740443],[139.69452835575106,35.28764827592369]]]]}},{"type":"Feature","properties":{"level":"city","prefecture":"神奈川県","district":"","label":"横浜市","name":"神奈川県 横浜市","municipalityCount":1},"geometry":{"type":"MultiPolygon","coordinates":[[[[139.63888781984173,35.506704738273115],[139.67065136238372,35.47797808195537],[139.63261583978945,35.45186522463768],[139.69039878472654,35.4390726891471],[139.66900574385514,35.402404105098476],[139.59933087634369,35.43620756332014],[139.60066600081026,35.48071754436888],[139.63662121318916,35.5002205061384],[139.63888781984173,35.506704738273115]]],[[[139.63755269537515,35.45319725682039],[139.635658681597,35.45518273875311],[139.63957090677812,35.45407690071463],[139.64233430392986,35.45769600702238],[139.64205485927405,35.4535239816954],[139.64401097186462,35.456037249964666],[139.64481825642582,35.4507593865992],[139.64121652530667,35.45103584610882],[139.63755269537515,35.45319725682039]]]]}},{"type":"Feature","properties":{"level":"city","prefecture":"青森県","district":"","label":"弘前市","name":"青森県 弘前市","municipalityCount":1},"geometry":{"type":"MultiPolygon","coordinates":[[[[140.49476470172834,40.613565330695465],[140.47809117059927,40.58001319930074],[140.43220014823655,40.60016961082026],[140.49473365232217,40.613766392157004],[140.49476470172834,40.613565330695465]]]]}},{"type":"Feature","properties":{"level":"city","prefecture":"青森県","district":"","label":"青森市","name":"青森県 青森市","municipalityCount":1},"geometry":{"type":"MultiPolygon","coordinates":[[[[140.72937401497109,40.83593930716032],[140.78430041453782,40.82369969068898],[140.74145223398264,40.79808948702514],[140.72645537078833,40.83247099694873],[140.72937401497109,40.83593930716032]]]]}},{"type":"Feature","properties":{"level":"city","prefecture":"静岡県","district":"","label":"静岡市","name":"静岡県 静岡市","municipalityCount":1},"geometry":{"type":"MultiPolygon","coordinates":[[[[138.39427237233852,34.9846486533807],[138.3533803043739,34.968639134505466],[138.390142801314,34.984397326553776],[138.39427237233852,34.9846486533807]]]]}},{"type":"Feature","properties":{"level":"city","prefecture":"静岡県","district":"","label":"浜松市","name":"静岡県 浜松市","municipalityCount":1},"geometry":{"type":"MultiPolygon","coordinates":[[[[137.741613854027,34.71180825006894],[137.7218664316842,34.69672864045333],[137.7108128430772,34.72409813190566],[137.73518662694374,34.713265945665114],[137.741613854027,34.71180825006894]]]]}},{"type":"Feature","properties":{"level":"city","prefecture":"石川県","district":"","label":"金沢市","name":"石川県 金沢市","municipalityCount":1},"geometry":{"type":"MultiPolygon","coordinates":[[[[136.6850646598736,36.56966642007743],[136.63967042801008,36.55317938023103],[136.65342531495642,36.58426850872188],[136.68320169550165,36.57127491176976],[136.6850646598736,36.56966642007743]]]]}},{"type":"Feature","properties":{"level":"city","prefecture":"大阪府","district":"","label":"堺市","name":"大阪府 堺市","municipalityCount":1},"geometry":{"type":"MultiPolygon","coordinates":[[[[135.4877374580121,34.5958711848076],[135.451906443258,34.57687087669193],[135.48090658864825,34.59730374772108],[135.4877374580121,34.5958711848076]]]]}},{"type":"Feature","properties":{"level":"city","prefecture":"大分県","district":"","label":"大分市","name":"大分県 大分市","municipalityCount":1},"geometry":{"type":"MultiPolygon","coordinates":[[[[131.61978873012728,33.261627326018456],[131.61025656242407,33.20615949531571],[131.57414610301416,33.20879842699844],[131.613671997106,33.261954050893465],[131.61978873012728,33.261627326018456]]]]}},{"type":"Feature","properties":{"level":"city","prefecture":"長崎県","district":"","label":"佐世保市","name":"長崎県 佐世保市","municipalityCount":1},"geometry":{"type":"MultiPolygon","coordinates":[[[[129.7041645652487,33.19339209250782],[129.7464228070861,33.177558502411436],[129.69882406738242,33.16024208403618],[129.71161642273657,33.1155310415259],[129.68463448874928,33.114425203487414],[129.7049408004037,33.19213545837319],[129.7041645652487,33.19339209250782]]]]}},{"type":"Feature","properties":{"level":"city","prefecture":"長崎県","district":"","label":"長崎市","name":"長崎県 長崎市","municipalityCount":1},"geometry":{"type":"MultiPolygon","coordinates":[[[[129.87391166894088,32.756435271212844],[129.87127246941392,32.72858825878935],[129.87006154257213,32.75367067611665],[129.87391166894088,32.756435271212844]]]]}},{"type":"Feature","properties":{"level":"city","prefecture":"長野県","district":"","label":"松本市","name":"長野県 松本市","municipalityCount":1},"geometry":{"type":"MultiPolygon","coordinates":[[[[137.97836557629748,36.258021154688166],[137.99081638818345,36.224820880851134],[137.94911703565765,36.22542406523576],[137.9514457411226,36.26495777511135],[137.97485699339694,36.25829761419779],[137.97836557629748,36.258021154688166]]]]}},{"type":"Feature","properties":{"level":"city","prefecture":"長野県","district":"","label":"上田市","name":"長野県 上田市","municipalityCount":1},"geometry":{"type":"MultiPolygon","coordinates":[[[[138.26665931285896,36.438901072027406],[138.26783919029455,36.38172421890155],[138.22607773895635,36.40610292111346],[138.25715819456195,36.44053469640243],[138.26665931285896,36.438901072027406]]]]}},{"type":"Feature","properties":{"level":"city","prefecture":"長野県","district":"","label":"長野市","name":"長野県 長野市","municipalityCount":1},"geometry":{"type":"MultiPolygon","coordinates":[[[[138.19111610757582,36.685176229733],[138.20338062302457,36.64056571795349],[138.15652706906968,36.66715609624235],[138.18974993370304,36.68590507753109],[138.19111610757582,36.685176229733]]]]}},{"type":"Feature","properties":{"level":"city","prefecture":"鳥取県","district":"","label":"鳥取市","name":"鳥取県 鳥取市","municipalityCount":1},"geometry":{"type":"MultiPolygon","coordinates":[[[[134.25560387180107,35.51492312551362],[134.2529025734617,35.48313028190738],[134.2229709458855,35.4933341510806],[134.25324411692992,35.51426967576361],[134.25560387180107,35.51492312551362]]]]}},{"type":"Feature","properties":{"level":"city","prefecture":"島根県","district":"","label":"松江市","name":"島根県 松江市","municipalityCount":1},"geometry":{"type":"MultiPolygon","coordinates":[[[[133.0618163022463,35.483205679955454],[133.04889974926735,35.45380044120501],[133.05815247231476,35.4844120487247],[133.0618163022463,35.483205679955454]]]]}},{"type":"Feature","properties":{"level":"city","prefecture":"東京府","district":"","label":"八王子市","name":"東京府 八王子市","municipalityCount":1},"geometry":{"type":"MultiPolygon","coordinates":[[[[139.31140973265659,35.6671517845832],[139.35286068993278,35.657174109554205],[139.31162707849998,35.664135862660075],[139.31140973265659,35.6671517845832]]]]}},{"type":"Feature","properties":{"level":"city","prefecture":"徳島県","district":"","label":"徳島市","name":"徳島県 徳島市","municipalityCount":1},"geometry":{"type":"MultiPolygon","coordinates":[[[[134.55054218128925,34.088668515386566],[134.58128109342664,34.0689644921555],[134.5465678572957,34.05189940060717],[134.520455306682,34.076454031597926],[134.55128736703801,34.08527560322305],[134.55054218128925,34.088668515386566]]]]}},{"type":"Feature","properties":{"level":"city","prefecture":"栃木県","district":"","label":"宇都宮市","name":"栃木県 宇都宮市","municipalityCount":1},"geometry":{"type":"MultiPolygon","coordinates":[[[[139.85576792214457,36.56971668544281],[139.92137531744393,36.573386057115954],[139.91969864950914,36.545765238836694],[139.88150787988388,36.52973058727876],[139.85564372451978,36.56687669229855],[139.85576792214457,36.56971668544281]]]]}},{"type":"Feature","properties":{"level":"city","prefecture":"奈良県","district":"","label":"奈良市","name":"奈良県 奈良市","municipalityCount":1},"geometry":{"type":"MultiPolygon","coordinates":[[[[135.80829152761478,34.70296154576112],[135.86899311673463,34.70064933895339],[135.8859460925195,34.65847669739507],[135.80052917606494,34.672475601654895],[135.82993296373576,34.69107378684748],[135.81102387536032,34.70090066578032],[135.80829152761478,34.70296154576112]]]]}},{"type":"Feature","properties":{"level":"city","prefecture":"富山県","district":"","label":"高岡市","name":"富山県 高岡市","municipalityCount":1},"geometry":{"type":"MultiPolygon","coordinates":[[[[137.0310792425598,36.77135619868621],[137.03008566156143,36.74054352970498],[136.9945651408693,36.74164936774346],[137.02232331001156,36.770174962599654],[137.0310792425598,36.77135619868621]]]]}},{"type":"Feature","properties":{"level":"city","prefecture":"富山県","district":"","label":"富山市","name":"富山県 富山市","municipalityCount":1},"geometry":{"type":"MultiPolygon","coordinates":[[[[137.21746882797484,36.69940132813706],[137.1981250479126,36.6834672073099],[137.21470543082307,36.7009846871467],[137.21746882797484,36.69940132813706]]]]}},{"type":"Feature","properties":{"level":"city","prefecture":"福井県","district":"","label":"福井市","name":"福井県 福井市","municipalityCount":1},"geometry":{"type":"MultiPolygon","coordinates":[[[[136.23354419492185,36.071938772031544],[136.20106651603726,36.06103118774292],[136.22981826617792,36.07291894665656],[136.23354419492185,36.071938772031544]]]]}},{"type":"Feature","properties":{"level":"city","prefecture":"福岡県","district":"","label":"久留米市","name":"福岡県 久留米市","municipalityCount":1},"geometry":{"type":"MultiPolygon","coordinates":[[[[130.51741061242356,33.289725665268875],[130.47980978151608,33.33079246878872],[130.52834000340576,33.32086505912511],[130.51380888130444,33.291711147201596],[130.51741061242356,33.289725665268875]]]]}},{"type":"Feature","properties":{"level":"city","prefecture":"福岡県","district":"","label":"若松市","name":"福岡県 若松市","municipalityCount":1},"geometry":{"type":"MultiPolygon","coordinates":[[[[130.72873287101672,34.01186303707773],[130.72705620308196,34.00879684978922],[130.72429280593022,34.01131011805849],[130.72205724868385,34.01822160579898],[130.72593842445877,34.01877452481822],[130.72593842445877,34.01683930825088],[130.72873287101672,34.01186303707773]]],[[[130.70982378264128,34.003242526914136],[130.71150045057604,34.00547933567379],[130.71454329238358,34.0026896078949],[130.71733773894155,34.002136688875666],[130.71705829428575,34.00047793181794],[130.7134565631666,34.00241314838528],[130.70982378264128,34.003242526914136]]],[[[130.76993543304334,33.924954220326434],[130.81843460552682,33.92296873839371],[130.75012591188812,33.87908707441228],[130.7708358658231,33.91640910821092],[130.76993543304334,33.924954220326434]]]]}},{"type":"Feature","properties":{"level":"city","prefecture":"福岡県","district":"","label":"小倉市","name":"福岡県 小倉市","municipalityCount":1},"geometry":{"type":"MultiPolygon","coordinates":[[[[130.81151058794433,33.997135285019816],[130.80955447535376,33.999925012798705],[130.8131562064729,34.00103085083718],[130.81623009768666,34.00047793181794],[130.81650954234243,33.99741174452944],[130.8189934948384,33.99575298747172],[130.82234683070794,33.98881636704854],[130.82150849674053,33.98740893681775],[130.81734787630984,33.98936928606778],[130.8139945404403,33.99323971920245],[130.81511231906347,33.99520006845248],[130.81151058794433,33.997135285019816]]],[[[130.85066388916178,33.971022427702124],[130.85206111244077,33.97129888721174],[130.8603823533022,33.966297483355895],[130.85373778037552,33.96574456433666],[130.8495461105386,33.96964013015402],[130.85066388916178,33.971022427702124]]],[[[130.892580587531,33.88916528017205],[130.8666232839483,33.88056990269116],[130.8917733029698,33.887682451893184],[130.892580587531,33.88916528017205]]]]}},{"type":"Feature","properties":{"level":"city","prefecture":"福岡県","district":"","label":"大牟田市","name":"福岡県 大牟田市","municipalityCount":1},"geometry":{"type":"MultiPolygon","coordinates":[[[[130.46562020288295,33.042947853909425],[130.45534284943096,33.01806649804367],[130.42031911923803,33.02726505990919],[130.45819939480128,33.043601303659436],[130.46562020288295,33.042947853909425]]]]}},{"type":"Feature","properties":{"level":"city","prefecture":"福岡県","district":"","label":"八幡市","name":"福岡県 八幡市","municipalityCount":1},"geometry":{"type":"MultiPolygon","coordinates":[[[[130.80676002879582,33.88476706070083],[130.84929771528903,33.85960924532546],[130.80039490052496,33.79376161667063],[130.77875346440396,33.82573038905572],[130.80871614138638,33.87853415539305],[130.80676002879582,33.88476706070083]]]]}},{"type":"Feature","properties":{"level":"city","prefecture":"福岡県","district":"","label":"福岡市","name":"福岡県 福岡市","municipalityCount":1},"geometry":{"type":"MultiPolygon","coordinates":[[[[130.41504072018412,33.60923746034095],[130.36166679092733,33.574001439205816],[130.41764887030487,33.61225338226407],[130.41504072018412,33.60923746034095]]]]}},{"type":"Feature","properties":{"level":"city","prefecture":"福岡県","district":"","label":"門司市","name":"福岡県 門司市","municipalityCount":1},"geometry":{"type":"MultiPolygon","coordinates":[[[[130.95781538995595,33.923295463268715],[130.93558401511717,33.91452415700897],[130.96259699851066,33.961848998519294],[131.02028679522914,33.96011484341349],[130.95551773389718,33.92394891301873],[130.95781538995595,33.923295463268715]]],[[[130.99364640471006,33.878961410998826],[130.99510572680143,33.88046937196039],[130.9962235054246,33.87853415539305],[130.99364640471006,33.878961410998826]]]]}},{"type":"Feature","properties":{"level":"city","prefecture":"福島県","district":"","label":"若松市","name":"福島県 若松市","municipalityCount":1},"geometry":{"type":"MultiPolygon","coordinates":[[[[139.93115588039674,37.51284573616843],[139.94792255974443,37.4861548271488],[139.90305616778627,37.486104561783414],[139.92951026186816,37.512820603485736],[139.93115588039674,37.51284573616843]]]]}},{"type":"Feature","properties":{"level":"city","prefecture":"福島県","district":"","label":"福島市","name":"福島県 福島市","municipalityCount":1},"geometry":{"type":"MultiPolygon","coordinates":[[[[140.49041778486043,37.78553534338404],[140.46821745942788,37.74039704526798],[140.42732539146326,37.756708156335534],[140.49113192120302,37.781363318057046],[140.49041778486043,37.78553534338404]]]]}},{"type":"Feature","properties":{"level":"city","prefecture":"兵庫県","district":"","label":"神戸市","name":"兵庫県 神戸市","municipalityCount":1},"geometry":{"type":"MultiPolygon","coordinates":[[[[135.19863643688944,34.72925033185766],[135.21220502739857,34.68682636347242],[135.13970466392297,34.64241691315445],[135.12408681260467,34.68574565811663],[135.19764285589105,34.73475438936736],[135.19863643688944,34.72925033185766]]]]}},{"type":"Feature","properties":{"level":"city","prefecture":"兵庫県","district":"","label":"尼崎市","name":"兵庫県 尼崎市","municipalityCount":1},"geometry":{"type":"MultiPolygon","coordinates":[[[[135.43312155250734,34.71336647639589],[135.39247787979232,34.68798246687628],[135.42728426414186,34.71630700027093],[135.43312155250734,34.71336647639589]]]]}},{"type":"Feature","properties":{"level":"city","prefecture":"兵庫県","district":"","label":"姫路市","name":"兵庫県 姫路市","municipalityCount":1},"geometry":{"type":"MultiPolygon","coordinates":[[[[134.71243378521294,34.83772299035928],[134.67595073292864,34.82877575532069],[134.71175069827655,34.83900475717661],[134.71243378521294,34.83772299035928]]]]}},{"type":"Feature","properties":{"level":"city","prefecture":"兵庫県","district":"","label":"明石市","name":"兵庫県 明石市","municipalityCount":1},"geometry":{"type":"MultiPolygon","coordinates":[[[[135.0323979160978,34.65860236080853],[134.97539120631572,34.64347248582754],[135.03053495172585,34.65980872957778],[135.0323979160978,34.65860236080853]]]]}},{"type":"Feature","properties":{"level":"city","prefecture":"和歌山県","district":"","label":"和歌山市","name":"和歌山県 和歌山市","municipalityCount":1},"geometry":{"type":"MultiPolygon","coordinates":[[[[135.17913740979623,34.24391309637927],[135.16640715325445,34.21299989666727],[135.17215129340136,34.24356123882157],[135.17913740979623,34.24391309637927]]]]}},{"type":"Feature","properties":{"level":"county","prefecture":"愛知県","district":"愛知郡","label":"愛知郡","name":"愛知県 愛知郡","municipalityCount":20},"geometry":{"type":"MultiPolygon","coordinates":[[[[137.08445317181656,35.12534141109434],[137.00164440548275,35.02704748908326],[136.97037765343995,35.06791323114156],[136.88312882201961,35.06904420186274],[136.88840722107352,35.09377476163233],[136.84565218873695,35.0337830480449],[136.82469383955234,35.1313229895752],[136.86592745098517,35.191666560720336],[136.91274995553385,35.11667063556537],[136.94634541304163,35.18857524074913],[137.08786860649852,35.219915696066906],[137.1451547609364,35.19837698699928],[137.09566200745456,35.179376678883614],[137.08463946825378,35.127628485219375],[137.08445317181656,35.12534141109434]]]]}},{"type":"Feature","properties":{"level":"county","prefecture":"愛知県","district":"渥美郡","label":"渥美郡","name":"愛知県 渥美郡","municipalityCount":13},"geometry":{"type":"MultiPolygon","coordinates":[[[[137.47412321961912,34.74990939703105],[137.4849594623827,34.67393329725107],[137.0153682430229,34.58106803470161],[137.07063618605784,34.66134182322204],[137.1192595561661,34.63412312786586],[137.28478394061514,34.73078342550192],[137.28534282992672,34.67828125135691],[137.3070774142663,34.67850744550114],[137.30838148932668,34.7246761836076],[137.35144701572526,34.727440778703794],[137.32033551071348,34.73271864206926],[137.33024027129107,34.78102365820459],[137.42972256875396,34.73706659617509],[137.47257074930914,34.74880355899257],[137.47412321961912,34.74990939703105]]],[[[137.25224416291817,34.71236116908818],[137.24923237051684,34.710501350568926],[137.2461584793031,34.71243656713626],[137.2495118151726,34.71384399736705],[137.25224416291817,34.71236116908818]]],[[[137.1253762891874,34.65189193452959],[137.12674246306017,34.65189193452959],[137.12646301840437,34.64854928773146],[137.1253762891874,34.65189193452959]]]]}},{"type":"Feature","properties":{"level":"county","prefecture":"愛知県","district":"海部郡","label":"海部郡","name":"愛知県 海部郡","municipalityCount":19},"geometry":{"type":"MultiPolygon","coordinates":[[[[136.7331601900765,35.21971463460537],[136.73682402000802,35.193752573383826],[136.83562323053454,35.21501482294184],[136.83816928184288,35.03044040124677],[136.76538947371148,35.03488888608338],[136.67276909501865,35.134766167104104],[136.6798794090383,35.22820948135549],[136.72834753211558,35.219815165336136],[136.7331601900765,35.21971463460537]]]]}},{"type":"Feature","properties":{"level":"county","prefecture":"愛知県","district":"額田郡","label":"額田郡","name":"愛知県 額田郡","municipalityCount":16},"geometry":{"type":"MultiPolygon","coordinates":[[[[137.26848300236045,35.03076712612178],[137.3716291297549,35.014908403342694],[137.42053194451896,34.90975325895651],[137.39413994924945,34.8833388094465],[137.21212833010853,34.86763088276358],[137.19952227119157,34.82510638364756],[137.1618282920655,34.81563136227241],[137.14853914621216,34.92350083638941],[137.2138670968557,34.96034534921688],[137.14794920749435,34.97942105538063],[137.15993427828732,35.02662023347749],[137.26842090354805,35.03039013588139],[137.26848300236045,35.03076712612178]]]]}},{"type":"Feature","properties":{"level":"county","prefecture":"愛知県","district":"西加茂郡","label":"西加茂郡","name":"愛知県 西加茂郡","municipalityCount":8},"geometry":{"type":"MultiPolygon","coordinates":[[[[137.26124849071599,35.11604231849805],[137.18610892771343,35.03157137196794],[137.04467888247513,35.0681394252858],[137.0879307053109,35.10121403570937],[137.09566200745456,35.179376678883614],[137.16837971677356,35.20541413815323],[137.19045584458135,35.25379455233664],[137.3080709952647,35.29116685150066],[137.34641701192098,35.271236634125366],[137.3436536147692,35.23147673010554],[137.24227730352817,35.1601753093064],[137.28282782802458,35.13323307345985],[137.26811040948607,35.11850532140193],[137.26124849071599,35.11604231849805]]]]}},{"type":"Feature","properties":{"level":"county","prefecture":"愛知県","district":"西春日井郡","label":"西春日井郡","name":"愛知県 西春日井郡","municipalityCount":18},"geometry":{"type":"MultiPolygon","coordinates":[[[[136.9308207099419,35.25731312791362],[136.9258217555438,35.210591470787925],[136.9796303764874,35.18842444465298],[136.84577638636173,35.18063331301825],[136.84316823624098,35.2597761308175],[136.91722107002659,35.28895517542371],[136.9309449075667,35.25942427325981],[136.9308207099419,35.25731312791362]]]]}},{"type":"Feature","properties":{"level":"county","prefecture":"愛知県","district":"丹羽郡","label":"丹羽郡","name":"愛知県 丹羽郡","municipalityCount":13},"geometry":{"type":"MultiPolygon","coordinates":[[[[136.9895040876588,35.33067542869356],[136.9153581056546,35.32587508629926],[136.8743728894714,35.25839383326941],[136.83677205856392,35.25062783431737],[136.80833080248524,35.283476250596706],[136.8166520433467,35.326478270683886],[136.968669936099,35.42205786296415],[137.04986413331045,35.359603146472836],[136.9948445855251,35.33004711162624],[136.9895040876588,35.33067542869356]]]]}},{"type":"Feature","properties":{"level":"county","prefecture":"愛知県","district":"知多郡","label":"知多郡","name":"愛知県 知多郡","municipalityCount":28},"geometry":{"type":"MultiPolygon","coordinates":[[[[136.97512821258846,35.06278616387226],[137.00164440548275,35.02704748908326],[136.91455082109343,34.769915012454426],[136.97174382731274,34.694944219982155],[136.84177101296203,34.76157096180046],[136.86620689564094,34.83963307424393],[136.82373130796017,34.89713665224478],[136.82037797209063,34.966000202822734],[136.8953622880622,35.042101966016176],[136.88620271323336,35.0657266877473],[136.9729237047483,35.06615394335307],[136.97512821258846,35.06278616387226]]],[[[136.83677205856392,34.88409278992728],[136.83565427994074,34.8813030621484],[136.83456755072376,34.883539870908045],[136.83677205856392,34.88409278992728]]],[[[137.00537033422668,34.707435163280415],[137.0103692886248,34.70798808229966],[137.01229435180915,34.70660578475156],[137.00897206534583,34.7030118111265],[136.99869471189382,34.70049854285723],[136.99757693327064,34.701327921386095],[136.9981358225822,34.70467056818422],[137.00173755370136,34.70522348720346],[137.00341422163612,34.70798808229966],[137.00537033422668,34.707435163280415]]],[[[137.00537033422668,34.66993720070293],[137.0059292235383,34.66717260560674],[137.00229644301294,34.666896146097116],[137.00201699835716,34.66993720070293],[136.9981358225822,34.670490119722174],[137.00093026914018,34.6738327665203],[137.00037137982858,34.677451872828044],[137.00620866819406,34.67828125135691],[137.00537033422668,34.68245327668389],[137.00701595275527,34.68272973619351],[137.00757484206684,34.6854943312897],[137.0103692886248,34.68355911472237],[137.01008984396898,34.677451872828044],[137.00757484206684,34.6768989538088],[137.00509088957088,34.674662145049155],[137.0042525556035,34.67189754995296],[137.00537033422668,34.66993720070293]]],[[[137.00897206534583,34.659381473972005],[137.00813373137842,34.65661687887581],[137.00673650809946,34.65827563593353],[137.00897206534583,34.659381473972005]]]]}},{"type":"Feature","properties":{"level":"county","prefecture":"愛知県","district":"中島郡","label":"中島郡","name":"愛知県 中島郡","municipalityCount":14},"geometry":{"type":"MultiPolygon","coordinates":[[[[136.79814659725184,35.33152993990511],[136.83497119300435,35.2223535662881],[136.73682402000802,35.193752573383826],[136.72083357581533,35.23474397885559],[136.6798794090383,35.22820948135549],[136.74762921336543,35.33235931843397],[136.78479535258612,35.33125348039549],[136.79814659725184,35.33152993990511]]]]}},{"type":"Feature","properties":{"level":"county","prefecture":"愛知県","district":"東加茂郡","label":"東加茂郡","name":"愛知県 東加茂郡","municipalityCount":7},"geometry":{"type":"MultiPolygon","coordinates":[[[[137.42938102528578,35.10365190593056],[137.43546670890086,35.03016394173716],[137.38513562145164,34.99075589527503],[137.31837939812291,35.03556746851608],[137.2615279353718,35.016793354544646],[137.17887441606896,35.044037182583516],[137.28506338527094,35.12182283551737],[137.24227730352817,35.1601753093064],[137.2722710299168,35.19071151877801],[137.38504247323303,35.24414360218265],[137.46670241153745,35.23821228906718],[137.42863583953698,35.18988214024915],[137.4747752571493,35.150097103546635],[137.43170973075073,35.10458181519019],[137.42938102528578,35.10365190593056]]]]}},{"type":"Feature","properties":{"level":"county","prefecture":"愛知県","district":"東春日井郡","label":"東春日井郡","name":"愛知県 東春日井郡","municipalityCount":16},"geometry":{"type":"MultiPolygon","coordinates":[[[[137.09628299557855,35.2906893305295],[137.17384441226466,35.2738755658081],[137.16837971677356,35.20541413815323],[137.08786860649852,35.219915696066906],[136.9628015983273,35.19081204950878],[136.9258217555438,35.210591470787925],[136.9203570600527,35.286039784231356],[136.8833772172692,35.288276592991004],[136.9153581056546,35.32587508629926],[137.0463245010037,35.339547265684075],[137.09209132574162,35.292775343193],[137.09628299557855,35.2906893305295]]]]}},{"type":"Feature","properties":{"level":"county","prefecture":"愛知県","district":"南設楽郡","label":"南設楽郡","name":"愛知県 南設楽郡","municipalityCount":7},"geometry":{"type":"MultiPolygon","coordinates":[[[[137.5796291018847,35.05964457853567],[137.64964551286437,34.99487765523663],[137.45993364098598,34.87102379492708],[137.38513562145164,34.99075589527503],[137.42590349179144,35.008373905842596],[137.44816591603643,35.07349268669934],[137.50889855456245,35.03956356506421],[137.5746301474866,35.059368119026054],[137.5796291018847,35.05964457853567]]]]}},{"type":"Feature","properties":{"level":"county","prefecture":"愛知県","district":"幡豆郡","label":"幡豆郡","name":"愛知県 幡豆郡","municipalityCount":15},"geometry":{"type":"MultiPolygon","coordinates":[[[[137.1406525970375,34.89004923572545],[137.168131321524,34.78466789719503],[137.02785010431506,34.77717835775261],[136.97590444774346,34.8287254899553],[137.03269381168218,34.88580181235039],[137.13782710107336,34.89052675669661],[137.1406525970375,34.89004923572545]]],[[[137.14229821556606,34.77883711481033],[137.1456515514356,34.78021941235843],[137.1459309960914,34.77883711481033],[137.14229821556606,34.77883711481033]]],[[[137.14453377281242,34.77159890219484],[137.14729716996416,34.773282791935245],[137.14645883599678,34.770493064156355],[137.14453377281242,34.77159890219484]]],[[[137.1031449143486,34.766899090531304],[137.10202713572545,34.76576811981013],[137.0984254046063,34.76576811981013],[137.0984254046063,34.76855784758902],[137.10090935710227,34.76938722611788],[137.1031449143486,34.766899090531304]]],[[[137.04169813948,34.73201492695386],[137.0470386373463,34.729099535761506],[137.051199257777,34.72854661674227],[137.05452154424034,34.72605848115569],[137.04980203449804,34.72382167239604],[137.05036092380962,34.722992293867186],[137.0561982121751,34.72243937484795],[137.0528759257118,34.72022769877099],[137.05231703640018,34.71550275442477],[137.04896370053066,34.71494983540553],[137.05008147915385,34.719398320242135],[137.0467591926905,34.72078061779023],[137.0462003033789,34.72326875337681],[137.04368530147676,34.72661140017493],[137.03952468104603,34.725505562136455],[137.0370407285501,34.72243937484795],[137.03756856845547,34.71995123926137],[137.03120344018458,34.722992293867186],[137.03368739268055,34.72605848115569],[137.0317623294962,34.72605848115569],[137.0309239955288,34.728245024549956],[137.03424628199213,34.72799369772303],[137.0367612838943,34.729099535761506],[137.0359229499269,34.731612804030775],[137.03868634707865,34.73327156108849],[137.04169813948,34.73201492695386]]]]}},{"type":"Feature","properties":{"level":"county","prefecture":"愛知県","district":"八名郡","label":"八名郡","name":"愛知県 八名郡","municipalityCount":12},"geometry":{"type":"MultiPolygon","coordinates":[[[[137.56528427622058,34.85212401754219],[137.49995632557702,34.83128902358996],[137.47257074930914,34.74880355899257],[137.39069346516132,34.7789376455411],[137.42910158062998,34.809800579887714],[137.4273628138828,34.85297852875374],[137.58742250284075,34.93468488018765],[137.61601900595042,34.98819236164037],[137.7014980212174,35.00407621710215],[137.70724216136426,34.972283373495905],[137.63924396178757,34.891155073763926],[137.56606051137555,34.85167162925372],[137.56528427622058,34.85212401754219]]]]}},{"type":"Feature","properties":{"level":"county","prefecture":"愛知県","district":"碧海郡","label":"碧海郡","name":"愛知県 碧海郡","municipalityCount":16},"geometry":{"type":"MultiPolygon","coordinates":[[[[137.10239972859983,35.064470053612666],[137.17064632342613,35.03493915144877],[137.14245346259708,34.892059850340864],[137.03269381168218,34.88580181235039],[136.96118702920492,34.83103769676303],[136.99074606390676,35.0224482081505],[137.04505147534954,35.06919499795889],[137.09559990864216,35.05951891512221],[137.10239972859983,35.064470053612666]]]]}},{"type":"Feature","properties":{"level":"county","prefecture":"愛知県","district":"宝飯郡","label":"宝飯郡","name":"愛知県 宝飯郡","municipalityCount":19},"geometry":{"type":"MultiPolygon","coordinates":[[[[137.4229537982025,34.83887909376315],[137.39395365281226,34.77217695389677],[137.21594740707107,34.8225428500129],[137.168131321524,34.76911076660826],[137.16369125643746,34.814952779839714],[137.26826565651706,34.885248893331145],[137.39413994924945,34.8833388094465],[137.42053194451896,34.90975325895651],[137.45993364098598,34.87102379492708],[137.42065614214374,34.837798388407364],[137.4229537982025,34.83887909376315]]],[[[137.2356948294139,34.7892420454451],[137.2347633472279,34.78632665425275],[137.22923655292442,34.78630152157005],[137.228398218957,34.78801054399315],[137.23144106076455,34.788287003502774],[137.23423550732252,34.790498679579734],[137.2356948294139,34.7892420454451]]]]}},{"type":"Feature","properties":{"level":"county","prefecture":"愛知県","district":"北設楽郡","label":"北設楽郡","name":"愛知県 北設楽郡","municipalityCount":15},"geometry":{"type":"MultiPolygon","coordinates":[[[[137.65349563923309,35.217553223893795],[137.83811540849476,35.21247642198988],[137.8034642711762,35.182493131537505],[137.82901793247834,35.15195692206589],[137.79312481891182,35.13521855539257],[137.80098031868027,35.10571278591136],[137.7014980212174,35.00407621710215],[137.6414795190339,34.99658667765973],[137.5796291018847,35.05964457853567],[137.449345793472,35.05735750441064],[137.42938102528578,35.10365190593056],[137.4747752571493,35.150097103546635],[137.42863583953698,35.18988214024915],[137.4657709293515,35.24638041094231],[137.56578106671978,35.290161544192955],[137.54625099022036,35.254347471355885],[137.5786665702925,35.198477517730055],[137.6532782933897,35.21737729511495],[137.65349563923309,35.217553223893795]]]]}},{"type":"Feature","properties":{"level":"county","prefecture":"愛知県","district":"葉栗郡","label":"葉栗郡","name":"愛知県 葉栗郡","municipalityCount":6},"geometry":{"type":"MultiPolygon","coordinates":[[[[136.7595211359398,35.35791925673243],[136.89250574269184,35.37807566825196],[136.81373339916397,35.32200465316458],[136.74762921336543,35.33235931843397],[136.7591174936592,35.35719040893434],[136.7595211359398,35.35791925673243]]]]}},{"type":"Feature","properties":{"level":"county","prefecture":"愛媛県","district":"伊予郡","label":"伊予郡","name":"愛媛県 伊予郡","municipalityCount":15},"geometry":{"type":"MultiPolygon","coordinates":[[[[132.75399248918538,33.80421681267079],[132.8048824659462,33.78227598068007],[132.83571452630224,33.63514925619711],[132.70856720791565,33.60576915012936],[132.6393891309034,33.65477788138009],[132.554003263855,33.60574401744667],[132.53130614792326,33.6375619937356],[132.6591365532462,33.70330909165966],[132.69906608961864,33.75628878677584],[132.6896581195402,33.80507132388234],[132.7491177324121,33.80544831412273],[132.75399248918538,33.80421681267079]]]]}},{"type":"Feature","properties":{"level":"county","prefecture":"愛媛県","district":"宇摩郡","label":"宇摩郡","name":"愛媛県 宇摩郡","municipalityCount":25},"geometry":{"type":"MultiPolygon","coordinates":[[[[133.67181293643984,34.02081027211632],[133.69255393978105,33.94397966112479],[133.66075934783285,33.8818014041431],[133.55003716532576,33.882052730970024],[133.49858829925336,33.82907303585385],[133.29360011952488,33.82877144366154],[133.3539291157703,33.87956459538345],[133.39376550392416,33.99080184898126],[133.5018174374981,33.969137476500165],[133.59859843662164,34.04332915580897],[133.67171978822125,34.02086053748171],[133.67181293643984,34.02081027211632]]]]}},{"type":"Feature","properties":{"level":"county","prefecture":"愛媛県","district":"越智郡","label":"越智郡","name":"愛媛県 越智郡","municipalityCount":39},"geometry":{"type":"MultiPolygon","coordinates":[[[[133.01657731741378,34.210511761080696],[132.94159300144221,34.203273548465205],[132.9890985929273,34.22325403120588],[132.99130310076745,34.260751993783366],[132.96435221618637,34.26409464058149],[133.01101947370407,34.299632253908946],[133.0571278419102,34.25768580649486],[133.05852506518917,34.219936517090446],[133.0204584931887,34.21106468009993],[133.01657731741378,34.210511761080696]]],[[[133.27431843827503,34.30131614364936],[133.27767177414458,34.30018517292819],[133.27571566155402,34.299632253908946],[133.27431843827503,34.30131614364936]]],[[[133.20101079023823,34.25316192361018],[133.23016618265947,34.29131333593767],[133.20181807479943,34.25047272656206],[133.20101079023823,34.25316192361018]]],[[[133.19681912040133,34.253237321658254],[133.18073552799004,34.2262950858117],[133.19601183584012,34.25519767090829],[133.19681912040133,34.253237321658254]]],[[[133.26351324491765,34.23215100087909],[133.2604393537039,34.22936127310021],[133.25627873327318,34.22880835408097],[133.25100033421927,34.22908481359059],[133.2504414449077,34.23215100087909],[133.25295644680983,34.23102003015792],[133.25683762258478,34.23129648966754],[133.25988046439232,34.23380975793681],[133.26323380026184,34.23408621744643],[133.26351324491765,34.23215100087909]]],[[[133.17017872988222,34.29020749789919],[133.172942127034,34.28907652717802],[133.17405990565715,34.28575901306259],[133.171544903755,34.286588391591444],[133.17017872988222,34.29020749789919]]],[[[133.1618264396146,34.28797068913954],[133.16238532892618,34.29076041691843],[133.16545922013992,34.286864851101065],[133.16406199686094,34.284351582831796],[133.1618264396146,34.28797068913954]]],[[[133.18533084010755,34.26763834884116],[133.16545922013992,34.28186344724522],[133.18321948048597,34.27103126100467],[133.18533084010755,34.26763834884116]]],[[[133.16191958783318,34.26540154008151],[133.13267104719336,34.24102283786961],[133.15850415315126,34.27103126100467],[133.16191958783318,34.26540154008151]]],[[[133.17210379306658,34.24157575688885],[133.1518285308184,34.23298037940795],[133.1679431726359,34.245194863196595],[133.17210379306658,34.24157575688885]]],[[[133.1565480405607,34.22880835408097],[133.1562685959049,34.22435986924436],[133.15322575409735,34.223530490715504],[133.15266686478577,34.2190820058789],[133.1507107521952,34.216342543465394],[133.14794735504347,34.216895462484636],[133.14766791038767,34.221871733657785],[133.1501518628836,34.221871733657785],[133.1507107521952,34.22435986924436],[133.15294630944157,34.2249127882636],[133.15434353272053,34.22936127310021],[133.15794526383968,34.23046711113868],[133.1565480405607,34.22880835408097]]],[[[132.95103202092682,34.25268440263902],[132.95379541807856,34.251578564600536],[132.95214979955,34.24936688852358],[132.95103202092682,34.25268440263902]]],[[[132.94935535299206,34.2496433480332],[132.95270868886158,34.247406539273555],[132.95547208601334,34.247406539273555],[132.9574281986039,34.24436548466774],[132.95519264135754,34.24240513541771],[132.95075257627101,34.243259646629255],[132.94879646368045,34.24129929737923],[132.94407695393815,34.24185221639847],[132.94323861997077,34.24298318711964],[132.94770973446347,34.24408902515812],[132.95047313161524,34.247130079763934],[132.94935535299206,34.2496433480332]]],[[[132.9363146023883,34.205460091859464],[132.93796022091686,34.20410292699406],[132.9371529363557,34.20023249385939],[132.93240237720718,34.1988250636286],[132.9307567586786,34.20078541287862],[132.93491737910932,34.20216771042672],[132.9363146023883,34.205460091859464]]],[[[132.94435639859395,34.19105906467656],[132.9410341121306,34.187716417878434],[132.9360351577325,34.18716349885919],[132.93687349169988,34.18995322663808],[132.94435639859395,34.19105906467656]]],[[[133.07647162197242,34.198272144609355],[133.06408290889885,34.23519205548491],[133.13962611418202,34.221293681955856],[133.0776825488142,34.195231090003546],[133.07647162197242,34.198272144609355]]],[[[132.92240446841097,34.18940030761884],[132.91880273729183,34.193823659772754],[132.91964107125924,34.19965444215745],[132.92380169168993,34.2018912509171],[132.92908009074384,34.19410011928237],[132.93019786936702,34.18912384810922],[132.93407904514194,34.18495182278224],[132.93240237720718,34.18243855451297],[132.92768286746488,34.182991473532205],[132.9263166935921,34.184398903763],[132.92212502375517,34.18382085206106],[132.91796440332445,34.18716349885919],[132.91768495866864,34.18912384810922],[132.92212502375517,34.18743995836881],[132.92240446841097,34.18940030761884]]],[[[132.87244597383614,34.19575887634009],[132.8938079653013,34.184122444253376],[132.87076930590135,34.19379852709006],[132.87244597383614,34.19575887634009]]],[[[132.8999246983226,34.19133552418618],[132.9046442080649,34.19410011928237],[132.90824593918404,34.192164902715035],[132.90628982659348,34.1902296861477],[132.90712816056086,34.18882225591691],[132.90296754013013,34.18633412033033],[132.89796858573203,34.18550474180147],[132.89604352254767,34.18912384810922],[132.8999246983226,34.19133552418618]]],[[[133.27295226440228,34.1988250636286],[133.27295226440228,34.19354720026313],[133.27431843827503,34.18967676712846],[133.27599510620982,34.18940030761884],[133.2762745508656,34.184122444253376],[133.26795331000417,34.18243855451297],[133.265438308102,34.186057660820715],[133.2657177527578,34.19105906467656],[133.26487941879043,34.196613387551636],[133.2701578178443,34.1974427660805],[133.27211393043487,34.19995603434977],[133.27295226440228,34.1988250636286]]],[[[133.32269341313372,34.17856812137829],[133.3240595870065,34.18050333794563],[133.32738187346982,34.17912104039753],[133.3282202074372,34.17605485310902],[133.32710242881404,34.17243574680128],[133.32154458510433,34.1727122063109],[133.31573834614505,34.17022407072432],[133.31545890148925,34.17298866582052],[133.31126723165232,34.17799006967636],[133.3073860558774,34.179397499907154],[133.3076655005332,34.18243855451297],[133.30962161312377,34.18354439255145],[133.3129438995871,34.18050333794563],[133.31682507536203,34.18077979745525],[133.31961952191998,34.17884458088791],[133.32269341313372,34.17856812137829]]],[[[133.35849337848163,34.1699476112147],[133.359331712449,34.17384317703207],[133.3646101115029,34.16939469219547],[133.3660073347819,34.16715788343582],[133.36321288822393,34.162734531281906],[133.360728935728,34.16522266686848],[133.35849337848163,34.1699476112147]]],[[[133.3185017432968,34.16494620735886],[133.31710452001784,34.16632850490696],[133.32073730054316,34.16715788343582],[133.3185017432968,34.16494620735886]]],[[[133.07436026235087,34.19410011928237],[133.07519859631824,34.19633692804202],[133.0771236595026,34.1929942812439],[133.07436026235087,34.19410011928237]]],[[[133.09407663528748,34.19078260516694],[133.0932383013201,34.187716417878434],[133.08519650511445,34.181332716474486],[133.0832403925239,34.18188563549373],[133.0824020585565,34.18661057983995],[133.0868731730492,34.19133552418618],[133.088239346922,34.194678170984304],[133.09047490416836,34.19161198369579],[133.0935177459759,34.192441362224656],[133.09407663528748,34.19078260516694]]],[[[133.01937176397172,34.127724704291],[133.02964911742373,34.1929942812439],[133.11186794503973,34.17799006967636],[133.03464807182183,34.107442629358005],[133.02241460577926,34.1263424067429],[133.01937176397172,34.127724704291]]],[[[133.10879405382602,34.15911542497416],[133.10770732460904,34.15632569719527],[133.10742787995324,34.159668343993395],[133.10879405382602,34.15911542497416]]],[[[133.15825575790166,34.12465851700249],[133.16073971039762,34.12161746239667],[133.15881464721326,34.11744543706969],[133.1551818666879,34.120788083867815],[133.15462297737633,34.122999759944776],[133.15825575790166,34.12465851700249]]],[[[133.18548608713854,34.1232762194544],[133.19157177075363,34.1232762194544],[133.19048504153665,34.12189392190629],[133.18601392704392,34.119933572656265],[133.1871317056671,34.116339599031214],[133.18020768808464,34.11606313952159],[133.18297108523637,34.12161746239667],[133.18548608713854,34.1232762194544]]],[[[133.18824948429028,34.10354706354064],[133.182132751269,34.10354706354064],[133.18073552799004,34.105783872300286],[133.18325052989218,34.107442629358005],[133.17881046480568,34.10661325082914],[133.17936935411726,34.111338195175364],[133.18520664248274,34.111614654684985],[133.18492719782694,34.10827200788686],[133.18936726291346,34.10937784592534],[133.19076448619245,34.10633679131952],[133.1876905949787,34.105783872300286],[133.18824948429028,34.10354706354064]]],[[[133.1724142871286,34.107442629358005],[133.17464984437495,34.10799554837724],[133.17520873368653,34.10606033180991],[133.1724142871286,34.107442629358005]]],[[[132.99741983378874,34.15883896546454],[133.00158045421946,34.15632569719527],[133.00353656681003,34.1538375616087],[133.0088149658639,34.15411402111832],[133.0107400290483,34.153008183079834],[133.0088149658639,34.14773031971437],[133.00629996396177,34.146599348993206],[133.00269823284265,34.14855969824323],[132.99630205516556,34.14938907677209],[132.99158254542326,34.14911261726247],[132.9893469881769,34.150771374320186],[132.9896264328327,34.15439048062793],[132.99158254542326,34.15604923768565],[132.9946253872308,34.15632569719527],[132.99741983378874,34.15883896546454]]],[[[133.01129891835987,34.144387672916245],[133.00990169508088,34.14189953732967],[133.00797663189653,34.144111213406624],[133.00797663189653,34.146599348993206],[133.01129891835987,34.144387672916245]]],[[[133.00602051930596,34.12355267896401],[133.01129891835987,34.12189392190629],[133.00853552120813,34.120210032165886],[133.00602051930596,34.12355267896401]]],[[[132.9940975473254,34.12189392190629],[132.99630205516556,34.11772189657931],[132.99490483188657,34.11744543706969],[132.99518427654237,34.11272049272347],[132.99046476680007,34.11216757370423],[132.99130310076745,34.1132734117427],[132.99046476680007,34.11772189657931],[132.99270032404644,34.122999759944776],[132.9940975473254,34.12189392190629]]],[[[133.00213934353104,34.11661605854083],[133.00102156490786,34.11772189657931],[133.00518218533858,34.11744543706969],[133.00213934353104,34.11661605854083]]],[[[132.97155567842464,34.10945324397342],[133.0664116143638,33.982658859788835],[132.93277497008157,33.90253586736456],[132.8852383291903,33.993063790423605],[132.80845314765915,34.01879965750091],[132.92147298622498,34.06564697804007],[132.92547835962472,34.10967943811765],[132.89132401280537,34.11855127510817],[132.94159300144221,34.14272891585853],[132.96907172592867,34.10688971033876],[132.97155567842464,34.10945324397342]]],[[[132.98270241525023,34.129107001839095],[132.98382019387338,34.12827762331024],[132.982981859906,34.12493497651211],[132.98046685800387,34.122723300435155],[132.97602679291734,34.122999759944776],[132.9729839511098,34.12189392190629],[132.97546790360576,34.127171785271756],[132.9785417948195,34.12855408281985],[132.98270241525023,34.129107001839095]]],[[[132.97046894920766,34.11827481559855],[132.96907172592867,34.11661605854083],[132.9685128366171,34.119657113146644],[132.97046894920766,34.11827481559855]]],[[[133.10991183244917,34.06021831857845],[133.1082351645144,34.0624551273381],[133.11242683435134,34.06049477808807],[133.10991183244917,34.06021831857845]]],[[[133.0979578110624,34.05690080446302],[133.09631219253384,34.057730182991875],[133.09575330322227,34.06104769710731],[133.1032362101163,34.05855956152074],[133.1046334333953,34.05994185906883],[133.10575121201848,34.058006642501496],[133.1046334333953,34.05604629325147],[133.0979578110624,34.05690080446302]]],[[[133.09491496925486,34.0188247901836],[133.09019545951256,34.02216743698173],[133.09631219253384,34.024102653549065],[133.09770941581283,34.02551008377986],[133.10019336830877,34.02244389649135],[133.09742997115703,34.02216743698173],[133.09491496925486,34.0188247901836]]],[[[133.1035156547721,34.02133805845287],[133.10103170227615,34.02189097747211],[133.1029567654605,34.02354973452983],[133.10519232270687,34.02327327502021],[133.1035156547721,34.02133805845287]]]]}},{"type":"Feature","properties":{"level":"county","prefecture":"愛媛県","district":"温泉郡","label":"温泉郡","name":"愛媛県 温泉郡","municipalityCount":44},"geometry":{"type":"MultiPolygon","coordinates":[[[[132.70965393713263,34.07384023259789],[132.7110511604116,34.072734394559404],[132.71133060506742,34.068838828742045],[132.7054933167019,34.0696682072709],[132.7021710302386,34.06494326292467],[132.70300936420597,34.07049758579976],[132.70521387204613,34.072156342857475],[132.70828776325988,34.072156342857475],[132.70965393713263,34.07384023259789]]],[[[132.7271658022291,34.05217586011679],[132.7271658022291,34.04966259184752],[132.72465080032694,34.048833213318666],[132.7271658022291,34.05217586011679]]],[[[132.9255715078433,33.90552665660499],[132.96006739813086,33.90266153077802],[132.98040475919146,33.73980174692944],[132.87508517336306,33.727939120698494],[132.8319575481521,33.687349838149814],[132.8048824659462,33.78227598068007],[132.68329299126935,33.80831343994969],[132.7110201110054,33.90655709659539],[132.75523446543338,33.91105584679738],[132.76523237422958,33.99854271525061],[132.80845314765915,34.01879965750091],[132.8852383291903,33.993063790423605],[132.92395693872095,33.90819072097041],[132.9255715078433,33.90552665660499]],[[132.73927507064687,33.83874911869053],[132.78137806545325,33.82427269345955],[132.77541657946298,33.851390858084955],[132.74172797373663,33.84204150012327],[132.73927507064687,33.83874911869053]]],[[[132.76551181888536,33.97577250473104],[132.76687799275814,33.973284369144466],[132.76187903836004,33.972731450125224],[132.76187903836004,33.97494312620218],[132.76551181888536,33.97577250473104]]],[[[132.60129150949672,34.0377497002512],[132.6013536083091,34.03578935100116],[132.59859021115736,34.035211299299235],[132.60129150949672,34.0377497002512]]],[[[132.5955163199436,34.031340866164555],[132.59359125675925,34.02633946230871],[132.58831285770535,34.024379113058686],[132.58635674511478,34.02606300279909],[132.5907968102013,34.02965697642415],[132.5955163199436,34.031340866164555]]],[[[132.5916040947625,33.95642033905767],[132.65190204160174,34.01409984583738],[132.64162468814973,33.95634494100959],[132.5919145888245,33.95383167274032],[132.5916040947625,33.95642033905767]]],[[[132.5180170020699,33.99494874162556],[132.52081144862785,33.99356644407746],[132.5222086719068,33.99077671629857],[132.5185758913815,33.99132963531781],[132.5180170020699,33.99494874162556]]],[[[132.5492216553003,33.98992220508702],[132.54108671087607,33.960768293163504],[132.5444089973394,33.991882554337046],[132.5492216553003,33.98992220508702]]],[[[132.4974622951659,33.97856223250992],[132.5227365118122,33.98939441875047],[132.50053618637963,33.974666666692556],[132.4974622951659,33.97856223250992]]],[[[132.56331808571483,33.96659907554821],[132.56192086243587,33.96883588430786],[132.5646842595876,33.96911234381748],[132.56331808571483,33.96659907554821]]],[[[132.5399689322529,33.93465543584581],[132.51553304957395,33.93244375976885],[132.54052782156447,33.93354959780733],[132.5399689322529,33.93465543584581]]],[[[132.55580412941458,33.92799527493224],[132.55776024200514,33.928548193951485],[132.56247975174745,33.92606005836491],[132.56024419450108,33.92550713934567],[132.55580412941458,33.92799527493224]]],[[[132.58523896649163,33.91188522532624],[132.58747452373797,33.91160876581662],[132.5869156344264,33.909673549249284],[132.58523896649163,33.91188522532624]]],[[[132.51553304957395,33.85244643075804],[132.5180170020699,33.85410518781576],[132.5224570671564,33.85216997124842],[132.52497206905858,33.852722890267664],[132.5285738001777,33.85521102585424],[132.53080935742406,33.85521102585424],[132.53441108854318,33.85136572540226],[132.53248602535882,33.8447055644887],[132.52969157880088,33.84442910497908],[132.52941213414508,33.847470159584894],[132.52497206905858,33.852195103931116],[132.52301595646802,33.85136572540226],[132.51665082819713,33.85108926589264],[132.51553304957395,33.85244643075804]]],[[[132.63690517840743,33.94744797133639],[132.6333034472883,33.951067077644126],[132.63470067056727,33.951067077644126],[132.63690517840743,33.94744797133639]]],[[[132.68937867488444,33.97773285398107],[132.69465707393832,33.97604896424066],[132.69329090006556,33.97411374767332],[132.69409818462674,33.97160047940405],[132.69828985446367,33.965769697019354],[132.69161423213077,33.96604615652897],[132.68692577179468,33.96466385898087],[132.68720521645048,33.96745358675976],[132.68385188058093,33.96966526283671],[132.68329299126935,33.973007909634845],[132.68881978557283,33.971876938913674],[132.6904964535076,33.97439020718294],[132.68773305635585,33.97577250473104],[132.68937867488444,33.97773285398107]]],[[[132.66053377652517,33.974666666692556],[132.67385397178472,33.95134353715375],[132.659415997902,33.973284369144466],[132.66053377652517,33.974666666692556]]],[[[132.6802501494618,33.883661222662354],[132.65274037556912,33.89939428202798],[132.70161214092698,33.92578359885529],[132.68248570670815,33.885495908498925],[132.6802501494618,33.883661222662354]]],[[[132.637464067719,33.89522225670099],[132.64274246677292,33.893010580624036],[132.64609580264246,33.89077377186439],[132.64525746867508,33.887154665556636],[132.64081740358856,33.88632528702778],[132.6380229570306,33.891050231374],[132.637464067719,33.89522225670099]]]]}},{"type":"Feature","properties":{"level":"county","prefecture":"愛媛県","district":"喜多郡","label":"喜多郡","name":"愛媛県 喜多郡","municipalityCount":33},"geometry":{"type":"MultiPolygon","coordinates":[[[[132.49081772223923,33.73608210989092],[132.48942049896024,33.734423352833204],[132.4880232756813,33.73608210989092],[132.48190654266,33.73414689332358],[132.47914314550826,33.734423352833204],[132.47498252507754,33.73246300358318],[132.47606925429452,33.73691148841978],[132.48358321059476,33.73774086694864],[132.48386265525056,33.73859537816019],[132.49081772223923,33.73608210989092]]],[[[132.53130614792326,33.6375619937356],[132.5601510462825,33.601974115042765],[132.6393891309034,33.65477788138009],[132.66140315989875,33.61622434612952],[132.7593640364579,33.620697963648816],[132.74501921079377,33.452057662780916],[132.6853733014847,33.44999678280011],[132.67124582166397,33.41943544064581],[132.57340914272964,33.45369128715594],[132.50668396880712,33.44190405897307],[132.46184862625518,33.49005827901225],[132.482372283753,33.52014210019539],[132.42530347515847,33.55160821892663],[132.5172097175087,33.630248383072036],[132.53130614792326,33.6375619937356]]]]}},{"type":"Feature","properties":{"level":"county","prefecture":"愛媛県","district":"周桑郡","label":"周桑郡","name":"愛媛県 周桑郡","municipalityCount":17},"geometry":{"type":"MultiPolygon","coordinates":[[[[133.08442026995948,33.95652086978844],[133.12742369754565,33.941089402615134],[133.13158431797638,33.79107241962251],[133.0937661412255,33.75852559553549],[132.9931660651394,33.758977983823954],[132.95677616107372,33.88444033582583],[132.9786349430381,33.94815168645178],[133.05420919772746,33.98203054272152],[133.08420292411608,33.95657113515383],[133.08442026995948,33.95652086978844]]]]}},{"type":"Feature","properties":{"level":"county","prefecture":"愛媛県","district":"上浮穴郡","label":"上浮穴郡","name":"愛媛県 上浮穴郡","municipalityCount":15},"geometry":{"type":"MultiPolygon","coordinates":[[[[133.067374145956,33.62313583387001],[133.06324457493147,33.541881870724566],[133.0152732423534,33.48080945178134],[132.90483050450212,33.469198152377324],[132.84313533438387,33.521926520666575],[132.7537440939358,33.483146791271764],[132.76215848301584,33.60388419892741],[132.83571452630224,33.63514925619711],[132.82183544173108,33.6805137484574],[132.87508517336306,33.727939120698494],[133.1091666467004,33.772826091987625],[133.15785211562107,33.75028207561229],[133.06749834358078,33.62356308947578],[133.067374145956,33.62313583387001]]]]}},{"type":"Feature","properties":{"level":"county","prefecture":"愛媛県","district":"新居郡","label":"新居郡","name":"愛媛県 新居郡","municipalityCount":22},"geometry":{"type":"MultiPolygon","coordinates":[[[[133.3543638074571,33.99497387430824],[133.35017213762018,33.99663263136596],[133.35073102693178,34.001910494731426],[133.35349442408352,34.003292792279524],[133.3546122027067,34.00550446835648],[133.35821393382582,34.00522800884686],[133.3598906017606,34.00387084398146],[133.36293344356815,34.00387084398146],[133.3657278901261,34.00550446835648],[133.36684566874928,34.00771614443344],[133.3701679552126,34.00605738737572],[133.36849128727783,34.00135757571219],[133.3701679552126,33.998040061596754],[133.36821184262203,33.99359157676015],[133.36628677943767,33.99469741479863],[133.36377177753553,33.9913547680005],[133.3598906017606,33.99052538947164],[133.35821393382582,33.99442095528901],[133.3543638074571,33.99497387430824]]],[[[133.37035425164981,33.95028796448066],[133.3539291157703,33.87956459538345],[133.24988255559612,33.78833295720901],[133.19324843868839,33.794012943497556],[133.15785211562107,33.75028207561229],[133.11357566238073,33.76893052617026],[133.12602647426667,33.93136305441307],[133.32045785588735,33.99414449577939],[133.38873550011985,33.98595124122157],[133.37109943739858,33.955314501019195],[133.37035425164981,33.95028796448066]]]]}},{"type":"Feature","properties":{"level":"county","prefecture":"愛媛県","district":"西宇和郡","label":"西宇和郡","name":"愛媛県 西宇和郡","municipalityCount":22},"geometry":{"type":"MultiPolygon","coordinates":[[[[132.44924256733822,33.53567409809947],[132.5022439037206,33.450072180848196],[132.4502361483366,33.400560795943605],[132.43750589179484,33.3308678668368],[132.37388565849227,33.32946043660601],[132.42027347135416,33.357784970000665],[132.41915569273098,33.382766856597186],[132.38500134591163,33.36193186264495],[132.37860516823457,33.3844507463376],[132.41611285092344,33.442507243357696],[132.38400776491326,33.44238157994423],[132.4230679179121,33.4631160431657],[132.35333095158825,33.48860058341607],[132.12952683170295,33.36354035433729],[132.09475149675959,33.387491800943415],[132.01473717698372,33.342227839413894],[132.1203051580617,33.419711900155434],[132.16498525358264,33.41111652267453],[132.15666401272122,33.43999397508843],[132.261114215176,33.450273242309734],[132.25859921327387,33.47362150453124],[132.4024821616019,33.542510187791876],[132.44269114263014,33.53514631176292],[132.44924256733822,33.53567409809947]]],[[[132.34473026607102,33.457511454925225],[132.34861144184595,33.457511454925225],[132.35249261762087,33.45917021198294],[132.3516542836535,33.4541688081271],[132.34473026607102,33.452786510579],[132.34333304279204,33.45444526763672],[132.34473026607102,33.457511454925225]]],[[[132.35777101667477,33.43861167754033],[132.36332886038446,33.44027043459805],[132.36584386228662,33.439441056069185],[132.36860725943836,33.44054689410767],[132.37056337202893,33.43916459655957],[132.36528497297502,33.43750583950185],[132.36332886038446,33.43916459655957],[132.35777101667477,33.43861167754033]]],[[[132.33945186701712,33.400837255453226],[132.33945186701712,33.3988769062032],[132.33721630977075,33.39860044669358],[132.33945186701712,33.400837255453226]]],[[[132.33811674255054,33.38613463607801],[132.33721630977075,33.38917569068382],[132.3352912465864,33.39111090725116],[132.33833408839394,33.39555939208776],[132.3408180408899,33.396112311107004],[132.34609643994378,33.39555939208776],[132.34417137675942,33.393322583328114],[132.34389193210365,33.3902815287223],[132.3405696456403,33.38610950339532],[132.34221526416886,33.38055518052023],[132.33973131167292,33.38193747806833],[132.33811674255054,33.38613463607801]]],[[[132.34445082141522,33.3786199639529],[132.36528497297502,33.376383155193245],[132.34277415348046,33.37806704493366],[132.34445082141522,33.3786199639529]]],[[[132.38583967987904,33.36944653477007],[132.38639856919062,33.36778777771235],[132.38028183616933,33.36472159042384],[132.38583967987904,33.36944653477007]]],[[[132.38056128082513,33.345545353529324],[132.37888461289037,33.34278075843313],[132.376959549706,33.34499243451009],[132.38056128082513,33.345545353529324]]]]}},{"type":"Feature","properties":{"level":"county","prefecture":"愛媛県","district":"東宇和郡","label":"東宇和郡","name":"愛媛県 東宇和郡","municipalityCount":22},"geometry":{"type":"MultiPolygon","coordinates":[[[[132.82450569066424,33.43464071367489],[132.85515145458305,33.38975374238576],[132.80336104504244,33.34315774867352],[132.66236569149095,33.34896339837553],[132.50097087806643,33.29575750911512],[132.52801491086612,33.31003287288456],[132.36888670409417,33.32476062494248],[132.45222331033335,33.33891032529846],[132.44222540153714,33.38304331610681],[132.49556828138773,33.446427941857756],[132.67124582166397,33.41943544064581],[132.83947150445235,33.52185112261849],[132.89595037432906,33.4977740125989],[132.90051463704037,33.470278857733106],[132.80991246975051,33.46515179046381],[132.82450569066424,33.434665846357575],[132.82450569066424,33.43464071367489]]]]}},{"type":"Feature","properties":{"level":"county","prefecture":"愛媛県","district":"南宇和郡","label":"南宇和郡","name":"愛媛県 南宇和郡","municipalityCount":7},"geometry":{"type":"MultiPolygon","coordinates":[[[[132.61911386865518,33.05083951627493],[132.67702101121705,33.03837370565936],[132.68366558414374,32.947217465533],[132.59886965581316,32.91255949609979],[132.60107416365332,32.94726773089838],[132.5127696524222,32.95005745867727],[132.52640034174374,32.93228865201355],[132.49693445526052,32.918113818974874],[132.52584145243216,32.913665334138265],[132.4916560562066,32.89755528453226],[132.460265106539,32.937842974888625],[132.502771743626,32.95616470057159],[132.470542459991,32.96978661459103],[132.4974933445721,32.987555421254754],[132.49584772604354,32.96365424001401],[132.55384801682402,32.96033672589858],[132.51112403389362,32.976723235014205],[132.48473203862414,33.04644129680371],[132.41555396161186,33.05754994255388],[132.37832572357877,33.02281657507259],[132.41005821671456,33.060163741553914],[132.61427016128806,33.051920221630716],[132.61911386865518,33.05083951627493]]],[[[132.45194386567758,33.03005478768808],[132.45306164430073,33.03226646376504],[132.45498670748512,33.029225409159224],[132.45194386567758,33.03005478768808]]],[[[132.45306164430073,32.949228080148416],[132.45473831223552,32.95143975622537],[132.45834004335464,32.94978099916765],[132.45778115404306,32.94477959531181],[132.45334108895653,32.941713408023304],[132.45334108895653,32.94312083825409],[132.44998775308702,32.94367375727333],[132.44526824334469,32.94226632704254],[132.4441815141277,32.940054650965585],[132.43778533645064,32.94088402949444],[132.43554977920428,32.93950173194634],[132.43610866851586,32.94367375727333],[132.43862367041802,32.94284437874447],[132.4447093540331,32.94533251433105],[132.44694491127947,32.94784578260031],[132.4497083084312,32.94699127138877],[132.45306164430073,32.949228080148416]]],[[[132.40527660815985,32.94060756998482],[132.40471771884827,32.93839589390787],[132.40667383143884,32.9345003280905],[132.4025132110081,32.933947409071266],[132.40415882953667,32.94088402949444],[132.4030410509135,32.94367375727333],[132.40499716350405,32.945885433350284],[132.40527660815985,32.94060756998482]]],[[[132.43194804808516,32.93005184325389],[132.429433046183,32.93005184325389],[132.43250693739674,32.93171060031161],[132.43194804808516,32.93005184325389]]],[[[132.56027524390728,32.91090073904207],[132.55723240209974,32.91117719855169],[132.5594369099399,32.91255949609979],[132.56387697502643,32.91090073904207],[132.56027524390728,32.91090073904207]]]]}},{"type":"Feature","properties":{"level":"county","prefecture":"愛媛県","district":"北宇和郡","label":"北宇和郡","name":"愛媛県 北宇和郡","municipalityCount":34},"geometry":{"type":"MultiPolygon","coordinates":[[[[132.73930612005307,33.19221085642127],[132.68689472238847,33.134858074516565],[132.61945541212336,33.18087601652687],[132.6693207584796,33.09238384076593],[132.65767723115482,33.05704728890002],[132.5333554087324,33.03558397788047],[132.41005821671456,33.060163741553914],[132.37832572357877,33.02281657507259],[132.4033204955693,33.06921150732328],[132.48389370465677,33.05644410451539],[132.44666546662367,33.12420181705487],[132.5024922989702,33.12947968042033],[132.44026928894658,33.13807505790123],[132.43138915877356,33.16946577858439],[132.46473622103173,33.17142612783442],[132.40667383143884,33.20641082214264],[132.45834004335464,33.21085930697924],[132.48945154836645,33.16474083423817],[132.51553304957395,33.17142612783442],[132.49001043767805,33.19530217639247],[132.51137242914322,33.21364903475813],[132.56052363915688,33.221415033710166],[132.51969367000467,33.24918664808558],[132.54068306859546,33.27100181666283],[132.46805850749507,33.2552938899799],[132.48886160964867,33.29447574229779],[132.66236569149095,33.34896339837553],[132.80336104504244,33.34315774867352],[132.8530400949615,33.3882206487415],[132.8985585244498,33.3147075518654],[132.79292844455944,33.274771719066734],[132.77560287590018,33.20598356653686],[132.73924402124067,33.1924370505655],[132.73930612005307,33.19221085642127]]],[[[132.47917419491444,33.23807800233541],[132.48389370465677,33.236695704787316],[132.48473203862414,33.2350369477296],[132.48029197353762,33.23586632625846],[132.47917419491444,33.23807800233541]]],[[[132.5287911460211,33.22262140247942],[132.50829853792948,33.23114138191224],[132.5335727545758,33.224481220998676],[132.5287911460211,33.22262140247942]]],[[[132.3619316371055,33.23169430093147],[132.36416719435184,33.22892970583528],[132.36304941572865,33.22669289707563],[132.36500552831922,33.225863518546774],[132.36416719435184,33.223626709787126],[132.36084490788852,33.22503414001791],[132.36056546323272,33.22696935658525],[132.3569326827074,33.22892970583528],[132.35888879529796,33.23114138191224],[132.3619316371055,33.23169430093147]]],[[[132.37248843521328,33.20696374116187],[132.3408180408899,33.20641082214264],[132.3766801050502,33.20809471188304],[132.37248843521328,33.20696374116187]]],[[[132.37248843521328,33.182258314074964],[132.36860725943836,33.18112734335379],[132.36888670409417,33.18364061162306],[132.36584386228662,33.18585228770002],[132.36944559340574,33.187259717930814],[132.37304732452486,33.18585228770002],[132.37472399245965,33.18308769260383],[132.37248843521328,33.182258314074964]]],[[[132.47777697163548,33.21392549426775],[132.47917419491444,33.2161371703447],[132.4819375920662,33.21696654887356],[132.48361426000096,33.219479817142826],[132.48501148327995,33.216690089363944],[132.48889265905487,33.219479817142826],[132.4919355008624,33.21975627665245],[132.4877748804317,33.21696654887356],[132.4877748804317,33.215031332306225],[132.48389370465677,33.21641362985432],[132.47777697163548,33.21392549426775]]],[[[132.39471981005207,33.20668728165225],[132.41527451695606,33.188642015478905],[132.3927636974615,33.20475206508492],[132.39471981005207,33.20668728165225]]],[[[132.4025132110081,33.18057442433456],[132.39832154117119,33.18029796482494],[132.39832154117119,33.182258314074964],[132.40083654307335,33.18336415211344],[132.40667383143884,33.18308769260383],[132.40667383143884,33.18170539505573],[132.4025132110081,33.18057442433456]]],[[[132.39751425661,33.1667011834882],[132.3977626518596,33.16391145570931],[132.39555814401945,33.16197623914197],[132.3919564129003,33.16418791521893],[132.39751425661,33.1667011834882]]],[[[132.49913896310068,33.20837117139266],[132.50025674172383,33.205857903123395],[132.4974622951659,33.20696374116187],[132.49913896310068,33.20837117139266]]],[[[132.2672309481973,33.18947139400777],[132.2677898375089,33.18808909645967],[132.25999643655283,33.188918474988526],[132.2613936598318,33.190577232046245],[132.26667205888572,33.188642015478905],[132.2672309481973,33.18947139400777]]],[[[132.26499539095093,33.17001869760363],[132.29526856199536,33.17946858629608],[132.26555428026253,33.16808348103629],[132.26499539095093,33.17001869760363]]],[[[132.28915182897407,33.16197623914197],[132.314984934932,33.152249890939906],[132.28666787647813,33.16031748208425],[132.28915182897407,33.16197623914197]]],[[[132.32221944657644,33.152249890939906],[132.3258211776956,33.15531607822841],[132.33193791071687,33.15752775430536],[132.33777519908236,33.161146860613115],[132.3450097107268,33.159739430382324],[132.3450097107268,33.15863359234385],[132.34109748554567,33.15918651136308],[132.33665742045918,33.158357132834226],[132.33249680002845,33.15586899724765],[132.3297334028767,33.15252635044952],[132.32665951166297,33.153908647997625],[132.32221944657644,33.152249890939906]]],[[[132.33693686511498,33.10585495868921],[132.33305568934003,33.104472661141116],[132.33109957674947,33.10502558016035],[132.32501389313438,33.102260985064156],[132.3191766047689,33.10198452555454],[132.31749993683414,33.10309036359302],[132.31861771545732,33.10696079672769],[132.32054277864168,33.10809176744886],[132.32389611451123,33.10723725623731],[132.32833617959773,33.10919760548734],[132.33637797580337,33.1086446864681],[132.33693686511498,33.10585495868921]]],[[[132.42167069463315,33.112238660093155],[132.42083236066577,33.11364609032394],[132.42694909368706,33.11113282205467],[132.42167069463315,33.112238660093155]]],[[[132.4133184043655,33.102260985064156],[132.4080710547178,33.10530203966997],[132.41195223049274,33.110303443525815],[132.41667174023505,33.11113282205467],[132.4149950723003,33.10781530793924],[132.4183173587636,33.10585495868921],[132.4133184043655,33.102260985064156]]]]}},{"type":"Feature","properties":{"level":"county","prefecture":"茨城県","district":"稲敷郡","label":"稲敷郡","name":"茨城県 稲敷郡","municipalityCount":34},"geometry":{"type":"MultiPolygon","coordinates":[[[[140.28937287971928,36.02858489438667],[140.35336570589627,36.02762985244435],[140.37559708073505,36.00209504682858],[140.3464106389076,35.97736448705898],[140.41198698480073,35.98902605182838],[140.46917999102004,35.95901762869332],[140.45471096773113,35.941801741048835],[140.50976156492266,35.95959568039525],[140.502651250903,35.90591227016368],[140.45843689647506,35.92654620265438],[140.231403638345,35.854239474547526],[140.08901106151453,35.968191057876155],[140.09838798218675,36.022351989078885],[140.21134572194018,36.05515013999283],[140.28030645310906,36.03346063482905],[140.28937287971928,36.02858489438667]],[[140.17386908865748,35.90354979799057],[140.17079519744374,35.90503262626944],[140.17157143259874,35.902720419461716],[140.17386908865748,35.90354979799057]]]]}},{"type":"Feature","properties":{"level":"county","prefecture":"茨城県","district":"猿島郡","label":"猿島郡","name":"茨城県 猿島郡","municipalityCount":25},"geometry":{"type":"MultiPolygon","coordinates":[[[[139.85629576204997,36.147186024013436],[139.9591624447886,36.05127970685816],[139.91963655069677,36.021748804694255],[139.92364192409647,35.970452999318496],[139.7867761415695,36.10410860587818],[139.73175659378416,36.0865157279933],[139.68794588163678,36.199688198158455],[139.82161357532522,36.2396994290052],[139.85666835492435,36.15165964153273],[139.85629576204997,36.147186024013436]]]]}},{"type":"Feature","properties":{"level":"county","prefecture":"茨城県","district":"久慈郡","label":"久慈郡","name":"茨城県 久慈郡","municipalityCount":34},"geometry":{"type":"MultiPolygon","coordinates":[[[[140.40962722992958,36.83059393179286],[140.46418103662194,36.79141207947497],[140.56912802957595,36.86218571393756],[140.53748868465874,36.697265050108186],[140.60051897924353,36.65368497831907],[140.57834970321716,36.5735619858948],[140.62979856928956,36.50434657775915],[140.6171925103726,36.48147583650881],[140.46250436868718,36.507211703586115],[140.3881099914334,36.66366265334807],[140.2622046492948,36.74828439597433],[140.25239303693579,36.928686792342404],[140.29269516618263,36.93321067522709],[140.4094719828986,36.83071959520633],[140.40962722992958,36.83059393179286]]]]}},{"type":"Feature","properties":{"level":"county","prefecture":"茨城県","district":"結城郡","label":"結城郡","name":"茨城県 結城郡","municipalityCount":27},"geometry":{"type":"MultiPolygon","coordinates":[[[[139.90839666565256,36.279735792534645],[139.89709468179598,36.1936814869949],[140.01312631276318,36.1799590422447],[139.99828469659985,36.09021023234912],[140.02933410279925,36.033887890434826],[139.98487135312172,36.00139133171319],[139.81593153399075,36.216476830197166],[139.8493717444675,36.31162916687166],[139.8806695459165,36.32296400676606],[139.9064716024682,36.28529011540973],[139.90839666565256,36.279735792534645]]]]}},{"type":"Feature","properties":{"level":"county","prefecture":"茨城県","district":"行方郡","label":"行方郡","name":"茨城県 行方郡","municipalityCount":20},"geometry":{"type":"MultiPolygon","coordinates":[[[[140.52168453690325,36.095111105474196],[140.55999950415332,36.029590201694376],[140.53748868465874,36.01207272185758],[140.6285255436354,35.93913767668341],[140.59884231130877,35.90317280775018],[140.4977454447235,35.957559933097144],[140.36323941706766,36.15713856635974],[140.40698803040263,36.13710781825367],[140.4498362109578,36.18629247828325],[140.5280496651741,36.10179639907045],[140.52168453690325,36.095111105474196]]]]}},{"type":"Feature","properties":{"level":"county","prefecture":"茨城県","district":"鹿島郡","label":"鹿島郡","name":"茨城県 鹿島郡","municipalityCount":22},"geometry":{"type":"MultiPolygon","coordinates":[[[[140.57434432981745,36.17556082277348],[140.70083961067382,35.93765484840454],[140.66249359401755,35.928506551904405],[140.67444761540432,35.89683937171162],[140.69084170187762,35.88294099818257],[140.67693156790028,35.91184358327916],[140.70723578835089,35.925440364615895],[140.84990780983716,35.74144399462277],[140.63066795266315,35.859115214989906],[140.59884231130877,35.90317280775018],[140.6285255436354,35.93913767668341],[140.52640404664555,36.133463579263235],[140.41459513492148,36.21986974236067],[140.44114237722198,36.23884491779365],[140.4239720555937,36.29009045780403],[140.49631717203832,36.269707852140264],[140.54028313121668,36.308160856660066],[140.5716740808843,36.184281863667835],[140.57434432981745,36.17556082277348]]]]}},{"type":"Feature","properties":{"level":"county","prefecture":"茨城県","district":"新治郡","label":"新治郡","name":"茨城県 新治郡","municipalityCount":35},"geometry":{"type":"MultiPolygon","coordinates":[[[[140.3040902982578,36.2730253662557],[140.27210940987243,36.2276860066781],[140.35814731445097,36.15638458587896],[140.30781622700172,36.15123238592696],[140.3936367857369,36.0865157279933],[140.33445661752083,36.06012641116598],[140.21448171196633,36.084228653868266],[140.22249245876577,36.055225538040915],[140.15020944113354,36.02272897931927],[140.0744799394132,36.124013690570784],[140.14443425158046,36.13341331389785],[140.11034200357352,36.23135537835123],[140.14325437414487,36.30604971131388],[140.20252769057956,36.32200896482374],[140.30166844457426,36.27247244723646],[140.3040902982578,36.2730253662557]]]]}},{"type":"Feature","properties":{"level":"county","prefecture":"茨城県","district":"真壁郡","label":"真壁郡","name":"茨城県 真壁郡","municipalityCount":31},"geometry":{"type":"MultiPolygon","coordinates":[[[[140.00887254411384,36.374335210189905],[140.13754128340418,36.32288860871798],[140.1325112795999,36.24304207580333],[140.05504301113237,36.23670863976477],[140.04485880589897,36.20046731132192],[139.95627485001205,36.17435445400423],[139.89709468179598,36.1936814869949],[139.91302302717628,36.33497742909316],[140.00763056786587,36.37526511944953],[140.00887254411384,36.374335210189905]]]]}},{"type":"Feature","properties":{"level":"county","prefecture":"茨城県","district":"西茨城郡","label":"西茨城郡","name":"茨城県 西茨城郡","municipalityCount":14},"geometry":{"type":"MultiPolygon","coordinates":[[[[140.32172636097906,36.39265693587287],[140.34259156194506,36.361567807382016],[140.32060858235587,36.341662722689414],[140.36941824890135,36.31313712783322],[140.34293310541327,36.26583741900559],[140.03470565007174,36.359305865939675],[140.06650024201994,36.40381584698842],[140.18514002310786,36.39833692216141],[140.26689310963093,36.52970545459607],[140.3039040018206,36.48202875552805],[140.28499491344516,36.45284971092184],[140.34998132062051,36.41869439514249],[140.33082383699548,36.395899051940226],[140.32172636097906,36.39265693587287]]]]}},{"type":"Feature","properties":{"level":"county","prefecture":"茨城県","district":"多賀郡","label":"多賀郡","name":"茨城県 多賀郡","municipalityCount":20},"geometry":{"type":"MultiPolygon","coordinates":[[[[140.79808635089034,36.841727710225726],[140.62302979873812,36.50123012510526],[140.57834970321716,36.5735619858948],[140.60051897924353,36.65368497831907],[140.53748868465874,36.697265050108186],[140.56167617208808,36.73320478635872],[140.54074887230968,36.80543611641749],[140.5928187265061,36.87568196454354],[140.56788605332795,36.93718163909253],[140.79659597939278,36.847558492610425],[140.79808635089034,36.841727710225726]]]]}},{"type":"Feature","properties":{"level":"county","prefecture":"茨城県","district":"筑波郡","label":"筑波郡","name":"茨城県 筑波郡","municipalityCount":27},"geometry":{"type":"MultiPolygon","coordinates":[[[[140.12006046771393,36.13776126800368],[140.0744799394132,36.124013690570784],[140.1425091883961,36.02107022226156],[140.08202494511966,35.99807381759775],[140.13297702069286,35.931296279683295],[140.04507615174236,35.931396810414064],[139.98102122675297,36.000788147328564],[140.02933410279925,36.033887890434826],[139.99316154457694,36.203282171783506],[140.11034200357352,36.23135537835123],[140.12465577983144,36.135549591926726],[140.12006046771393,36.13776126800368]]]]}},{"type":"Feature","properties":{"level":"county","prefecture":"茨城県","district":"東茨城郡","label":"東茨城郡","name":"茨城県 東茨城郡","municipalityCount":34},"geometry":{"type":"MultiPolygon","coordinates":[[[[140.34290205600706,36.54380488958667],[140.48119611121922,36.3770998052861],[140.45188547176699,36.39456701975752],[140.4462034304325,36.36538797515131],[140.50966841670407,36.37526511944953],[140.59468169087805,36.33651052273741],[140.49631717203832,36.269707852140264],[140.4239720555937,36.29009045780403],[140.44114237722198,36.23884491779365],[140.41459513492148,36.21986974236067],[140.4498362109578,36.18629247828325],[140.40698803040263,36.13710781825367],[140.27210940987243,36.2276860066781],[140.36941824890135,36.31313712783322],[140.3155164797392,36.35053455967993],[140.34998132062051,36.41869439514249],[140.28499491344516,36.45284971092184],[140.29111164646645,36.519803177615145],[140.2469593908509,36.548027180279036],[140.33212791205585,36.546619750048244],[140.34290205600706,36.54380488958667]]]]}},{"type":"Feature","properties":{"level":"county","prefecture":"茨城県","district":"那珂郡","label":"那珂郡","name":"茨城県 那珂郡","municipalityCount":33},"geometry":{"type":"MultiPolygon","coordinates":[[[[140.35945138951135,36.66728175965581],[140.39475456436008,36.65486621440563],[140.41164544133255,36.568661112769725],[140.46250436868718,36.507211703586115],[140.6131250381605,36.48177742870112],[140.62635208520143,36.37677308041109],[140.60079842389933,36.33955157734323],[140.4620696770004,36.39248100709402],[140.36044497050972,36.53287217261534],[140.24376130201236,36.562830330385026],[140.22988221744123,36.69882327643513],[140.30902715384352,36.712545721185336],[140.35833361088817,36.66755821916543],[140.35945138951135,36.66728175965581]]]]}},{"type":"Feature","properties":{"level":"county","prefecture":"茨城県","district":"北相馬郡","label":"北相馬郡","name":"茨城県 北相馬郡","municipalityCount":24},"geometry":{"type":"MultiPolygon","coordinates":[[[[139.9808970291282,36.003150619501675],[140.0323769446068,35.93886121717379],[140.17181982784834,35.91714657932731],[140.21364337799895,35.862005473499565],[140.15073728103894,35.84338215562429],[139.93863878729078,35.940570239596894],[139.91963655069677,36.021748804694255],[139.98061758447238,36.005890081915176],[139.9808970291282,36.003150619501675]]],[[[140.17386908865748,35.90354979799057],[140.17157143259874,35.902720419461716],[140.17079519744374,35.90503262626944],[140.17386908865748,35.90354979799057]]]]}},{"type":"Feature","properties":{"level":"county","prefecture":"岡山県","district":"阿哲郡","label":"阿哲郡","name":"岡山県 阿哲郡","municipalityCount":19},"geometry":{"type":"MultiPolygon","coordinates":[[[[133.58608552592327,35.057985821477956],[133.58294953589714,34.99940153812131],[133.6219165406774,34.96175277944767],[133.56860471023302,34.92908029194719],[133.5644751392085,34.88615366990808],[133.33067311052696,34.855919052628785],[133.2969224059882,34.88989843962929],[133.32176193094773,35.00613709708295],[133.26841905109714,35.0568045853914],[133.29092987059173,35.10035952449782],[133.41183625833222,35.121144253084665],[133.3960942093891,35.180608180335554],[133.5163485595994,35.19051045731647],[133.590556640416,35.13823447731569],[133.58763799623324,35.061403866324156],[133.58608552592327,35.057985821477956]]]]}},{"type":"Feature","properties":{"level":"county","prefecture":"岡山県","district":"英田郡","label":"英田郡","name":"岡山県 英田郡","municipalityCount":18},"geometry":{"type":"MultiPolygon","coordinates":[[[[134.36002302484968,35.133383869556],[134.31633651032712,35.04320780405466],[134.2644529525679,35.01669282381388],[134.27696586326627,34.96333613845731],[134.22716261572242,34.90892388042765],[134.1243580317962,34.8905518893793],[134.10243715101942,34.92267145786055],[134.13581526268376,34.945165208870506],[134.12699723132314,34.99060509917887],[134.2903481573382,35.12121965113275],[134.2813438295404,35.19669309725887],[134.39305959304585,35.252688714298166],[134.38299958543723,35.19443115581653],[134.41234127429567,35.153640811806305],[134.36126500109765,35.13411271735409],[134.36002302484968,35.133383869556]]]]}},{"type":"Feature","properties":{"level":"county","prefecture":"岡山県","district":"吉備郡","label":"吉備郡","name":"岡山県 吉備郡","municipalityCount":31},"geometry":{"type":"MultiPolygon","coordinates":[[[[133.85900980641605,34.786527715714286],[133.8205706415412,34.72681246163647],[133.8679520354015,34.63301728982738],[133.7985255631396,34.69059626587632],[133.71708297067858,34.67684868844342],[133.73080680821872,34.62389412600994],[133.65659872740213,34.57546344646114],[133.61868740243264,34.644427527769864],[133.6256424694213,34.70220756528034],[133.58183175727396,34.71924752414598],[133.66131823714443,34.781601709906525],[133.6482153877283,34.81879808029169],[133.72220612270146,34.8205071027148],[133.7729098030251,34.78640205230083],[133.77607684245746,34.854587020446075],[133.85009862683683,34.78569833718543],[133.85900980641605,34.786527715714286]]]]}},{"type":"Feature","properties":{"level":"county","prefecture":"岡山県","district":"久米郡","label":"久米郡","name":"岡山県 久米郡","municipalityCount":23},"geometry":{"type":"MultiPolygon","coordinates":[[[[133.93265899792104,35.06421872678574],[134.0248136355209,35.062308642901094],[134.03391111153732,34.982361579255674],[134.07262972106798,34.941244510370446],[134.02509308017667,34.95082006247635],[133.99925997421877,34.89075295084084],[133.9090303998033,34.86039267014809],[133.84491337600153,34.94446149375511],[133.81131791849378,34.946271046908976],[133.7847396267871,35.019583082323535],[133.85624640926432,35.105386061036356],[133.93067183592427,35.06348987898765],[133.93265899792104,35.06421872678574]]]]}},{"type":"Feature","properties":{"level":"county","prefecture":"岡山県","district":"後月郡","label":"後月郡","name":"岡山県 後月郡","municipalityCount":13},"geometry":{"type":"MultiPolygon","coordinates":[[[[133.4805175448453,34.689741754664766],[133.5324321520107,34.607909739817394],[133.48837304461375,34.5536231452012],[133.4751459975728,34.58290272053817],[133.3969946421689,34.59489101018258],[133.40339081984598,34.67192268263565],[133.35824498323203,34.73334695913657],[133.4753943928224,34.68843485516475],[133.4805175448453,34.689741754664766]]]]}},{"type":"Feature","properties":{"level":"county","prefecture":"岡山県","district":"御津郡","label":"御津郡","name":"岡山県 御津郡","municipalityCount":30},"geometry":{"type":"MultiPolygon","coordinates":[[[[133.8348533683929,34.946220781543595],[133.89543075988797,34.89658373322555],[133.9047145323416,34.831942473339964],[133.94343314187225,34.82231665586867],[133.92672856133697,34.77750508262761],[133.96979408773555,34.76652210029091],[133.95728117703717,34.726159011886466],[133.9832695300261,34.715402223694],[133.91390515657662,34.66890676071253],[133.9711602616083,34.601903028653844],[133.94178752334366,34.59016606583636],[133.8679520354015,34.63301728982738],[133.8205706415412,34.72681246163647],[133.85900980641605,34.786527715714286],[133.8153853907059,34.79487176636826],[133.71090413884488,34.902942301946794],[133.7169277236476,34.95536907804373],[133.83249361352176,34.95114678735136],[133.8348533683929,34.946220781543595]]]]}},{"type":"Feature","properties":{"level":"county","prefecture":"岡山県","district":"児島郡","label":"児島郡","name":"岡山県 児島郡","municipalityCount":22},"geometry":{"type":"MultiPolygon","coordinates":[[[[133.93169646632887,34.563073033893644],[133.9726195836997,34.59406163165372],[134.04592723173647,34.57795158204772],[134.00090559274736,34.545379625278],[134.0031721993999,34.51129970754672],[133.95762272050538,34.52293613963343],[133.93678856894556,34.451860912978525],[133.8359400976099,34.47435466398848],[133.80790248381183,34.45907399291133],[133.82230940828836,34.4296184887955],[133.78706833225203,34.4354744038629],[133.7423261379187,34.50099530764272],[133.746424659537,34.565385240701374],[133.83305250283337,34.56847656067257],[133.84531701828212,34.6047932871635],[133.90502502640356,34.619973427509876],[133.9289951679895,34.572950178191874],[133.93169646632887,34.563073033893644]]],[[[134.02372690630392,34.50675069197935],[134.02111875618317,34.50358397396007],[134.0200320269662,34.50353370859468],[134.0191626435926,34.49923601985423],[134.019224742405,34.49863283546961],[134.01658554287803,34.495893373056106],[134.01195918135434,34.49616983256573],[134.00975467351418,34.49843177400807],[134.00761226448643,34.49805478376768],[134.00733281983062,34.4979793857196],[134.01149344026135,34.502980789575446],[134.01484677613087,34.5038101681043],[134.01761017328263,34.5065747632005],[134.02121190440175,34.50742927441205],[134.02372690630392,34.50675069197935]]],[[[133.8525825793328,34.45012675787273],[133.85481813657913,34.44824180667078],[133.85317251805057,34.44492429255534],[133.85065751614843,34.44907118519964],[133.8525825793328,34.45012675787273]]],[[[133.9197734943483,34.41843444499726],[133.91983559316068,34.41991727327613],[133.92315787962403,34.421299570824225],[133.92505189340218,34.41883656792034],[133.9197734943483,34.41843444499726]]],[[[133.77179202440192,34.41991727327613],[133.76927702249978,34.41853497572803],[133.7634397341343,34.41991727327613],[133.7617630661995,34.421299570824225],[133.7617630661995,34.42657743418969],[133.76011744767095,34.4268538936993],[133.76039689232675,34.43157883804553],[133.76260140016691,34.43130237853591],[133.7631602894785,34.428814242949336],[133.76899757784398,34.425748055660826],[133.77483486620946,34.4268538936993],[133.77651153414425,34.421299570824225],[133.77231986430732,34.421023111314604],[133.77179202440192,34.41991727327613]]],[[[133.81845928191964,34.425748055660826],[133.81845928191964,34.42464221762235],[133.8148265013943,34.42519513664159],[133.81845928191964,34.425748055660826]]],[[[133.83261781114658,34.41991727327613],[133.8309411432118,34.41742913768955],[133.82733941209267,34.42298346056464],[133.82789830140425,34.42408929860311],[133.83398398501933,34.42381283909349],[133.83677843157727,34.42547159615121],[133.83454287433094,34.421299570824225],[133.83261781114658,34.41991727327613]]]]}},{"type":"Feature","properties":{"level":"county","prefecture":"岡山県","district":"勝田郡","label":"勝田郡","name":"岡山県 勝田郡","municipalityCount":23},"geometry":{"type":"MultiPolygon","coordinates":[[[[134.18226517435806,35.050144424477836],[134.10243715101942,34.92267145786055],[134.04366062508393,34.96667878525544],[134.01872795190582,35.04838513668935],[134.07318861037956,35.07236171597817],[134.06797231013806,35.12428583842125],[134.1125903068466,35.17206306822004],[134.26783733784364,35.20853059080712],[134.2903481573382,35.12121965113275],[134.1853390655718,35.05263256006441],[134.18226517435806,35.050144424477836]]]]}},{"type":"Feature","properties":{"level":"county","prefecture":"岡山県","district":"小田郡","label":"小田郡","name":"岡山県 小田郡","municipalityCount":25},"geometry":{"type":"MultiPolygon","coordinates":[[[[133.61868740243264,34.644427527769864],[133.64936421575766,34.59624817504799],[133.57139915679096,34.587426603422855],[133.52457665224225,34.474605990815405],[133.48654112964797,34.514064302642915],[133.5273710988002,34.453796129545864],[133.47374877429382,34.4413051862476],[133.49014286076712,34.45987823875749],[133.45623690919737,34.459601779247876],[133.42456651487396,34.57631795767269],[133.4751459975728,34.58290272053817],[133.48837304461375,34.5536231452012],[133.52935826079695,34.59966621989419],[133.49265786266926,34.67968868158769],[133.57863366843543,34.720906281203696],[133.6256424694213,34.70220756528034],[133.61871845183884,34.644427527769864],[133.61868740243264,34.644427527769864]]],[[[133.50402194533825,34.44019934820912],[133.50402194533825,34.43768607993985],[133.5023452774035,34.436580241901375],[133.5018174374981,34.4399228886995],[133.50402194533825,34.44019934820912]]],[[[133.4973463230054,34.43213175706477],[133.49874354628435,34.436856701410996],[133.5004202142191,34.43381564680518],[133.49846410162854,34.430196540497434],[133.4957007044768,34.430749459516676],[133.4973463230054,34.43213175706477]]],[[[133.50346305602665,34.43102591902629],[133.50625750258462,34.43323759510325],[133.50846201042475,34.43185529755515],[133.5115359016385,34.43268467608401],[133.5115359016385,34.434921484843656],[133.51485818810184,34.43296113559363],[133.51737319000398,34.43381564680518],[133.51429929879026,34.428261323930094],[133.5115359016385,34.425748055660826],[133.50874145508055,34.425748055660826],[133.50513972396143,34.42408929860311],[133.5023452774035,34.42491867713197],[133.5006996588749,34.42353637958387],[133.49902299094015,34.42491867713197],[133.5012585481865,34.428537783439715],[133.5006996588749,34.430749459516676],[133.50346305602665,34.43102591902629]]],[[[133.5168143006924,34.42381283909349],[133.51237423560588,34.42185248984346],[133.5104181230153,34.42212894935308],[133.51401985413446,34.42408929860311],[133.5168143006924,34.42381283909349]]],[[[133.52429720758647,34.41184968213177],[133.51318152016708,34.38963239063144],[133.5268122094886,34.41574524794914],[133.52429720758647,34.41184968213177]]],[[[133.4973463230054,34.38407806775636],[133.5006996588749,34.382695770208265],[133.4959801491326,34.382419310698644],[133.49486237050942,34.384354527265984],[133.4973463230054,34.38407806775636]]],[[[133.51845991922096,34.346856564688494],[133.51569652206922,34.350475670996246],[133.5165348560366,34.35213442805396],[133.5226515890579,34.34768594321736],[133.5226515890579,34.342960998871135],[133.51873936387676,34.343539050573064],[133.51845991922096,34.346856564688494]]],[[[133.50762367645737,34.33657729746719],[133.50762367645737,34.334642080899854],[133.50458083464983,34.33685375697681],[133.50318361137087,34.33602437844795],[133.5020968821539,34.338814106226835],[133.49706687834959,34.3410006496211],[133.49930243559595,34.34464488861154],[133.4968184831,34.34519780763078],[133.49790521231697,34.350475670996246],[133.49958188025172,34.350199211486625],[133.5004202142191,34.346856564688494],[133.50402194533825,34.34492134812116],[133.5065369472404,34.34492134812116],[133.50957978904793,34.342684539361514],[133.50762367645737,34.33657729746719]]],[[[133.54891938670258,34.386063549689084],[133.558482603812,34.36686218011187],[133.51597596672502,34.384354527265984],[133.55124809216755,34.391592739881474],[133.54891938670258,34.386063549689084]]],[[[133.58263904183514,34.380760553640926],[133.58875577485642,34.380760553640926],[133.58540243898688,34.376588528313945],[133.58208015252356,34.37852374488128],[133.58263904183514,34.380760553640926]]],[[[133.58596132829848,34.37575914978508],[133.58679966226586,34.37269296249657],[133.58347737580252,34.37214004347734],[133.58347737580252,34.373798800535056],[133.58596132829848,34.37575914978508]]],[[[133.5843157097699,34.36186077625603],[133.58679966226586,34.36351953331375],[133.5895941088238,34.36296661429451],[133.59096028269659,34.35879458896752],[133.5843157097699,34.357965210438664],[133.58124181855618,34.35324026609244],[133.58068292924457,34.35075213050587],[133.57624286415808,34.349922751977005],[133.5734794670063,34.34768594321736],[133.56736273398502,34.35075213050587],[133.56624495536187,34.35241088756358],[133.56931884657558,34.35409477730399],[133.568759957264,34.35575353436171],[133.57096446510417,34.356582912890566],[133.57320002235053,34.359372640669456],[133.5748766902853,34.356029993871324],[133.57736064278123,34.35492415583285],[133.58096237390038,34.3571358319098],[133.58096237390038,34.36158431674641],[133.5843157097699,34.36186077625603]]],[[[133.53681011828482,34.30018517292819],[133.53401567172688,34.29824995636085],[133.52873727267297,34.30018517292819],[133.52625332017703,34.302421981687836],[133.52597387552123,34.30601595531289],[133.5270916541444,34.307976304562914],[133.5326494978541,34.30687046652444],[133.53708956294062,34.30742338554368],[133.5376484522522,34.30935860211102],[133.54013240474816,34.308252764072535],[133.53653067362902,34.30352781972631],[133.53681011828482,34.30018517292819]]]]}},{"type":"Feature","properties":{"level":"county","prefecture":"岡山県","district":"上道郡","label":"上道郡","name":"岡山県 上道郡","municipalityCount":24},"geometry":{"type":"MultiPolygon","coordinates":[[[[134.0398415481214,34.72482697970375],[134.09768659187088,34.71964964706906],[134.03080617091737,34.64432699703909],[134.03738864503165,34.60848779151932],[133.9711602616083,34.601903028653844],[133.93231745445286,34.67890956842422],[134.03710920037585,34.730481833309604],[134.0398415481214,34.72482697970375]]],[[[133.98392156755628,34.60690443250969],[133.9870575575824,34.6082113320097],[133.98789589154978,34.60682903446161],[133.98566033430345,34.60434089887503],[133.98392156755628,34.60690443250969]]],[[[133.98901367017297,34.605698063740434],[133.99065928870155,34.602380549625],[133.98926206542257,34.600998252076906],[133.98789589154978,34.60434089887503],[133.98901367017297,34.605698063740434]]]]}},{"type":"Feature","properties":{"level":"county","prefecture":"岡山県","district":"上房郡","label":"上房郡","name":"岡山県 上房郡","municipalityCount":16},"geometry":{"type":"MultiPolygon","coordinates":[[[[133.70568783860338,34.959892960928414],[133.7729098030251,34.78640205230083],[133.65414582431237,34.8205071027148],[133.66131823714443,34.781601709906525],[133.6057398000475,34.75737380379078],[133.61828376015205,34.823045503666755],[133.55059605463737,34.881127133369546],[133.6219165406774,34.96175277944767],[133.58294953589714,34.99940153812131],[133.62955469460243,35.03011367637177],[133.70593623385298,34.96512055892849],[133.70568783860338,34.959892960928414]]]]}},{"type":"Feature","properties":{"level":"county","prefecture":"岡山県","district":"真庭郡","label":"真庭郡","name":"岡山県 真庭郡","municipalityCount":17},"geometry":{"type":"MultiPolygon","coordinates":[[[[133.7569504082386,35.3082068103663],[133.8205085427288,35.24728518751924],[133.81591323061127,35.21818154096111],[133.7784055479224,35.222278168240024],[133.76604788425504,35.15957212492178],[133.84559646293792,35.10151562790168],[133.7847396267871,35.019583082323535],[133.80858557074822,34.95142324686098],[133.74965379778175,34.94531600496666],[133.62955469460243,35.03011367637177],[133.58754484801466,35.02468501691015],[133.59117762853998,35.136852179767594],[133.537462155815,35.152409310354365],[133.50554336624202,35.2281843486728],[133.56053186462117,35.24658147240385],[133.59651812640627,35.344950792463],[133.75434225811784,35.310544149856725],[133.7569504082386,35.3082068103663]]]]}},{"type":"Feature","properties":{"level":"county","prefecture":"岡山県","district":"赤磐郡","label":"赤磐郡","name":"岡山県 赤磐郡","municipalityCount":24},"geometry":{"type":"MultiPolygon","coordinates":[[[[134.07262972106798,34.941244510370446],[134.14245983561042,34.794947164416335],[134.0921908469736,34.77036740074289],[134.09768659187088,34.71964964706906],[134.03155135666617,34.740032252732824],[133.97532088203903,34.71399479346321],[133.9090303998033,34.86039267014809],[133.99925997421877,34.89075295084084],[134.02509308017667,34.95082006247635],[134.07160509066338,34.93923389575503],[134.07262972106798,34.941244510370446]]]]}},{"type":"Feature","properties":{"level":"county","prefecture":"岡山県","district":"川上郡","label":"川上郡","name":"岡山県 川上郡","municipalityCount":15},"geometry":{"type":"MultiPolygon","coordinates":[[[[133.51476503988323,34.866223452532786],[133.54643543420664,34.8826602270138],[133.59776010265426,34.84644403125364],[133.62216493592697,34.75088957165606],[133.52507344274144,34.67513966602032],[133.44648739565073,34.68617291372241],[133.3704784492746,34.74199260198286],[133.37808555379345,34.80836801697423],[133.32887224496739,34.85305392680182],[133.42400762556238,34.885902343081156],[133.51333676719807,34.86843512860974],[133.51476503988323,34.866223452532786]]]]}},{"type":"Feature","properties":{"level":"county","prefecture":"岡山県","district":"浅口郡","label":"浅口郡","name":"岡山県 浅口郡","municipalityCount":13},"geometry":{"type":"MultiPolygon","coordinates":[[[[133.74291607663648,34.56882841823027],[133.71872858920713,34.496270363296496],[133.74316447188608,34.47043396548842],[133.70373172601282,34.47767217810391],[133.70345228135704,34.54073007897985],[133.59375472925453,34.46905166794032],[133.52597387552123,34.478778016142385],[133.57139915679096,34.587426603422855],[133.66032465614606,34.57450840451882],[133.73080680821872,34.62389412600994],[133.73751347995778,34.568602224086035],[133.74291607663648,34.56882841823027]]],[[[133.71317074549745,34.46186372069022],[133.7112146329069,34.46048142314211],[133.70705401247616,34.463497345065235],[133.71065574359528,34.463773804574856],[133.7114940775627,34.46573415382488],[133.7145679687764,34.46460318310372],[133.716213587305,34.461310801670976],[133.71317074549745,34.46186372069022]]],[[[133.69180875403225,34.461310801670976],[133.6892937521301,34.4615872611806],[133.69069097540907,34.4643267235941],[133.69180875403225,34.461310801670976]]]]}},{"type":"Feature","properties":{"level":"county","prefecture":"岡山県","district":"都窪郡","label":"都窪郡","name":"岡山県 都窪郡","municipalityCount":19},"geometry":{"type":"MultiPolygon","coordinates":[[[[133.8160684776423,34.6834334513089],[133.8930710050168,34.61891785483679],[133.83966602635383,34.60059612915382],[133.83305250283337,34.56847656067257],[133.72453482816644,34.57480999671113],[133.71708297067858,34.67684868844342],[133.81327403108435,34.68348371667429],[133.8160684776423,34.6834334513089]]]]}},{"type":"Feature","properties":{"level":"county","prefecture":"岡山県","district":"苫田郡","label":"苫田郡","name":"岡山県 苫田郡","municipalityCount":31},"geometry":{"type":"MultiPolygon","coordinates":[[[[134.07020786738443,35.29727409339499],[134.13429384178,35.283199791087085],[134.16419441995004,35.22798328721126],[134.1545070052158,35.18234233544135],[134.0762314521871,35.14476897481579],[134.0669787291397,35.066983321881935],[133.94315369721645,35.05205450836248],[133.76604788425504,35.15957212492178],[133.7784055479224,35.222278168240024],[133.81591323061127,35.21818154096111],[133.81814878785764,35.252638448932785],[133.93408727060623,35.33512391353017],[134.0148157267247,35.350379451924624],[133.99941522124976,35.31479157323179],[134.0658919999227,35.2999632904431],[134.07020786738443,35.29727409339499]]]]}},{"type":"Feature","properties":{"level":"county","prefecture":"岡山県","district":"邑久郡","label":"邑久郡","name":"岡山県 邑久郡","municipalityCount":20},"geometry":{"type":"MultiPolygon","coordinates":[[[[134.1649396056988,34.71409532419398],[134.2447986784437,34.70238349405919],[134.1703732517837,34.65267104769306],[134.1703732517837,34.61376565488479],[134.05424847259792,34.58654695952861],[134.03080617091737,34.64432699703909],[134.08473898948574,34.708189143761196],[134.16453596341822,34.71532682564592],[134.1649396056988,34.71409532419398]]],[[[134.21946236298496,34.67345577627991],[134.27286734164795,34.68323238984736],[134.2225983530111,34.668504637789454],[134.21946236298496,34.67345577627991]]],[[[134.2239645268839,34.681548500106956],[134.22620008413023,34.681272040597335],[134.22480286085127,34.67961328353962],[134.2239645268839,34.681548500106956]]],[[[134.21508439671084,34.664332612462466],[134.2123209995591,34.66350323393361],[134.21312828412027,34.666845880731735],[134.21508439671084,34.66712234024135],[134.21508439671084,34.664332612462466]]],[[[134.19452968980684,34.615726004134814],[134.16397707410664,34.60489381789427],[134.1912074033435,34.61434370658672],[134.19452968980684,34.615726004134814]]],[[[134.2078498850664,34.61072460027897],[134.20313037532406,34.60765841299047],[134.20092586748393,34.60738195348085],[134.2028509306683,34.609618762240494],[134.20924710834535,34.61293627635593],[134.2078498850664,34.61072460027897]]],[[[134.20008753351652,34.600998252076906],[134.20064642282813,34.597655605278774],[134.1914868479993,34.596273307730684],[134.18953073540874,34.597655605278774],[134.18981018006454,34.60182763060576],[134.19257357721628,34.60016887354804],[134.20008753351652,34.600998252076906]]],[[[134.1609031828929,34.59823365698071],[134.15730145177375,34.59710268625954],[134.1603753429875,34.600445333057664],[134.16313874013923,34.59933949501919],[134.1609031828929,34.59823365698071]]],[[[134.0959167757175,34.56767231482641],[134.09815233296388,34.56488258704752],[134.09451955243856,34.56488258704752],[134.0959167757175,34.56767231482641]]],[[[134.10535579520214,34.56629001727831],[134.10675301848113,34.56405320851866],[134.10619412916952,34.56071056172053],[134.10063628545984,34.5601576427013],[134.09868017286928,34.56128861342246],[134.09675510968492,34.559328264172436],[134.09507844175013,34.562117991951325],[134.09647566502912,34.56405320851866],[134.09895961752505,34.56350028949942],[134.09979795149246,34.566566476787926],[134.1039585719232,34.56515904655714],[134.10535579520214,34.56629001727831]]],[[[134.11035474960025,34.56156507293208],[134.10951641563287,34.5601576427013],[134.1078707971043,34.563776749009044],[134.11035474960025,34.56156507293208]]]]}},{"type":"Feature","properties":{"level":"county","prefecture":"岡山県","district":"和気郡","label":"和気郡","name":"岡山県 和気郡","municipalityCount":18},"geometry":{"type":"MultiPolygon","coordinates":[[[[134.2638319644439,34.826689742657194],[134.36138919872246,34.74038411029052],[134.2434325045709,34.71517602954977],[134.185370114978,34.742394724905935],[134.21418396393108,34.71577921393438],[134.1075292536361,34.7126627612805],[134.0921908469736,34.77036740074289],[134.14326712017163,34.798013351704846],[134.0968793073097,34.84543872394594],[134.09858702465067,34.92340030565864],[134.1659331866972,34.88105173532147],[134.25035652215337,34.94923670346672],[134.29500556826812,34.90746618483148],[134.26283838344554,34.88431898407151],[134.26172060482236,34.8311382274938],[134.2638319644439,34.826689742657194]]],[[[134.2128488394645,34.72573175628069],[134.21896557248579,34.72238910948256],[134.21896557248579,34.721006811934465],[134.21536384136664,34.72017743340561],[134.2120415549033,34.72183619046332],[134.21064433162434,34.719599381703674],[134.20896766368958,34.71990097389599],[134.21148266559172,34.72573175628069],[134.2128488394645,34.72573175628069]]],[[[134.2853181535339,34.71766416513634],[134.34645443434053,34.70766135742465],[134.28003975448001,34.72211264997294],[134.2853181535339,34.71766416513634]]],[[[134.24923874353019,34.71128046373239],[134.25175374543235,34.7126627612805],[134.2581499231094,34.713492139809354],[134.26591227465929,34.713492139809354],[134.26895511646683,34.70962170667468],[134.26619171931506,34.70821427644389],[134.26231054354014,34.709043654972746],[134.25842936776522,34.70793781693427],[134.2545171425841,34.70934524716506],[134.2534304133671,34.70849073595351],[134.24731368034583,34.70962170667468],[134.24923874353019,34.71128046373239]]],[[[134.25007707749756,34.705726140857315],[134.25870881242102,34.70710843840541],[134.26370776681912,34.70600260036693],[134.26175165422856,34.702936413078426],[134.26786838724985,34.70127765602071],[134.2709112290574,34.69878952043413],[134.27119067371316,34.69572333314562],[134.26786838724985,34.69489395461677],[134.26786838724985,34.696829171184106],[134.26314887750752,34.69848792824182],[134.26063387560538,34.69572333314562],[134.26203109888434,34.69434103559753],[134.25870881242102,34.69378811657829],[134.259795541638,34.69155130781864],[134.25731158914203,34.68989255076092],[134.25035652215337,34.6923806863475],[134.25507603189567,34.69406457608791],[134.24923874353019,34.69544687363601],[134.2497976328418,34.69848792824182],[134.25287152405554,34.70183057503995],[134.25007707749756,34.705726140857315]]],[[[134.28829889652906,34.70348933209766],[134.2905965525878,34.702936413078426],[134.29006871268243,34.69989535847261],[134.29171433121098,34.696276252164864],[134.28923037871502,34.69765854971296],[134.28811260009186,34.69599979265524],[134.28367253500534,34.69848792824182],[134.2792324699188,34.70321287258805],[134.28199586707058,34.70376579160728],[134.28829889652906,34.70348933209766]]],[[[134.31950354975945,34.69793500922258],[134.32394361484597,34.69765854971296],[134.32366417019017,34.69517041412639],[134.32118021769423,34.69265714585712],[134.31950354975945,34.69793500922258]]],[[[134.2905965525878,34.68682636347242],[134.29255266517836,34.684061768376225],[134.29783106423227,34.68350884935698],[134.30006662147863,34.684061768376225],[134.3008739060398,34.6865499039628],[134.30227112931877,34.68210141912619],[134.29450877776893,34.67988974304924],[134.29367044380155,34.68237787863581],[134.28950982337082,34.68433822788584],[134.2905965525878,34.68682636347242]]]]}},{"type":"Feature","properties":{"level":"county","prefecture":"沖縄県","district":"宮古郡","label":"宮古郡","name":"沖縄県 宮古郡","municipalityCount":5},"geometry":{"type":"MultiPolygon","coordinates":[[[[125.2395083490237,24.93833626795196],[125.25590243549698,24.92443789442291],[125.2389494597121,24.9388891869712],[125.2395083490237,24.93833626795196]]],[[[125.31061148922034,24.915842516942007],[125.30865537662977,24.91332924867274],[125.30673031344541,24.91305278916312],[125.30477420085485,24.915842516942007],[125.30673031344541,24.919712950076683],[125.31061148922034,24.915842516942007]]],[[[125.3537391144313,24.721491481679493],[125.26170867445627,24.735289324477776],[125.26090138989508,24.768338802218654],[125.28505782791822,24.753058131141504],[125.25590243549698,24.79445165953635],[125.2964529599934,24.846677374171747],[125.25698916471396,24.909710142364993],[125.33448848258767,24.799453063392196],[125.4691808066807,24.719204407554457],[125.35727874673805,24.724205811410304],[125.3537391144313,24.721491481679493]]],[[[125.15145223304218,24.831949622113832],[125.17868256227906,24.861656453056586],[125.22143759461564,24.813602763748175],[125.16145014183839,24.80221765848839],[125.14589438933248,24.83333191966193],[125.15145223304218,24.831949622113832]]],[[[124.69421867734972,24.761025191555085],[124.7008942996826,24.754088571131902],[124.70365769683434,24.754088571131902],[124.70421658614593,24.750469464824157],[124.70645214339228,24.74685035851641],[124.7056138094249,24.744638682439454],[124.69449812200551,24.748810707766438],[124.68254410061874,24.75630024720886],[124.68198521130715,24.757406085247336],[124.68810194432844,24.760748732045464],[124.69421867734972,24.761025191555085]]],[[[124.71253782700737,24.673538323101855],[124.7161706075327,24.64189627559177],[124.67534063838049,24.643278573139867],[124.70337825217855,24.675749999178812],[124.71253782700737,24.673538323101855]]],[[[125.25171076566006,24.713348492487064],[125.24118501695847,24.73139375866041],[125.25646132480857,24.715308841737095],[125.25171076566006,24.713348492487064]]]]}},{"type":"Feature","properties":{"level":"county","prefecture":"沖縄県","district":"国頭郡","label":"国頭郡","name":"沖縄県 国頭郡","municipalityCount":10},"geometry":{"type":"MultiPolygon","coordinates":[[[[128.1304254120318,26.55504634752416],[128.09307297637392,26.534161088206538],[128.04140676445812,26.55916810748576],[128.05280189653328,26.521393685398657],[127.99446006228462,26.507495311869604],[127.94922107745208,26.43833016909934],[127.87060398095518,26.457506405993858],[127.74202838988344,26.420561362435613],[127.98030153305768,26.565828268399322],[127.9794631990903,26.589176530620822],[127.89448097432252,26.606392418265308],[127.8794841111282,26.709411284622618],[128.00417852642502,26.688576290670383],[127.98225764564825,26.652485758323692],[128.00613463901558,26.63026846682336],[128.1264200386321,26.657788754371847],[128.10586533172807,26.688576290670383],[128.23111863633648,26.796923285758538],[128.26331687056526,26.874130886990457],[128.30638239696384,26.84301662581692],[128.32693710386786,26.74914605595975],[128.23835314798094,26.63195235656377],[128.14809252415927,26.629162628784883],[128.13418239018193,26.555549001178015],[128.1304254120318,26.55504634752416]]],[[[127.80661115477821,26.705666514901406],[127.75227469392924,26.73303600635374],[127.80866041558737,26.73886678873844],[127.82837678852398,26.709687744132236],[127.80661115477821,26.705666514901406]]],[[[128.0164119924676,26.71441268847846],[128.02355335589345,26.69536211499741],[128.0102331606339,26.712301543132277],[128.0164119924676,26.71441268847846]]],[[[127.86228274009373,26.62941395561181],[127.86032662750317,26.628861036592568],[127.85812211966302,26.631349172179142],[127.85948829353579,26.638034465775398],[127.85756323035143,26.640246141852355],[127.85476878379347,26.646906302765913],[127.85672489638404,26.650525409073662],[127.86228274009373,26.653038677342927],[127.86635021230586,26.65396858660256],[127.87001404223739,26.65276221783331],[127.87392626741851,26.649143111525564],[127.87057293154898,26.640522601361972],[127.8644872479339,26.63552119750613],[127.86228274009373,26.62941395561181]]],[[[127.81421825929706,26.65080186858328],[127.8172921505108,26.649972490054424],[127.82117332628573,26.646353383746675],[127.82117332628573,26.64469462668896],[127.8175405457604,26.6438652481601],[127.81393881464126,26.644971086198577],[127.81533603792023,26.647760813977467],[127.81310048067388,26.648590192506326],[127.80949874955475,26.646353383746675],[127.81061652817793,26.648866652015943],[127.81421825929706,26.65080186858328]]],[[[128.02057261289832,26.679427994170247],[128.0316883003177,26.643613921333174],[127.99337333306764,26.65997529776611],[128.0161325478118,26.678020563939455],[128.02057261289832,26.679427994170247]]]]}},{"type":"Feature","properties":{"level":"county","prefecture":"沖縄県","district":"中頭郡","label":"中頭郡","name":"沖縄県 中頭郡","municipalityCount":11},"geometry":{"type":"MultiPolygon","coordinates":[[[[127.91894790640765,26.311410121501293],[127.8536820545765,26.34166987146328],[127.77118378230467,26.213920445336377],[127.68489748247653,26.24262196897142],[127.7597886502295,26.306936503981994],[127.712841948056,26.44167281589747],[127.786025398468,26.41586155077208],[127.8381263020706,26.44870996705142],[127.82673116999541,26.422220119493332],[127.91755068312868,26.316411525357136],[127.91894790640765,26.311410121501293]]],[[[127.99973846133851,26.400555747012238],[128.00393013117542,26.39944990897376],[128.00141512927328,26.39138231782941],[127.99865173212153,26.386657373483185],[127.99809284280994,26.38193242913696],[127.99446006228462,26.383616318877372],[127.99281444375605,26.38306339985813],[127.99113777582127,26.386933832992803],[127.99001999719809,26.38499861642547],[127.98837437866953,26.386104454463947],[127.99113777582127,26.388617722733215],[127.98862277391912,26.39306620756982],[127.99374592594202,26.395680006569858],[127.99557784090779,26.398344070935284],[127.9950189515962,26.39972636848338],[127.99973846133851,26.400555747012238]]],[[[127.99060993591588,26.379444293550385],[127.91615345984971,26.331390604241975],[127.98784653876413,26.38499861642547],[127.99060993591588,26.379444293550385]]],[[[127.95782176296932,26.327520171107302],[127.96201343280623,26.324755576011107],[127.96561516392536,26.32364973797263],[127.96729183186012,26.321412929212983],[127.96617405323695,26.318924793626405],[127.96033676487146,26.31613506584752],[127.96089565418305,26.31196304052053],[127.95977787555988,26.30892198591472],[127.95561725512916,26.310580742972434],[127.95254336391541,26.3144763087898],[127.95170502994803,26.320307091174502],[127.95033885607525,26.32196584823222],[127.95145663469843,26.32364973797263],[127.95089774538684,26.326414333068826],[127.95782176296932,26.327520171107302]]],[[[127.99312493781804,26.303644122549255],[127.99588833496978,26.300301475751127],[127.99256604850645,26.29836625918379],[127.9898026513547,26.29864271869341],[127.98809493401373,26.301683773299224],[127.99312493781804,26.303644122549255]]],[[[127.94645768030033,26.25976245856783],[127.9480101506103,26.25704812883702],[127.94617823564454,26.253906543500435],[127.94673712495613,26.248075761115732],[127.94282489977499,26.246140544548396],[127.9425454551192,26.241415600202174],[127.93810539003269,26.24252143824065],[127.93618032684833,26.246417004058017],[127.93394476960196,26.246417004058017],[127.93394476960196,26.24890513964459],[127.9375465007211,26.25114194840424],[127.93838483468848,26.253906543500435],[127.9375465007211,26.262527053664027],[127.94478101236555,26.262250594154406],[127.94645768030033,26.25976245856783]]]]}},{"type":"Feature","properties":{"level":"county","prefecture":"沖縄県","district":"島尻郡","label":"島尻郡","name":"沖縄県 島尻郡","municipalityCount":26},"geometry":{"type":"MultiPolygon","coordinates":[[[[128.02193878677107,27.093011420561034],[127.93307538622838,26.9966024497519],[128.01973427893094,27.09439371810913],[128.02193878677107,27.093011420561034]]],[[[127.92475414536695,26.999668637040408],[127.92751754251869,26.99828633949231],[127.92503359002274,26.995496611713424],[127.92475414536695,26.993284935636467],[127.92059352493622,26.989112910309483],[127.91419734725915,26.99217909759799],[127.91252067932437,26.995220152203803],[127.92279803277638,27.000498015569267],[127.92475414536695,26.999668637040408]]],[[[127.9480722494227,26.978557183578555],[127.9475133601111,26.977174886030458],[127.95086669598065,26.97689842652084],[127.95946738149787,26.97466161776119],[127.95474787175557,26.97327932021309],[127.94891058339009,26.97327932021309],[127.94530885227095,26.97606904799198],[127.94167607174562,26.977174886030458],[127.94726496486152,26.977174886030458],[127.9480722494227,26.978557183578555]]],[[[127.94530885227095,26.951614947732],[127.93891267459387,26.910523011529463],[127.911682345357,26.937163655183706],[127.9419555164014,26.95216786675124],[127.94530885227095,26.951614947732]]],[[[127.92559247933433,26.902204093558186],[127.9272380978629,26.89579525947155],[127.93363427553997,26.894412961923454],[127.92975309976505,26.89137190731764],[127.92115241424781,26.894136502413836],[127.9216802541532,26.8980320682312],[127.92003463562463,26.901374715029327],[127.92559247933433,26.902204093558186]]],[[[127.2423813453226,26.596113151044],[127.20813385028465,26.576911781466794],[127.24008368926384,26.599681991986365],[127.2423813453226,26.596113151044]]],[[[126.75652023711429,26.38718515981973],[126.82069935972845,26.352753384530757],[126.81014256162067,26.29082645437599],[126.7090146456292,26.360795842992417],[126.75375683996253,26.386355781290874],[126.75652023711429,26.38718515981973]]],[[[126.84237184525564,26.338025632472846],[126.83681400154595,26.336366875415127],[126.83681400154595,26.34192119829021],[126.83793178016913,26.343856414857548],[126.84041573266508,26.34302703632869],[126.84265128991143,26.3402373085498],[126.84237184525564,26.338025632472846]]],[[[127.10399414189185,26.38333985936775],[127.09955407680532,26.38193242913696],[127.1006718554285,26.383616318877372],[127.10011296611691,26.387788344204356],[127.10483247585923,26.386933832992803],[127.10399414189185,26.38333985936775]]],[[[127.14622133432303,26.38193242913696],[127.14705966829041,26.349435870415324],[127.14398577707668,26.376931025281117],[127.14622133432303,26.38193242913696]]],[[[127.55362059306545,26.265668639000612],[127.55362059306545,26.263733422433276],[127.544988858142,26.26539217949099],[127.54278435030184,26.263733422433276],[127.54054879305549,26.26594509851023],[127.54778330469995,26.26677447703909],[127.55362059306545,26.265668639000612]]],[[[127.57917425436756,26.26039077563515],[127.57777703108857,26.25873201857743],[127.57473418928103,26.258455559067812],[127.57473418928103,26.261773073183246],[127.57833592040016,26.264839260471753],[127.57917425436756,26.26039077563515]]],[[[127.58389376410986,26.261773073183246],[127.57973314367914,26.260667235144766],[127.57917425436756,26.262325992202484],[127.58417320876566,26.263456962923655],[127.58389376410986,26.261773073183246]]],[[[127.40278257774872,26.2567716693274],[127.40498708558889,26.254836452760067],[127.40694319817945,26.248176291846505],[127.40334146706032,26.249282129884982],[127.40082646515816,26.255942290798544],[127.40278257774872,26.2567716693274]]],[[[127.45721218681628,26.2423455094618],[127.45860941009526,26.239002862663675],[127.45528712363192,26.237620565115577],[127.45472823432033,26.239832241192534],[127.45721218681628,26.2423455094618]]],[[[127.37120533164394,26.22666271546157],[127.36701366180701,26.223898120365373],[127.36813144043019,26.227768553500045],[127.36645477249542,26.23362446856744],[127.36813144043019,26.236665523173254],[127.36980810836495,26.236112604154016],[127.37008755302075,26.23304641686551],[127.37285095017249,26.230005362259696],[127.37120533164394,26.22666271546157]]],[[[127.45056761388962,26.23427791831745],[127.45193378776239,26.234001458807832],[127.45249267707398,26.229276514461606],[127.4516543431066,26.22706483838465],[127.44917039061063,26.229829433480845],[127.44833205664325,26.232619161259734],[127.45056761388962,26.23427791831745]]],[[[127.3680382922116,26.200248265951558],[127.34540327509222,26.14669051913345],[127.35285513258007,26.225556877423088],[127.37368928413989,26.20195728837466],[127.3680382922116,26.200248265951558]]],[[[127.45584601294351,26.21982662576916],[127.43945192647023,26.199821010345783],[127.4516543431066,26.22593386766348],[127.45584601294351,26.21982662576916]]],[[[127.38008546181696,26.19916756059577],[127.37896768319378,26.196955884518815],[127.37620428604204,26.197232344028436],[127.37508650741886,26.19999693912463],[127.38008546181696,26.19916756059577]]],[[[127.33816876344775,26.15915632974902],[127.336492095513,26.160563759979812],[127.33984543138253,26.163604814585625],[127.33816876344775,26.15915632974902]]],[[[127.30205830403786,26.226939174971186],[127.28178304178964,26.23390092807706],[127.33205203042648,26.239455250952144],[127.30401441662842,26.22528041791347],[127.30205830403786,26.226939174971186]]],[[[127.24899486884307,26.223621660855752],[127.25011264746624,26.221661311605722],[127.24983320281045,26.21610698873064],[127.24815653487568,26.212513015105586],[127.242598691166,26.208340989778602],[127.23899696004686,26.211105584874797],[127.23871751539106,26.215001150692164],[127.24067362798162,26.221384852096104],[127.24343702513337,26.220555473567245],[127.24651091634712,26.221384852096104],[127.24899486884307,26.223621660855752]]],[[[127.28789977481092,26.21806733798067],[127.28762033015512,26.21638344824026],[127.28482588359718,26.2169363672595],[127.28290082041282,26.219173176019147],[127.28510532825298,26.220002554548007],[127.28789977481092,26.21806733798067]]],[[[127.29566212636078,26.213065934124828],[127.29373706317641,26.213342393634445],[127.29398545842601,26.21665990774988],[127.29538268170498,26.21806733798067],[127.29566212636078,26.213065934124828]]],[[[127.31373288076882,26.19972047961501],[127.31317399145723,26.197508803538057],[127.30954121093191,26.19972047961501],[127.31037954489929,26.20333958592276],[127.30845448171493,26.211105584874797],[127.30873392637072,26.217489286278738],[127.31037954489929,26.214724691182543],[127.31121787886667,26.208340989778602],[127.3153784992974,26.205827721509333],[127.31705516723217,26.20278666690352],[127.31373288076882,26.19972047961501]]],[[[127.28482588359718,26.187505995826367],[127.29150150593006,26.186676617297508],[127.29345761852062,26.18443980853786],[127.29482379239339,26.1777796476243],[127.29289872920903,26.175844431056962],[127.29010428265109,26.176950269095443],[127.2887070593721,26.175567971547345],[127.28594366222036,26.175844431056962],[127.28290082041282,26.18388688951862],[127.28510532825298,26.185545646576337],[127.28482588359718,26.187505995826367]]],[[[127.23707189686249,26.182228132460907],[127.23759973676789,26.180544242720494],[127.2417914066048,26.17805610713392],[127.24399591444497,26.17526637935503],[127.2417914066048,26.173054703278076],[127.2417914066048,26.16860621844147],[127.24067362798162,26.165288704326038],[127.24231924651019,26.163604814585625],[127.24011473867003,26.162222517037527],[127.23567467358352,26.164434193114484],[127.23343911633717,26.164434193114484],[127.23176244840239,26.168053299422233],[127.23343911633717,26.16915913746071],[127.23399800564876,26.176120890566583],[127.23735134151829,26.179991323701255],[127.23707189686249,26.182228132460907]]],[[[127.29622101567236,26.170566567691502],[127.29705934963975,26.16860621844147],[127.29233983989744,26.160563759979812],[127.2895453933395,26.163051895566387],[127.2895453933395,26.165841623345276],[127.28762033015512,26.167223920893374],[127.29233983989744,26.174989919845412],[127.2945443477376,26.174160541316553],[127.29622101567236,26.170566567691502]]],[[[127.27398964083359,26.157774032200926],[127.27287186221041,26.15500943710473],[127.27178513299343,26.15639173465283],[127.27398964083359,26.157774032200926]]],[[[127.29094261661847,26.157221113181684],[127.28982483799528,26.155285896614348],[127.28817921946671,26.156115275143208],[127.29094261661847,26.157221113181684]]],[[[127.74159369819665,26.2148754872787],[127.77754891057556,26.17197399792229],[127.82089388162993,26.191426694326427],[127.83061234577035,26.166143215537588],[127.72535485875436,26.090870830873],[127.65841233898844,26.081144482670936],[127.64145936320357,26.208089662951675],[127.69079686965442,26.22022874869224],[127.66868969244044,26.246140544548396],[127.71889658226488,26.19645323086496],[127.74010332669907,26.216534244336415],[127.74159369819665,26.2148754872787]]],[[[127.88345843512174,26.157497572691305],[127.91034722089042,26.17142107890305],[127.88367578096513,26.154481650768183],[127.88345843512174,26.157497572691305]]],[[[127.77394717945643,26.12753941492163],[127.76894822505832,26.128645252960105],[127.77146322696048,26.13168630756592],[127.77562384739119,26.1314098480563],[127.77562384739119,26.128921712469726],[127.77394717945643,26.12753941492163]]],[[[131.3300667208806,25.947338080015093],[131.3051961465149,25.928262373851346],[131.2838031056435,25.957692745284476],[131.33186758644018,25.951032584370918],[131.3300667208806,25.947338080015093]]],[[[131.22272892364927,25.816170609041983],[131.21993447709133,25.866033851504262],[131.2626895094279,25.86824552758122],[131.26629124054705,25.827430050888303],[131.22741738398537,25.81408459637849],[131.22272892364927,25.816170609041983]]],[[[131.1944429146016,24.47008925670459],[131.19500180391321,24.468405366964177],[131.19195896210567,24.463127503598717],[131.18668056305177,24.461468746540998],[131.1847244504612,24.462851044089096],[131.18084327468628,24.470918635233446],[131.18084327468628,24.472300932781543],[131.19276624666685,24.470918635233446],[131.1944429146016,24.47008925670459]]]]}},{"type":"Feature","properties":{"level":"county","prefecture":"沖縄県","district":"八重山郡","label":"八重山郡","name":"沖縄県 八重山郡","municipalityCount":4},"geometry":{"type":"MultiPolygon","coordinates":[[[[123.68284636921646,25.928438302630195],[123.68812476827037,25.92343689877435],[123.68728643430298,25.920672303678156],[123.68256692456067,25.918711954428126],[123.67921358869114,25.919566465639676],[123.67561185757201,25.92398981779359],[123.67921358869114,25.928438302630195],[123.68284636921646,25.928438302630195]]],[[[124.55887431572651,25.921501682207015],[124.55552097985698,25.921225222697394],[124.55691820313595,25.922883979755113],[124.55887431572651,25.921501682207015]]],[[[123.47981430207855,25.75012191892561],[123.45925959517454,25.73511770735808],[123.47590207689743,25.751780675983326],[123.47981430207855,25.75012191892561]]],[[[123.54091953347898,25.734313461511913],[123.54368293063072,25.72931205765607],[123.5453595985655,25.728759138636832],[123.54424181994231,25.726245870367563],[123.54203731210215,25.725140032329083],[123.53840453157683,25.731523733733027],[123.54091953347898,25.734313461511913]]],[[[123.55063799761939,25.725416491838704],[123.55423972873852,25.722928356252126],[123.5550780627059,25.72069154749248],[123.54896132968463,25.7209680070021],[123.54424181994231,25.723204815761747],[123.5453595985655,25.724587113309845],[123.55063799761939,25.725416491838704]]],[[[124.16948371257976,24.331055256048668],[124.11095558189388,24.36546189865495],[124.14343326077845,24.41323912845374],[124.11927682275532,24.434627041425212],[124.08428414196858,24.41602885623263],[124.07677018566834,24.45352681881011],[124.1201151567227,24.447419576915788],[124.11679287025936,24.482705863416314],[124.14039041897091,24.442141713550324],[124.22205035727535,24.454632656848588],[124.22816709029664,24.498237861320394],[124.27955385755665,24.506858371483982],[124.31178314119164,24.610178830033604],[124.3395413103339,24.604599374475825],[124.25067790979121,24.4621473289737],[124.24956013116802,24.357972359212532],[124.17206081329431,24.330200744837118],[124.16948371257976,24.331055256048668]]],[[[123.03382063143027,24.453753012954344],[122.9335,24.449907712502366],[122.96377317104442,24.47215013668539],[123.03459686658526,24.456869465608236],[123.03382063143027,24.453753012954344]]],[[[123.82520789664075,24.46880748988726],[123.82464900732916,24.467978111358402],[123.8171350510289,24.46880748988726],[123.81353331990977,24.474638272271964],[123.81517893843834,24.476875081031615],[123.82129567145962,24.4765734888393],[123.82325178405019,24.475744110310444],[123.82601518120192,24.472426596195007],[123.82520789664075,24.46880748988726]]],[[[123.7749078585977,24.436863850184864],[123.81657616171731,24.39102183695341],[123.8696395969121,24.40464375097284],[123.93959390907935,24.36490897963571],[123.88044479026948,24.25631065772063],[123.66157752596988,24.308259912846406],[123.68548556874342,24.33241242091407],[123.71103923004553,24.315749452288824],[123.70324582908947,24.349929900750872],[123.75158975454195,24.312406805490696],[123.74295801961851,24.393811564732296],[123.76962945954381,24.436587390675243],[123.7749078585977,24.436863850184864]]],[[[123.72519775927246,24.379913191203244],[123.72852004573579,24.37742505561667],[123.72852004573579,24.375741165876256],[123.72380053599348,24.376570544405116],[123.72103713884174,24.37408240881854],[123.71963991556277,24.36629127718381],[123.71852213693958,24.36490897963571],[123.71159811935712,24.370186843001175],[123.71131867470132,24.3749117873474],[123.71296429322989,24.376847003914737],[123.72519775927246,24.379913191203244]]],[[[124.00349358703774,24.360762086991418],[124.00100963454177,24.360184035289485],[123.99629012479947,24.362144384539516],[123.99573123548788,24.36407960110685],[123.9996124112628,24.36659286937612],[124.00209636375875,24.364632520126094],[124.00349358703774,24.360762086991418]]],[[[123.99293678892994,24.346310794443127],[123.99321623358573,24.323238991731245],[123.95182737512192,24.33296533993331],[123.98265943547793,24.352418036337447],[123.99293678892994,24.346310794443127]]],[[[124.08928309636669,24.338796122318016],[124.08204858472223,24.31213034598108],[124.08484303128017,24.340203552548804],[124.08928309636669,24.338796122318016]]],[[[123.99849463263963,24.252691551412884],[124.02460718325332,24.228539043345215],[124.00209636375875,24.219943665864317],[123.99656956945526,24.252415091903263],[123.99849463263963,24.252691551412884]]],[[[123.95238626443351,24.236028582787633],[123.93406711477586,24.2241156911913],[123.9526657090893,24.23768733984535],[123.95238626443351,24.236028582787633]]],[[[123.9323904468411,24.220496584883556],[123.93266989149689,24.21773198978736],[123.93462600408745,24.215495181027713],[123.93406711477586,24.21049377717187],[123.92934760503356,24.207176263056436],[123.9268326031314,24.207729182075674],[123.9209953147659,24.211876074719967],[123.91907025158154,24.216324559556572],[123.92295142735647,24.21939074684508],[123.92934760503356,24.21939074684508],[123.9323904468411,24.220496584883556]]],[[[123.56423763753473,24.196394342181275],[123.56895714727705,24.196394342181275],[123.5609153510714,24.192222316854288],[123.5550780627059,24.192222316854288],[123.56035646175981,24.194157533421624],[123.5606359064156,24.195564963652416],[123.56423763753473,24.196394342181275]]],[[[123.77434896928611,24.069951815554386],[123.80822387144967,24.05826511810229],[123.75655765953385,24.061884224410036],[123.77434896928611,24.069951815554386]]]]}},{"type":"Feature","properties":{"level":"county","prefecture":"岩手県","district":"下閉伊郡","label":"下閉伊郡","name":"岩手県 下閉伊郡","municipalityCount":28},"geometry":{"type":"MultiPolygon","coordinates":[[[[141.95939624156054,39.88730619892502],[142.0033311513327,39.752519621644154],[141.97166075700932,39.7286435730861],[141.98553984158045,39.65088305283494],[141.94470987242823,39.595892743103356],[142.0244447475483,39.65643737571003],[142.02612141548306,39.578400395949245],[142.0719503390334,39.545049326016056],[142.0083301057308,39.47563285641887],[141.95365210141367,39.465906508216804],[141.97976465202737,39.43924073187986],[142.0502778535062,39.48452982609208],[142.03611932427927,39.41870733011994],[141.89270211704422,39.399782420052354],[141.74829132881078,39.52936653201583],[141.70376648032084,39.491541844563336],[141.72081260432432,39.446277883033815],[141.6792374494233,39.43959258943757],[141.49275471578966,39.55736434053547],[141.4286997908003,39.55470027617005],[141.43034540932888,39.58438197443011],[141.34141990997375,39.630425049123104],[141.40864187439547,39.691723662210556],[141.40454335277715,39.754882093817265],[141.47434241791342,39.76491003421165],[141.5274679519206,39.8124862025489],[141.4854270559266,39.900324928559826],[141.55212118044292,39.90351677926179],[141.58903892441404,39.95574249389719],[141.5325290051311,40.04657200914854],[141.6578133591457,40.00769174902297],[141.75707831076522,40.03176885904256],[141.81240835261255,40.01274341824419],[141.8686077778335,40.05305624128326],[141.95582555984763,39.98361463900338],[141.95498722588025,39.8911263666943],[141.95939624156054,39.88730619892502]]],[[[141.98553984158045,39.669506370710224],[141.9883342881384,39.671441587277556],[141.98945206676157,39.669506370710224],[141.9877753988268,39.66809894047944],[141.98553984158045,39.669506370710224]]],[[[141.99640713375024,39.399254633715806],[141.9933642919427,39.400913390773525],[141.99724546771762,39.40342665904279],[141.998083801685,39.40646771364861],[142.00059880358717,39.405085416100505],[141.99752491237342,39.399254633715806],[141.99640713375024,39.399254633715806]]]]}},{"type":"Feature","properties":{"level":"county","prefecture":"岩手県","district":"岩手郡","label":"岩手郡","name":"岩手県 岩手郡","municipalityCount":25},"geometry":{"type":"MultiPolygon","coordinates":[[[[141.15891150033366,40.08067705956252],[141.3765367883853,39.97064617473394],[141.4024630425618,39.88981946719428],[141.5065717015484,39.87883648485758],[141.5274679519206,39.8124862025489],[141.47434241791342,39.76491003421165],[141.40941810955047,39.75945624206734],[141.40864187439547,39.691723662210556],[141.33688669666864,39.64218714462328],[141.43556170957038,39.56985528383373],[141.30503000590807,39.572192623324156],[141.26401374031866,39.64304165583483],[141.16797792694388,39.65779454057544],[141.18722855878752,39.70547123964346],[141.1355623468717,39.75689270843268],[141.09715423140304,39.71306130981664],[141.15406779296654,39.67038601460447],[141.09330410503432,39.67923271891229],[141.0464505510794,39.64708801774835],[141.05977074633896,39.58729736562246],[140.97062790114046,39.57978269349735],[140.95879807737847,39.532558382717795],[140.879932585632,39.51828301894835],[140.85649028395144,39.58139118518967],[140.7952919043324,39.60300529230538],[140.8225532829755,39.688179953950886],[140.77479929624081,39.73454975351889],[140.8482621913086,39.79325970028899],[140.78675331762759,39.82336865415483],[140.78218905491627,39.86770270642472],[140.87788332482282,39.8742874692902],[140.85735966732503,39.95262604124329],[141.15888045092746,40.080702192245205],[141.15891150033366,40.08067705956252]]]]}},{"type":"Feature","properties":{"level":"county","prefecture":"岩手県","district":"気仙郡","label":"気仙郡","name":"岩手県 気仙郡","municipalityCount":22},"geometry":{"type":"MultiPolygon","coordinates":[[[[141.92747745198756,39.216338969078464],[141.86640326999333,39.20621049795331],[141.92114337312287,39.1770565860298],[141.83724787757208,39.14456002730816],[141.92142281777868,39.10510171548065],[141.88059284862646,39.08371380250918],[141.81085588230258,39.111787009076906],[141.82367928706293,39.07456550600904],[141.87503500491675,39.06373331976849],[141.8153269967953,39.058731915912645],[141.85280363007797,39.02899995228721],[141.73534372642564,39.02123395333517],[141.7225513710715,39.06622145535507],[141.7095106204677,39.023998548431365],[141.74394441194286,38.99205490872896],[141.7105973496847,38.995950474546326],[141.69615937580198,38.971496374286346],[141.72810921478117,38.952043677882216],[141.7047911107254,38.93817043703585],[141.66812176200392,39.00540036323878],[141.62365901232636,39.000122499873314],[141.62915475722366,38.970264872834406],[141.46648691814497,38.98743049511351],[141.4806454473719,39.08127593228799],[141.41022539411165,39.11168647834613],[141.37333869954676,39.18761231276073],[141.57196175100435,39.260471959886814],[141.706436729254,39.26446805643495],[141.70109623138768,39.21968161587659],[141.72894754874855,39.203948556510966],[141.8041181611573,39.2364702479153],[141.92496245008542,39.21558498859768],[141.92747745198756,39.216338969078464]]],[[[141.72671199150219,39.03483073467191],[141.72671199150219,39.03789692196041],[141.72810921478117,39.037344002941175],[141.72671199150219,39.03483073467191]]],[[[141.70923117581194,38.93899981556471],[141.7114356836521,38.9376426506993],[141.70783395253295,38.93789397752623],[141.70923117581194,38.93899981556471]]]]}},{"type":"Feature","properties":{"level":"county","prefecture":"岩手県","district":"九戸郡","label":"九戸郡","name":"岩手県 九戸郡","municipalityCount":20},"geometry":{"type":"MultiPolygon","coordinates":[[[[141.7941202523611,40.2957122926811],[141.83333565239096,40.21968592753574],[141.7939029065177,40.19053201561223],[141.87668062344534,40.14388575653461],[141.82749836402547,40.108901062226394],[141.85482184148094,40.05546897882175],[141.83535386379393,40.02081100938854],[141.6578133591457,40.00769174902297],[141.5325290051311,40.04657200914854],[141.58903892441404,39.95574249389719],[141.55212118044292,39.90351677926179],[141.49002236804412,39.904069698281035],[141.4698092046083,39.874312601972896],[141.4024630425618,39.88981946719428],[141.3765367883853,39.97064617473394],[141.30645827859323,39.988993033099604],[141.28981579687036,40.05981693292759],[141.43997072525067,40.10309541252438],[141.3861000054947,40.13451126589024],[141.391750997423,40.2194848660742],[141.3540570182969,40.304106608700465],[141.39659470479012,40.36653619250909],[141.47958976756112,40.37641333680731],[141.5390183310268,40.34798827268189],[141.58705176241727,40.407050077009686],[141.68249763707425,40.45022802587572],[141.79498963573468,40.29747158046959],[141.7941202523611,40.2957122926811]]]]}},{"type":"Feature","properties":{"level":"county","prefecture":"岩手県","district":"江刺郡","label":"江刺郡","name":"岩手県 江刺郡","municipalityCount":13},"geometry":{"type":"MultiPolygon","coordinates":[[[[141.3033533379733,39.276179886569736],[141.38252932378177,39.24687517855007],[141.40659261358633,39.20359669895328],[141.37333869954676,39.18912027372229],[141.38333660834297,39.15840813547183],[141.3023908063811,39.13201881864451],[141.31406538311208,39.083236281538014],[141.17061712647083,39.07019241922051],[141.18058398586084,39.12855050843292],[141.10311571739334,39.22993575041521],[141.12646487085527,39.278818818252475],[141.1920412167484,39.31986048908962],[141.29347962680188,39.31825199739729],[141.3023908063811,39.27864288947362],[141.3033533379733,39.276179886569736]]]]}},{"type":"Feature","properties":{"level":"county","prefecture":"岩手県","district":"紫波郡","label":"紫波郡","name":"岩手県 紫波郡","municipalityCount":15},"geometry":{"type":"MultiPolygon","coordinates":[[[[141.1557755103075,39.67222070044103],[141.2824881370073,39.62419214381532],[141.30928377455737,39.57955649935312],[141.2823639393825,39.485535133399786],[140.96354863652698,39.55181001766039],[140.97062790114046,39.57978269349735],[141.05977074633896,39.58729736562246],[141.0464505510794,39.64708801774835],[141.09330410503432,39.67923271891229],[141.15406779296654,39.67038601460447],[141.1557755103075,39.67222070044103]]]]}},{"type":"Feature","properties":{"level":"county","prefecture":"岩手県","district":"上閉伊郡","label":"上閉伊郡","name":"岩手県 上閉伊郡","municipalityCount":17},"geometry":{"type":"MultiPolygon","coordinates":[[[[141.72081260432432,39.446277883033815],[141.70376648032084,39.491541844563336],[141.74829132881078,39.52936653201583],[141.89270211704422,39.399782420052354],[141.95343475557027,39.3992797663985],[141.9578127218444,39.35647880777286],[141.90030922156308,39.329813031435926],[141.99696602306182,39.35064802538815],[141.97057402779234,39.31315006281068],[141.89170853604585,39.308425118464456],[141.92946461398432,39.2697961851658],[141.88587124768034,39.26951972565618],[141.91974614984392,39.237299626444155],[141.97029458313654,39.25064508095397],[141.95445938597484,39.2220440880497],[141.8041181611573,39.2364702479153],[141.72894754874855,39.203948556510966],[141.70109623138768,39.21968161587659],[141.706436729254,39.26446805643495],[141.57196175100435,39.260471959886814],[141.42472546680676,39.19502645415507],[141.29965845863558,39.36200799796525],[141.32213822872393,39.415440081369894],[141.43997072525067,39.46819358234184],[141.48893563882714,39.55836964784318],[141.63654451589912,39.455074321976255],[141.71426117961624,39.445146912312644],[141.72081260432432,39.446277883033815]]],[[[141.97557298219044,39.30701768823366],[141.97920576271576,39.30729414774328],[141.98168971521173,39.30897803748369],[141.9830869384907,39.30646476921442],[141.98557089098665,39.30759573993559],[141.9883653375446,39.305635390685566],[141.98392527245807,39.30287079558937],[141.9822486045233,39.3048060121567],[141.9786468734042,39.30452955264708],[141.97557298219044,39.30701768823366]]]]}},{"type":"Feature","properties":{"level":"county","prefecture":"岩手県","district":"西磐井郡","label":"西磐井郡","name":"岩手県 西磐井郡","municipalityCount":15},"geometry":{"type":"MultiPolygon","coordinates":[[[[141.12388777014073,39.01414653681583],[141.12413616539033,38.97350698890176],[141.20973937828208,38.947620325728295],[141.26510046953564,38.8923284238044],[141.23712495454996,38.74914753050419],[141.1047923853281,38.822861688841826],[141.13978506611483,38.87752527369841],[140.98730143226953,38.87526333225607],[140.82481988962803,38.963931436795846],[140.77355731999282,38.95810065441115],[140.7640251522896,38.988335271690445],[140.89477420179531,39.050262201845214],[140.93374120657558,38.99044641703663],[141.12118647180137,39.01588069192162],[141.12388777014073,39.01414653681583]]]]}},{"type":"Feature","properties":{"level":"county","prefecture":"岩手県","district":"胆沢郡","label":"胆沢郡","name":"岩手県 胆沢郡","municipalityCount":14},"geometry":{"type":"MultiPolygon","coordinates":[[[[141.17583342671233,39.13669349762535],[141.1882842385983,39.08215557618223],[141.13748741005605,39.02113342260439],[141.00642786648837,38.98529421708463],[140.92045206072223,38.99539755552709],[140.89477420179531,39.050262201845214],[140.79237326014967,39.01517697680623],[140.80237116894588,39.07790815280717],[140.75259897080824,39.086553795653444],[140.77368151761763,39.167003512952725],[140.880398326725,39.17559889043362],[140.94445325171435,39.23197149771331],[141.05977074633896,39.269218133463866],[141.12270789270514,39.263261687665704],[141.10311571739334,39.22993575041521],[141.17347367184118,39.142448881961975],[141.17583342671233,39.13669349762535]]]]}},{"type":"Feature","properties":{"level":"county","prefecture":"岩手県","district":"東磐井郡","label":"東磐井郡","name":"岩手県 東磐井郡","municipalityCount":23},"geometry":{"type":"MultiPolygon","coordinates":[[[[141.46269889058865,39.101583139903674],[141.4920716288533,38.91482217481435],[141.45105536326386,38.87634403761185],[141.43792146444153,38.78229753897583],[141.40982175183106,38.76784624642754],[141.31704612610724,38.82318841371683],[141.30419167194069,38.793255388629845],[141.24724706097098,38.79192335644713],[141.26233707238387,38.898712125208334],[141.12413616539033,38.97350698890176],[141.1209380765518,39.01092955343117],[141.1681021245687,39.07082073628783],[141.31406538311208,39.083236281538014],[141.3023908063811,39.13201881864451],[141.38482697984054,39.162127772510345],[141.41525539791596,39.10678560522106],[141.45400505685282,39.10417180622102],[141.46269889058865,39.101583139903674]]]]}},{"type":"Feature","properties":{"level":"county","prefecture":"岩手県","district":"二戸郡","label":"二戸郡","name":"岩手県 二戸郡","municipalityCount":15},"geometry":{"type":"MultiPolygon","coordinates":[[[[141.35619942732467,40.298853878017695],[141.391750997423,40.2194848660742],[141.3861000054947,40.13451126589024],[141.4280477532701,40.091584643851135],[141.28981579687036,40.05981693292759],[141.287269745562,40.03119080734062],[141.1555271150579,40.08934783509149],[140.95898437381567,39.97775872393598],[140.8480448454652,39.95835629289722],[140.84447416375227,40.074594950350885],[140.88359641556352,40.157331741775195],[140.85916053288457,40.171179849938866],[140.9051447034659,40.22192273629539],[140.95507214863454,40.247633470690005],[141.0259579429878,40.22169654215115],[141.31583519926545,40.37256803635533],[141.3540570182969,40.304106608700465],[141.35619942732467,40.298853878017695]]]]}},{"type":"Feature","properties":{"level":"county","prefecture":"岩手県","district":"稗貫郡","label":"稗貫郡","name":"岩手県 稗貫郡","municipalityCount":16},"geometry":{"type":"MultiPolygon","coordinates":[[[[141.26839170659275,39.446604607908824],[141.193531588246,39.431273671466286],[141.22160025145027,39.39370031084073],[141.1662702096029,39.35421686633052],[141.08100854017934,39.353839876090134],[140.94628516668013,39.3848536065329],[140.9328407737958,39.44936920300502],[140.8787527081964,39.50099173325579],[140.89247654573654,39.53333749588127],[140.97230456907522,39.54635622551608],[141.27773757785877,39.48337372268821],[141.30161457122614,39.57123758138184],[141.48893563882714,39.55836964784318],[141.49573545878482,39.53001998176583],[141.44829196611212,39.518358416996435],[141.43997072525067,39.46819358234184],[141.38516852330872,39.43232924413938],[141.31033945436815,39.402044361494696],[141.2660319517216,39.44253311331261],[141.26839170659275,39.446604607908824]]]]}},{"type":"Feature","properties":{"level":"county","prefecture":"岩手県","district":"和賀郡","label":"和賀郡","name":"岩手県 和賀郡","municipalityCount":17},"geometry":{"type":"MultiPolygon","coordinates":[[[[140.9065729761511,39.46429801652447],[140.94628516668013,39.3848536065329],[141.11538023284209,39.35130147513817],[141.2188368542985,39.390407929407985],[141.193531588246,39.431273671466286],[141.26839170659275,39.446604607908824],[141.36712881830687,39.26858981639655],[141.3033533379733,39.276179886569736],[141.29347962680188,39.31825199739729],[141.1920412167484,39.31986048908962],[141.12270789270514,39.263261687665704],[140.94445325171435,39.23197149771331],[140.8332032293019,39.1650431637027],[140.76483243685078,39.19776591656857],[140.78867838081194,39.23833006643456],[140.69357404962315,39.29960354683932],[140.70798097409968,39.334588241147536],[140.65746359021324,39.411695311648685],[140.72437506057298,39.48053372954394],[140.72952926200207,39.56492927802597],[140.78218905491627,39.603985466930396],[140.85649028395144,39.58139118518967],[140.9067592725883,39.46588137553411],[140.9065729761511,39.46429801652447]]]]}},{"type":"Feature","properties":{"level":"county","prefecture":"岐阜県","district":"安八郡","label":"安八郡","name":"岐阜県 安八郡","municipalityCount":21},"geometry":{"type":"MultiPolygon","coordinates":[[[[136.64119184891385,35.38762608767518],[136.6905914541771,35.366791093722945],[136.68916318149195,35.33819010081867],[136.62520140472117,35.2525881835674],[136.58281896525898,35.329318263828156],[136.62939307455807,35.3720940897711],[136.59247533058698,35.3789553121462],[136.5868243386587,35.463803248916705],[136.6390804892923,35.38875705839635],[136.64119184891385,35.38762608767518]]]]}},{"type":"Feature","properties":{"level":"county","prefecture":"岐阜県","district":"稲葉郡","label":"稲葉郡","name":"岐阜県 稲葉郡","municipalityCount":29},"geometry":{"type":"MultiPolygon","coordinates":[[[[136.76188089081094,35.5039904085423],[136.77296552882413,35.46294873770515],[136.87257202391183,35.46357705477247],[136.96171486911032,35.399765173415744],[136.86449917829998,35.3721192224538],[136.7852921430853,35.399941102194596],[136.68841799574315,35.35233980117465],[136.71965369837974,35.4195194620122],[136.71074251880052,35.52291531860989],[136.75986267940797,35.50645341144619],[136.76188089081094,35.5039904085423]],[[136.77147515732656,35.43955021011826],[136.74430692690208,35.410119838685134],[136.7851058466481,35.41268337231978],[136.79805344903326,35.43381995846433],[136.77243768891873,35.43869569890671],[136.77147515732656,35.43955021011826]]],[[[136.83553008231593,35.466266251820585],[136.8372377996569,35.466366782551354],[136.8376103925313,35.46335086062823],[136.83531273647253,35.46624111913789],[136.83553008231593,35.466266251820585]]]]}},{"type":"Feature","properties":{"level":"county","prefecture":"岐阜県","district":"羽島郡","label":"羽島郡","name":"岐阜県 羽島郡","municipalityCount":20},"geometry":{"type":"MultiPolygon","coordinates":[[[[136.81295716400896,35.38739989353095],[136.86449917829998,35.3721192224538],[136.77063682335918,35.36842471809797],[136.69065355298952,35.253216500634714],[136.6590763068847,35.25304057185586],[136.68841799574315,35.35233980117465],[136.80829975307907,35.38820413937711],[136.81295716400896,35.38739989353095]]]]}},{"type":"Feature","properties":{"level":"county","prefecture":"岐阜県","district":"益田郡","label":"益田郡","name":"岐阜県 益田郡","municipalityCount":11},"geometry":{"type":"MultiPolygon","coordinates":[[[[137.5540443911764,36.10684806829168],[137.61393869573504,36.0762113280893],[137.5948122615162,36.0133544886749],[137.4761724804283,35.894024511250045],[137.3652329520778,35.87934702455752],[137.32499292164337,35.81666611392197],[137.3602960964921,35.7959567833832],[137.33101650644605,35.710958050516545],[137.1511472963329,35.66421126070816],[137.18530164315226,35.769517201190496],[137.16539897377842,35.86034671644185],[137.10308281553623,35.920891349048524],[137.1305925894289,35.99638992785734],[137.19694517047702,35.962988592558766],[137.2343597049473,36.014033071107605],[137.2610311448726,35.98739242745336],[137.3447403439862,36.002019648780504],[137.37197067322307,36.02896188462706],[137.3441814546746,36.06394657893527],[137.30862988457628,36.0556025282813],[137.3175410641555,36.101168082003134],[137.44832116306742,36.14504974598456],[137.55137414224325,36.10393267709933],[137.5540443911764,36.10684806829168]]]]}},{"type":"Feature","properties":{"level":"county","prefecture":"岐阜県","district":"加茂郡","label":"加茂郡","name":"岐阜県 加茂郡","municipalityCount":27},"geometry":{"type":"MultiPolygon","coordinates":[[[[137.39535087609124,35.6647390470447],[137.39553717252844,35.56254955921625],[137.26901084226586,35.52698681320611],[137.31229371450783,35.4857692135901],[137.28528073111434,35.448396914426084],[137.15443853339005,35.476947641964976],[136.96112493039254,35.41459345620443],[136.90868248332174,35.44166135546445],[136.91209791800367,35.4768722439169],[136.93706164058798,35.46779934546484],[136.94910881019337,35.50710686119619],[137.0362644933951,35.553401262716115],[137.18048898519135,35.54789720520642],[137.19067319042475,35.57524156397606],[137.156456744793,35.60092716568798],[137.18322133293688,35.61005032950543],[137.1621698355337,35.65556561786187],[137.18651256999402,35.66946399139093],[137.33101650644605,35.710958050516545],[137.39041402050552,35.66599568117933],[137.39535087609124,35.6647390470447]]]]}},{"type":"Feature","properties":{"level":"county","prefecture":"岐阜県","district":"可児郡","label":"可児郡","name":"岐阜県 可児郡","municipalityCount":17},"geometry":{"type":"MultiPolygon","coordinates":[[[[137.2034034469665,35.46973456203217],[137.1921635619223,35.39893579488689],[137.1553389661698,35.39423598322335],[137.09628299557855,35.2906893305295],[137.04508252475574,35.36741941079026],[136.9782642026146,35.40318321826195],[137.11081411767987,35.47154411518605],[137.19433702035627,35.47360499516685],[137.2034034469665,35.46973456203217]]]]}},{"type":"Feature","properties":{"level":"county","prefecture":"岐阜県","district":"海津郡","label":"海津郡","name":"岐阜県 海津郡","municipalityCount":9},"geometry":{"type":"MultiPolygon","coordinates":[[[[136.67845113635315,35.234291590567125],[136.6696331049925,35.1337357271137],[136.55974925645282,35.20674617033595],[136.65538142754698,35.28890491005832],[136.67835798813454,35.23479424422098],[136.67845113635315,35.234291590567125]]]]}},{"type":"Feature","properties":{"level":"county","prefecture":"岐阜県","district":"吉城郡","label":"吉城郡","name":"岐阜県 吉城郡","municipalityCount":11},"geometry":{"type":"MultiPolygon","coordinates":[[[[137.53997901016805,36.39270720123825],[137.58732935462217,36.38979181004591],[137.65228471239132,36.32251161847759],[137.57298452895805,36.2184120467645],[137.5950606567658,36.1720422471965],[137.5546964287066,36.14007347481141],[137.5008257089506,36.21728107604333],[137.37193962381687,36.22559999401461],[137.35833998390154,36.25530682495736],[137.2919874028534,36.24975250208227],[137.27391664844535,36.18589035536017],[137.18697831108702,36.15977749804247],[137.13335598658063,36.16367306385984],[137.10056781363406,36.21966868089913],[137.05110610955842,36.19129388213909],[136.95146856506452,36.20946481172591],[136.96634123063404,36.2658122863229],[137.1610210075043,36.45661961332574],[137.20622894293064,36.42766676286378],[137.30661167317334,36.46388295862393],[137.31952822615227,36.42444977947911],[137.39007247703734,36.4598617293931],[137.40376526517127,36.42726463994069],[137.50424114363256,36.425706413613746],[137.53535264864436,36.39793479923833],[137.53997901016805,36.39270720123825]]]]}},{"type":"Feature","properties":{"level":"county","prefecture":"岐阜県","district":"郡上郡","label":"郡上郡","name":"岐阜県 郡上郡","municipalityCount":17},"geometry":{"type":"MultiPolygon","coordinates":[[[[136.98239377363913,35.917825161760014],[137.04998833093524,35.960299395510646],[137.08460841884758,35.89751795414433],[137.09476157467478,35.92880814409672],[137.12199190391166,35.91058694914452],[137.16539897377842,35.86034671644185],[137.1828176906563,35.7509441486806],[137.14350914240785,35.67831069569875],[137.0510129613398,35.69404375506437],[137.04778382309507,35.65043855059256],[136.99205013896713,35.65109200034257],[136.98661649288223,35.61899756454402],[136.93463978690443,35.598715489611024],[136.84111897543184,35.697009411622105],[136.83990804859005,35.77675541380599],[136.79283714879176,35.78663255810421],[136.8323009440712,35.857833448172585],[136.78361547515053,35.92704885630823],[136.82767458254747,35.99699311224197],[136.8946481517196,36.02773038317512],[136.98152439026555,35.91903153052927],[136.98239377363913,35.917825161760014]]]]}},{"type":"Feature","properties":{"level":"county","prefecture":"岐阜県","district":"恵那郡","label":"恵那郡","name":"岐阜県 恵那郡","municipalityCount":30},"geometry":{"type":"MultiPolygon","coordinates":[[[[137.5174992400797,35.60489812955342],[137.53420382061498,35.5318122882831],[137.63483494610725,35.40087101145423],[137.57522008620438,35.40001650024267],[137.60412708337603,35.33655647644365],[137.55699408476534,35.30986556742402],[137.56177569332004,35.283199791087085],[137.43552880771327,35.22456524236505],[137.3494909031347,35.22526895748045],[137.3446161463614,35.27372476971194],[137.2757796128173,35.29061393248143],[137.35225430028646,35.41685539764677],[137.29990500143424,35.450658855868426],[137.31039970072965,35.492328843772896],[137.26901084226586,35.52698681320611],[137.39910785424135,35.57237643814909],[137.40854687372598,35.658405611006145],[137.3436846641754,35.69595383894901],[137.32480662520618,35.747576369199784],[137.36265585136326,35.797992530681306],[137.4636595697299,35.75700112520954],[137.54544370565915,35.65109200034257],[137.51380436074197,35.60801458220732],[137.5174992400797,35.60489812955342]]]]}},{"type":"Feature","properties":{"level":"county","prefecture":"岐阜県","district":"山県郡","label":"山県郡","name":"岐阜県 山県郡","municipalityCount":17},"geometry":{"type":"MultiPolygon","coordinates":[[[[136.76104255684356,35.585571096562745],[136.7951348048505,35.569712373783666],[136.7845159079303,35.5359340482447],[136.87036751607167,35.4998686485807],[136.83053112791782,35.44955301782995],[136.77296552882413,35.46294873770515],[136.68469206699922,35.558829922177736],[136.6651309410936,35.62651223666913],[136.69844695394556,35.71864865142051],[136.76846336492522,35.683161303458434],[136.75713033166244,35.586852863380074],[136.76104255684356,35.585571096562745]]]]}},{"type":"Feature","properties":{"level":"county","prefecture":"岐阜県","district":"大野郡","label":"大野郡","name":"岐阜県 大野郡","municipalityCount":12},"geometry":{"type":"MultiPolygon","coordinates":[[[[137.25891978525104,36.1819947895428],[137.2919874028534,36.24975250208227],[137.35833998390154,36.25530682495736],[137.37193962381687,36.22559999401461],[137.5008257089506,36.21728107604333],[137.56047161825967,36.13047279002281],[137.5430529013818,36.09727251618577],[137.46806858541024,36.14477328647494],[137.34781423519993,36.118660429157245],[137.30862988457628,36.0556025282813],[137.3441814546746,36.06394657893527],[137.3708528945999,36.03255585825211],[137.3447403439862,36.002019648780504],[137.2610311448726,35.98739242745336],[137.2343597049473,36.014033071107605],[137.19694517047702,35.962988592558766],[137.1611141557229,35.96323991938569],[137.14052839941272,36.00179345463627],[137.08460841884758,35.89751795414433],[137.04998833093524,35.960299395510646],[136.97767426389683,35.91920745930811],[136.93088280875432,36.005613622405555],[136.8946481517196,36.02773038317512],[136.8377966889685,36.00144159707857],[136.7542737862921,36.08628953384907],[136.76644515352226,36.16256722582136],[136.85176892175824,36.247892683563016],[136.79227825948016,36.299213621621476],[136.8323630428836,36.30680369179466],[136.87111270182046,36.367524253180186],[136.87511807522017,36.3427434280452],[136.90747155647995,36.36083895958393],[136.97112283918875,36.31554986537172],[136.96429196982487,36.19498838649492],[137.10056781363406,36.21966868089913],[137.13335598658063,36.16367306385984],[137.25808145128366,36.18227124905242],[137.25891978525104,36.1819947895428]]]]}},{"type":"Feature","properties":{"level":"county","prefecture":"岐阜県","district":"土岐郡","label":"土岐郡","name":"岐阜県 土岐郡","municipalityCount":17},"geometry":{"type":"MultiPolygon","coordinates":[[[[137.29527863991055,35.46086272504166],[137.35225430028646,35.41685539764677],[137.2608758978416,35.27540865945235],[137.18943121417678,35.2525630508847],[137.10115775235187,35.30162204750082],[137.1553389661698,35.39423598322335],[137.1921635619223,35.39893579488689],[137.2034034469665,35.46973456203217],[137.2920184522596,35.45739441483007],[137.29527863991055,35.46086272504166]]]]}},{"type":"Feature","properties":{"level":"county","prefecture":"岐阜県","district":"不破郡","label":"不破郡","name":"岐阜県 不破郡","municipalityCount":15},"geometry":{"type":"MultiPolygon","coordinates":[[[[136.56909512771884,35.40768196846394],[136.6061370693147,35.39267775689641],[136.5968843462673,35.33369135061668],[136.48386450770147,35.35970367720361],[136.45750356183817,35.31486697127986],[136.40267031049,35.30044081141426],[136.41276136750483,35.37056099612685],[136.49671896186803,35.43341783554125],[136.56269895004175,35.410873819165914],[136.56909512771884,35.40768196846394]]]]}},{"type":"Feature","properties":{"level":"county","prefecture":"岐阜県","district":"武儀郡","label":"武儀郡","name":"岐阜県 武儀郡","municipalityCount":31},"geometry":{"type":"MultiPolygon","coordinates":[[[[136.92526286623223,35.60122875788029],[136.9841014909801,35.61671049041898],[136.99205013896713,35.65109200034257],[137.04778382309507,35.65043855059256],[137.0510129613398,35.69404375506437],[137.11780023407474,35.671097615765945],[137.15791606688438,35.69854250526636],[137.1511472963329,35.66421126070816],[137.1882823861474,35.64063680434242],[137.156456744793,35.60092716568798],[137.19067319042475,35.57524156397606],[137.1674792839938,35.540734390639],[137.0362644933951,35.553401262716115],[136.88179369755306,35.444652144704875],[136.84428601486417,35.46694483425328],[136.87036751607167,35.4998686485807],[136.74135723331312,35.588360824341635],[136.76846336492522,35.683161303458434],[136.68568564799762,35.722217492362866],[136.66845322755694,35.78861804003694],[136.7638991022139,35.81060913739303],[136.83990804859005,35.77675541380599],[136.84111897543184,35.697009411622105],[136.92280996314247,35.6036163627361],[136.92526286623223,35.60122875788029]]]]}},{"type":"Feature","properties":{"level":"county","prefecture":"岐阜県","district":"本巣郡","label":"本巣郡","name":"岐阜県 本巣郡","municipalityCount":21},"geometry":{"type":"MultiPolygon","coordinates":[[[[136.705991959652,35.535582190687],[136.71965369837974,35.4195194620122],[136.66662131259116,35.36855038151143],[136.63256011399042,35.4246465292815],[136.6601009372893,35.49345981449407],[136.6386457976055,35.57521643129336],[136.5712375367466,35.58069535612037],[136.51544175380627,35.67323389379483],[136.53767312864503,35.694496143352836],[136.52273836426312,35.78811538638308],[136.64519722231358,35.80683923498913],[136.68292225084585,35.77175400995014],[136.69372744420326,35.669991777727475],[136.66339217434643,35.60228433055338],[136.70276282140728,35.538397051148586],[136.705991959652,35.535582190687]]]]}},{"type":"Feature","properties":{"level":"county","prefecture":"岐阜県","district":"揖斐郡","label":"揖斐郡","name":"岐阜県 揖斐郡","municipalityCount":23},"geometry":{"type":"MultiPolygon","coordinates":[[[[136.56269895004175,35.58763197654355],[136.6386457976055,35.57521643129336],[136.6601630361017,35.507659780215434],[136.64004302088446,35.403962331425426],[136.58884255006166,35.46438130061863],[136.5819495818854,35.39652305734839],[136.51705632292862,35.43776578964708],[136.44138892002067,35.39084307105985],[136.38686616273452,35.48840814527284],[136.39959641927626,35.53098290975424],[136.37329757222537,35.55960903534121],[136.31858851850203,35.54674110180255],[136.3236806211187,35.61650942895744],[136.27915577262877,35.636690973159666],[136.32793438976805,35.77509665674827],[136.37665090809492,35.79517767021972],[136.52966238184558,35.751069812094066],[136.51544175380627,35.67323389379483],[136.56353728400913,35.589919050668584],[136.56269895004175,35.58763197654355]]]]}},{"type":"Feature","properties":{"level":"county","prefecture":"岐阜県","district":"養老郡","label":"養老郡","name":"岐阜県 養老郡","municipalityCount":14},"geometry":{"type":"MultiPolygon","coordinates":[[[[136.56068073863878,35.334897719385935],[136.61008034390204,35.293981711962246],[136.60834157715487,35.227530898922794],[136.58244637238457,35.24529970558652],[136.549658199438,35.21921198095151],[136.52804781272323,35.25763985278863],[136.44073688249048,35.21674897804763],[136.37904171237227,35.24137900708646],[136.39937907343287,35.299435504106555],[136.4199337803369,35.28747234714484],[136.48386450770147,35.35970367720361],[136.54906826072022,35.33336462574168],[136.56068073863878,35.334897719385935]]]]}},{"type":"Feature","properties":{"level":"county","prefecture":"宮崎県","district":"宮崎郡","label":"宮崎郡","name":"宮崎県 宮崎郡","municipalityCount":15},"geometry":{"type":"MultiPolygon","coordinates":[[[[131.45864231195236,32.05201644070233],[131.50133524547655,32.034297899403995],[131.45345706111706,31.86208875759373],[131.488170297248,31.785132483188736],[131.46820552906178,31.720968744274316],[131.37986996842446,31.779201170073264],[131.24129646855653,31.77799480130401],[131.2217042932447,31.82722972669898],[131.2521016619139,31.888804799296054],[131.32165233180058,31.87641438672856],[131.35086982303423,31.94937456458542],[131.38666978838214,31.9590506474221],[131.40269128198102,32.06563835472177],[131.4517803931823,32.054077320683135],[131.45864231195236,32.05201644070233]]],[[[131.4728939893979,31.803202882044772],[131.47481905258226,31.80513809861211],[131.4770546098286,31.804308720083252],[131.4728939893979,31.803202882044772]]],[[[131.47180726018092,31.740421440678453],[131.4737633727715,31.739315602639977],[131.47292503880408,31.73707879388033],[131.47041003690194,31.737355253389946],[131.46957170293456,31.739315602639977],[131.47180726018092,31.740421440678453]]]]}},{"type":"Feature","properties":{"level":"county","prefecture":"宮崎県","district":"児湯郡","label":"児湯郡","name":"宮崎県 児湯郡","municipalityCount":15},"geometry":{"type":"MultiPolygon","coordinates":[[[[131.54346928968914,32.15744804459814],[131.50133524547655,32.034297899403995],[131.40269128198102,32.06563835472177],[131.37136243112582,32.01856484003837],[131.21782311746978,32.124172372713026],[131.1214147112206,32.14460524374218],[131.04183508313153,32.25858195975349],[131.10974013448964,32.31598500702358],[131.16783357348874,32.30070433594643],[131.1900028495151,32.34074069947587],[131.49903758941778,32.29540133989828],[131.54924447924222,32.32357507719677],[131.5719726445802,32.29623071842713],[131.58870827452168,32.3323966488219],[131.5143138972679,32.32925506348532],[131.5776857353209,32.35320651009144],[131.61426193582378,32.33757398145659],[131.54595324218508,32.16483705330978],[131.54346928968914,32.15744804459814]]]]}},{"type":"Feature","properties":{"level":"county","prefecture":"宮崎県","district":"西臼杵郡","label":"西臼杵郡","name":"宮崎県 西臼杵郡","municipalityCount":10},"geometry":{"type":"MultiPolygon","coordinates":[[[[131.44932749009254,32.610690844277975],[131.42877278318852,32.55989769255606],[131.36887847862988,32.56095326522916],[131.41303073424544,32.495985280468574],[131.38185713042122,32.46346358906424],[131.35577562921372,32.504354463805235],[131.2735878510039,32.5096323271707],[131.29799268427664,32.45911563495841],[131.25107703150934,32.44516699606397],[131.25855993840338,32.39975223843829],[131.1957780390682,32.37376504453405],[131.16783357348874,32.30070433594643],[131.1011704983786,32.31171245096582],[131.06813393018243,32.40749310470764],[131.01988315294855,32.43868276392926],[131.01947951066796,32.54921630241168],[131.0531370669881,32.587794970344945],[131.1059210575271,32.58053162504676],[131.11588791691713,32.64250882056692],[131.23499343909805,32.744321318154974],[131.26542185717346,32.82648005787735],[131.33938154274045,32.833492076348605],[131.36664292138352,32.80365958199239],[131.47525374426905,32.83723684606982],[131.51735673907544,32.80092011957889],[131.43433062689823,32.66186098624028],[131.4521529860567,32.61360623547033],[131.44932749009254,32.610690844277975]]]]}},{"type":"Feature","properties":{"level":"county","prefecture":"宮崎県","district":"西諸県郡","label":"西諸県郡","name":"宮崎県 西諸県郡","municipalityCount":7},"geometry":{"type":"MultiPolygon","coordinates":[[[[131.19733050937816,31.988481018855232],[131.19897612790672,31.939698481748735],[131.08868863708645,31.93788892859486],[131.08331708981393,31.909363333738668],[131.03031575343155,31.92894169355627],[130.9910072051831,31.88116446375748],[130.90083972958004,31.885763744690237],[130.8666853827607,31.933063453517867],[130.79952551715138,31.950203943114275],[130.7768594506258,32.01647882737488],[130.703551802589,32.07717425607771],[130.73519114750619,32.10894196700126],[130.9709492887783,32.12007574543412],[131.01317648120948,32.174387472733],[131.10896389933464,32.160137241646254],[131.17261518204344,32.126409181472674],[131.18456920343021,32.085116183808594],[131.15035275779846,32.02449615315385],[131.19211420913666,31.988179426662917],[131.19733050937816,31.988481018855232]]]]}},{"type":"Feature","properties":{"level":"county","prefecture":"宮崎県","district":"東臼杵郡","label":"東臼杵郡","name":"宮崎県 東臼杵郡","municipalityCount":18},"geometry":{"type":"MultiPolygon","coordinates":[[[[131.79068466184881,32.66326841647107],[131.68840791782796,32.558414864277196],[131.68452674205304,32.50897887742069],[131.71396157913009,32.51981106366124],[131.7289584423244,32.49203944928582],[131.65701696816038,32.479523373304865],[131.64174066031026,32.43953727514081],[131.6867622992994,32.42146687628477],[131.64285843893344,32.407870094948024],[131.62897935436231,32.342575385312436],[131.5143138972679,32.32925506348532],[131.58870827452168,32.3323966488219],[131.5719726445802,32.29623071842713],[131.54924447924222,32.32357507719677],[131.49903758941778,32.29540133989828],[131.19878983146953,32.33986105558163],[131.1957780390682,32.37376504453405],[131.25855993840338,32.39975223843829],[131.25107703150934,32.44516699606397],[131.29799268427664,32.45911563495841],[131.2735878510039,32.5096323271707],[131.35577562921372,32.504354463805235],[131.37785175702152,32.46308659882385],[131.41315493187022,32.487842291276145],[131.36788489763148,32.55791221062334],[131.44761977275158,32.57688738605632],[131.43433062689823,32.66186098624028],[131.49161678133612,32.774028149097724],[131.66884679192233,32.76658887502069],[131.71247120763252,32.77355062812656],[131.74134715539796,32.834296322194774],[131.8581860709263,32.82193104230998],[131.84700828469454,32.73592700213561],[131.8854474495694,32.74613087130884],[131.7919887369092,32.66422345841339],[131.79068466184881,32.66326841647107]]],[[[131.8650479896964,32.71534333501031],[131.86784243625434,32.713382985760276],[131.86616576831958,32.71283006674104],[131.8650479896964,32.71534333501031]]],[[[131.85644730417914,32.69699647664465],[131.855329525556,32.694508341058075],[131.85449119158858,32.69644355762541],[131.85644730417914,32.69699647664465]]],[[[131.84172988564063,32.684781992856],[131.84533161675978,32.685611371384866],[131.8442138381366,32.68422907383677],[131.84728772935034,32.6817158055675],[131.8430960595134,32.68199226507711],[131.84172988564063,32.684781992856]]],[[[131.82701246710212,32.656432326778656],[131.8083828233825,32.670054240798095],[131.83089364287704,32.66422345841339],[131.82701246710212,32.656432326778656]]],[[[131.66648703705118,32.46592659196813],[131.66729432161236,32.47007348461241],[131.66952987885873,32.47007348461241],[131.67120654679348,32.465373672948886],[131.66952987885873,32.46368978320848],[131.6656487030838,32.464519161737336],[131.66648703705118,32.46592659196813]]],[[[131.73035566560335,32.46592659196813],[131.73175288888234,32.46620305147775],[131.73231177819392,32.46341332369886],[131.73007622094758,32.46313686418924],[131.73035566560335,32.46592659196813]]]]}},{"type":"Feature","properties":{"level":"county","prefecture":"宮崎県","district":"東諸県郡","label":"東諸県郡","name":"宮崎県 東諸県郡","municipalityCount":7},"geometry":{"type":"MultiPolygon","coordinates":[[[[131.38682503541312,32.01833864589414],[131.38666978838214,31.9590506474221],[131.35086982303423,31.94937456458542],[131.32165233180058,31.87641438672856],[131.19571594025578,31.86985475654577],[131.20993656829512,31.978830068701242],[131.15035275779846,32.02449615315385],[131.18456920343021,32.085116183808594],[131.17044172360949,32.129425103395796],[131.38195027863983,32.01987173953839],[131.38682503541312,32.01833864589414]]]]}},{"type":"Feature","properties":{"level":"county","prefecture":"宮崎県","district":"南那珂郡","label":"南那珂郡","name":"宮崎県 南那珂郡","municipalityCount":16},"geometry":{"type":"MultiPolygon","coordinates":[[[[131.44305551004027,31.61654244768622],[131.38123614229724,31.55433905802183],[131.3893089879091,31.484897455741947],[131.33208493228358,31.39517377852907],[131.3423622857356,31.361294922259333],[131.30932571753942,31.39044883418285],[131.25405777450447,31.38044602647116],[131.2435009763967,31.425433528491062],[131.15988492550167,31.459613976953108],[131.20543440439621,31.579949261685677],[131.20251576021346,31.636975318715372],[131.16162369224884,31.674950802264014],[131.26961352701036,31.768544912611567],[131.37986996842446,31.779201170073264],[131.46364126635046,31.726422536418628],[131.44765082215778,31.61794987791701],[131.44305551004027,31.61654244768622]]],[[[131.41346542593223,31.550443492204465],[131.41181980740365,31.549614113675606],[131.41206820265324,31.55406259851221],[131.41346542593223,31.550443492204465]]],[[[131.4143037598996,31.54044068449278],[131.41734660170715,31.511286772569264],[131.4104225841247,31.542099441550494],[131.4143037598996,31.54044068449278]]],[[[131.38735287531853,31.477659243126453],[131.3890295432533,31.479619592376487],[131.39207238506083,31.477935702636074],[131.39179294040503,31.473210758289852],[131.3884706539417,31.474341729011023],[131.38735287531853,31.477659243126453]]],[[[131.38651454135115,31.452953816039546],[131.38486892282256,31.451822845318375],[131.38598670144574,31.45571841113574],[131.38763231997433,31.456547789664604],[131.38651454135115,31.452953816039546]]],[[[131.37263545678002,31.452099304827996],[131.37487101402635,31.455441951626124],[131.3784727451455,31.456547789664604],[131.3779138558339,31.448505331202945],[131.3729149014358,31.45016408826066],[131.37263545678002,31.452099304827996]]]]}},{"type":"Feature","properties":{"level":"county","prefecture":"宮崎県","district":"北諸県郡","label":"北諸県郡","name":"宮崎県 北諸県郡","municipalityCount":12},"geometry":{"type":"MultiPolygon","coordinates":[[[[131.25154277260233,31.887397369065262],[131.2217042932447,31.82722972669898],[131.26896148948018,31.755400519563292],[131.16162369224884,31.674950802264014],[131.19372877825901,31.61991022716704],[131.07872177769642,31.660147652158024],[131.0542548456113,31.63348187582109],[131.0168092617348,31.747332928418942],[130.97852534389094,31.75155521911131],[130.98982732774752,31.778070199352094],[130.8768385385879,31.815844621439194],[130.9024542987024,31.88445684519022],[130.9910072051831,31.88116446375748],[131.03565625129784,31.930323991104366],[131.08331708981393,31.909363333738668],[131.08868863708645,31.93788892859486],[131.20198792030806,31.93957281833527],[131.22040021818432,31.919441539498433],[131.19090328229487,31.90986598739252],[131.19571594025578,31.86985475654577],[131.24766159682738,31.88787489003642],[131.25154277260233,31.887397369065262]]]]}},{"type":"Feature","properties":{"level":"county","prefecture":"宮城県","district":"伊具郡","label":"伊具郡","name":"宮城県 伊具郡","municipalityCount":15},"geometry":{"type":"MultiPolygon","coordinates":[[[[140.8519881200525,37.94269000826138],[140.8577012107932,37.802650700297754],[140.76548447438097,37.79865460374962],[140.79467091620842,37.773320859595394],[140.69435028477812,37.80327901736507],[140.69006546672261,37.888227484866334],[140.6185897336516,37.91253078903016],[140.68425922776333,37.95930271152125],[140.7059627626967,38.02248627581065],[140.82308112288086,38.077149860667234],[140.8536958373935,37.94877211747301],[140.8519881200525,37.94269000826138]]]]}},{"type":"Feature","properties":{"level":"county","prefecture":"宮城県","district":"遠田郡","label":"遠田郡","name":"宮城県 遠田郡","municipalityCount":12},"geometry":{"type":"MultiPolygon","coordinates":[[[[141.19719541817753,38.59583816607882],[141.22895896071952,38.53856078222219],[141.17856577445787,38.531624161799016],[141.17564713027514,38.45522080641326],[141.12848308225824,38.438381909009166],[141.09650219387285,38.52348117260659],[140.9948153885698,38.554520035732054],[140.97140413629543,38.592470386597995],[141.00409916102342,38.62893790918508],[141.11078492072457,38.64386672270454],[141.1932831929964,38.59674294265575],[141.19719541817753,38.59583816607882]]]]}},{"type":"Feature","properties":{"level":"county","prefecture":"宮城県","district":"牡鹿郡","label":"牡鹿郡","name":"宮城県 牡鹿郡","municipalityCount":8},"geometry":{"type":"MultiPolygon","coordinates":[[[[141.41954021597147,38.48691311928873],[141.49840570771795,38.47877013009631],[141.47676427159698,38.462936539999916],[141.51008028444895,38.445720652355426],[141.44816776848734,38.445444192845805],[141.46872247539133,38.3946259084412],[141.538428392309,38.40075828301822],[141.48151483074548,38.37602772324861],[141.5339883272225,38.33880622018076],[141.52371097377048,38.27129983446821],[141.44900610245472,38.31548309064195],[141.46204685305847,38.35129716347902],[141.41593848485235,38.3468738113251],[141.45872456659512,38.372408616940874],[141.42981756942348,38.39904926059511],[141.24833379018796,38.40540782931636],[141.2559408947068,38.465726267778805],[141.36427227293652,38.50377714937552],[141.41683891763213,38.48532976027909],[141.41954021597147,38.48691311928873]]],[[[141.53069709016535,38.44913869720163],[141.51563812815863,38.46517334875956],[141.52923776807398,38.450169137192034],[141.53069709016535,38.44913869720163]]],[[[141.59229911206498,38.42352849353779],[141.59481411396712,38.422422655499304],[141.5911813334418,38.422422655499304],[141.59229911206498,38.42352849353779]]],[[[141.5539841448149,38.404905175662506],[141.55230747688015,38.40241704007593],[141.55174858756854,38.40435225664327],[141.5539841448149,38.404905175662506]]],[[[141.58369842654773,38.40379933762403],[141.5798172507728,38.39962731229704],[141.58202175861297,38.40435225664327],[141.58369842654773,38.40379933762403]]],[[[141.59869528974204,38.401311202037455],[141.59925417905364,38.39796855523933],[141.59673917715148,38.39630979818161],[141.5906534935364,38.39603333867199],[141.58897682560163,38.39907439327781],[141.590901888786,38.401034742527834],[141.59341689068816,38.39962731229704],[141.5964597324957,38.40269349958555],[141.5964597324957,38.39935085278742],[141.59869528974204,38.401311202037455]]],[[[141.6014586868938,38.3887951260565],[141.6059298013865,38.391861313345004],[141.60537091207493,38.387689288018024],[141.60285591017276,38.38520115243145],[141.60009251302102,38.386030530960305],[141.60257646551696,38.387689288018024],[141.6014586868938,38.3887951260565]]],[[[141.37843080216345,38.38102912710446],[141.3756674050117,38.38102912710446],[141.37762351760227,38.38293921098911],[141.37843080216345,38.38102912710446]]],[[[141.4181740420987,38.376580642267854],[141.4173357081313,38.376857101777475],[141.42009910528307,38.38075266759484],[141.42457021977577,38.37937037004674],[141.42705417227174,38.379923289065985],[141.4237318858084,38.37630418275823],[141.4181740420987,38.376580642267854]]],[[[141.41205730907743,38.29892065274747],[141.40982175183106,38.30130825760327],[141.40901446726988,38.3046509044014],[141.41093953045424,38.30879779704569],[141.41510015088497,38.31075814629572],[141.41482070622916,38.311863984334195],[141.4184534867545,38.311863984334195],[141.42121688390625,38.30992876776686],[141.42149632856203,38.3060332019495],[141.41957126537767,38.30630966145911],[141.4240113304642,38.29768915129553],[141.42429077511997,38.293793585478156],[141.42928972951808,38.293793585478156],[141.42928972951808,38.292134828420444],[141.42429077511997,38.29130544989158],[141.42065799459465,38.287686343583836],[141.41677681881973,38.28881731430501],[141.41205730907743,38.285751127016496],[141.40845557795828,38.28492174848764],[141.40677891002352,38.28602758652612],[141.40649946536772,38.2915819094012],[141.41205730907743,38.29892065274747]]],[[[141.43677263641214,38.28796280309346],[141.4334503499488,38.28881731430501],[141.43537541313316,38.29075253087234],[141.43677263641214,38.28796280309346]]],[[[141.56674545076285,38.313522741391914],[141.57674335955906,38.268535239372014],[141.56342316429954,38.312140443843816],[141.56674545076285,38.313522741391914]]],[[[141.49259946875867,38.259638269698804],[141.4612085190911,38.283815910449164],[141.4909538502301,38.25853243166033],[141.49259946875867,38.259638269698804]]]]}},{"type":"Feature","properties":{"level":"county","prefecture":"宮城県","district":"加美郡","label":"加美郡","name":"宮城県 加美郡","municipalityCount":7},"geometry":{"type":"MultiPolygon","coordinates":[[[[140.76728533994054,38.69194554469564],[140.9050826046535,38.56864460340533],[140.8905825319584,38.51337783416413],[140.72055598361044,38.494251862635],[140.62582424529606,38.44727887868237],[140.56344598824145,38.51063837175062],[140.57847390084197,38.56972530876112],[140.54360541768003,38.64645538902188],[140.58990008232334,38.63381364962746],[140.65075691847417,38.69996287047461],[140.76377675704,38.68578803743593],[140.76728533994054,38.69194554469564]]]]}},{"type":"Feature","properties":{"level":"county","prefecture":"宮城県","district":"刈田郡","label":"刈田郡","name":"宮城県 刈田郡","municipalityCount":11},"geometry":{"type":"MultiPolygon","coordinates":[[[[140.7013984999854,38.03728942591664],[140.67587588808948,37.94879725015571],[140.59126625619612,37.90617222030892],[140.48833747464508,37.899612590126125],[140.4614797382826,37.952592285242304],[140.3985425919164,37.97443258650224],[140.33423927167743,37.95141104915574],[140.27496595524275,37.98388247519469],[140.27707731486433,38.05616407061885],[140.40341734868971,38.07071589389791],[140.4457687387457,38.14347501029322],[140.69813831233446,38.136035736216186],[140.69540596458893,38.036359516657015],[140.7013984999854,38.03728942591664]]]]}},{"type":"Feature","properties":{"level":"county","prefecture":"宮城県","district":"宮城郡","label":"宮城郡","name":"宮城県 宮城郡","municipalityCount":14},"geometry":{"type":"MultiPolygon","coordinates":[[[[141.12221110220597,38.39319334552772],[141.03763251971878,38.343506031844285],[141.035800604753,38.3067117843822],[141.0898576209462,38.30047887907441],[140.9987897125633,38.272983724208615],[141.02679627695517,38.266298430612366],[140.9785765491275,38.20728689164994],[140.91272075857856,38.23412859676573],[140.99053057051427,38.26179968041038],[140.8795910421638,38.30942611411301],[140.8325511917717,38.30834540875722],[140.8214665537585,38.24835369516979],[140.72856673040988,38.24410627179472],[140.56319759299186,38.37720895933517],[140.58058526046352,38.437451999749534],[140.61964541346237,38.45469302007672],[140.6968342372741,38.415636831172286],[140.72595858028913,38.432576259307154],[140.83382421742587,38.347200536200106],[140.90840489111685,38.334232071930685],[141.0110852774183,38.36288333020035],[141.0687129753244,38.448183655259314],[141.11624961621567,38.443358180182315],[141.12721005660407,38.421945134528144],[141.0940182413769,38.40819755709525],[141.11935455683562,38.392615293825784],[141.12221110220597,38.39319334552772]],[[140.94575732677473,38.248806083458256],[140.9430870778416,38.248755818092874],[140.941907200406,38.2465944073813],[140.94569522796235,38.24335229131394],[140.94678195717933,38.24669493811207],[140.94935905789387,38.24845422590056],[140.94575732677473,38.248806083458256]]],[[[141.07153847128853,38.36821145893119],[141.0726252005055,38.365170404325376],[141.06986180335377,38.365446863835],[141.06902346938637,38.36765853991196],[141.07153847128853,38.36821145893119]]],[[[141.08513811120386,38.36489394481576],[141.08790150835563,38.36461748530614],[141.0848586665481,38.363235187758036],[141.08153638008474,38.3640645662869],[141.08513811120386,38.36489394481576]]],[[[141.07597853637503,38.36489394481576],[141.0781830442152,38.36293359556573],[141.07625798103084,38.36210421703687],[141.07458131309608,38.36351164726766],[141.07597853637503,38.36489394481576]]],[[[141.1261543767933,38.35152335762325],[141.12457085707712,38.34850743570013],[141.1206896813022,38.35350883955597],[141.12485030173292,38.35378529906559],[141.1261543767933,38.35152335762325]]],[[[141.11180955112917,38.34710000546934],[141.1140140589693,38.35016619275785],[141.11680850552727,38.351548490305944],[141.1148523929367,38.347678057171265],[141.11624961621567,38.34599416743086],[141.11373461431353,38.34544124841162],[141.11180955112917,38.34710000546934]]],[[[141.11910616158602,38.35262919566173],[141.1206896813022,38.35044265226746],[141.1190130133674,38.347954516680886],[141.11910616158602,38.35262919566173]]],[[[141.1308117877232,38.332246589997965],[141.1254091910445,38.331015088546025],[141.12680641432348,38.32852695295945],[141.12848308225824,38.329079871978685],[141.12736530363506,38.325762357863255],[141.12485030173292,38.326868195901724],[141.12404301717172,38.32546076567094],[141.12180745992538,38.326868195901724],[141.12152801526958,38.32988411782485],[141.11764683949465,38.33043703684409],[141.1154112822483,38.334609062171076],[141.119571902679,38.339334006517305],[141.12152801526958,38.334332602661455],[141.12404301717172,38.33516198119031],[141.12152801526958,38.33988692553654],[141.12376357251594,38.339334006517305],[141.12236634923696,38.34182214210388],[141.12457085707712,38.34126922308464],[141.12904197156982,38.34488832939238],[141.12792419294664,38.34710000546934],[141.13096703475418,38.34488832939238],[141.12708585897926,38.34240019380581],[141.12820363760244,38.33878108749806],[141.13208481337736,38.343229572334664],[141.12956981147522,38.336267819228794],[141.12652696966768,38.33543844069993],[141.1308117877232,38.332246589997965]]],[[[141.11180955112917,38.34710000546934],[141.11208899578494,38.345164788902004],[141.109294549227,38.34627062694048],[141.11180955112917,38.34710000546934]]],[[[141.1097913397262,38.3324727841422],[141.10845621525962,38.33154287488257],[141.10653115207526,38.33405614315184],[141.10345726086152,38.343229572334664],[141.10597226276366,38.34182214210388],[141.1048544841405,38.33988692553654],[141.10792837535422,38.33822816847882],[141.11208899578494,38.340439844555775],[141.11320677440813,38.33822816847882],[141.11820572880623,38.34126922308464],[141.1206896813022,38.34488832939238],[141.1206896813022,38.34240019380581],[141.1154112822483,38.33767524945958],[141.1156907269041,38.336267819228794],[141.11125066181756,38.336267819228794],[141.10845621525962,38.33377968364222],[141.1097913397262,38.3324727841422]]],[[[141.1137967131259,38.342425326488495],[141.1156907269041,38.34126922308464],[141.11264788509655,38.340163385046154],[141.11208899578494,38.34295311282504],[141.1137967131259,38.342425326488495]]],[[[141.09501182237528,38.332347120728734],[141.09237262284833,38.332673845603736],[141.0881809530114,38.33043703684409],[141.08541755585966,38.33377968364222],[141.08625588982704,38.33516198119031],[141.09069595491357,38.33543844069993],[141.0937387967211,38.336544278738415],[141.099017195775,38.33377968364222],[141.10125275302136,38.33405614315184],[141.10513392879628,38.33154287488257],[141.10513392879628,38.32711952272865],[141.10153219767716,38.33016057733447],[141.09681268793486,38.332673845603736],[141.09501182237528,38.332347120728734]]],[[[141.04430814205165,38.343229572334664],[141.04319036342847,38.340163385046154],[141.0407064109325,38.340439844555775],[141.04430814205165,38.343229572334664]]],[[[141.0523499382573,38.336267819228794],[141.05542382947104,38.3379517089692],[141.05374716153628,38.334609062171076],[141.0523499382573,38.336267819228794]]],[[[141.07268729931792,38.32538536762286],[141.068185135419,38.32350041642091],[141.06653951689043,38.326566603709416],[141.07430186844027,38.32711952272865],[141.07569909171926,38.325435632988246],[141.07268729931792,38.32538536762286]]],[[[140.88505573765488,38.26519259257388],[140.89666821557347,38.26959081204511],[140.89663716616727,38.266298430612366],[140.8947121029829,38.263986223804636],[140.88576987399748,38.26456427550657],[140.88505573765488,38.26519259257388]]]]}},{"type":"Feature","properties":{"level":"county","prefecture":"宮城県","district":"玉造郡","label":"玉造郡","name":"宮城県 玉造郡","municipalityCount":7},"geometry":{"type":"MultiPolygon","coordinates":[[[[140.94342862130978,38.71461522448443],[140.97286345838683,38.677318323368496],[140.90843594052305,38.67123621415686],[140.92489212580873,38.57716458283815],[140.76728533994054,38.69194554469564],[140.606977255733,38.70330551727273],[140.64644105101246,38.769530136167944],[140.5387617103129,38.87139289912139],[140.70307516792016,38.92283950059331],[140.7495871784069,38.87734934491956],[140.74648223778695,38.76950500348526],[140.94066522415804,38.71725415616717],[140.94342862130978,38.71461522448443]]]]}},{"type":"Feature","properties":{"level":"county","prefecture":"宮城県","district":"栗原郡","label":"栗原郡","name":"宮城県 栗原郡","municipalityCount":29},"geometry":{"type":"MultiPolygon","coordinates":[[[[140.99124470685686,38.87506227079452],[141.13978506611483,38.87752527369841],[141.10274312451892,38.83065282047656],[141.14245531504798,38.81190383918781],[141.1662391601967,38.73142898920584],[141.05523753303385,38.68360149404167],[141.0833993444567,38.62926463406009],[141.00409916102342,38.62893790918508],[140.97140413629543,38.592470386597995],[140.9054241481217,38.65505076650278],[140.96730561467712,38.66937639563761],[140.96475956336877,38.70421029384967],[140.73729161355192,38.779482678514256],[140.7495871784069,38.87734934491956],[140.7073599859757,38.92037649768943],[140.74524026153898,38.95639163198804],[140.82481988962803,38.963931436795846],[140.9883881614865,38.87501200542914],[140.99124470685686,38.87506227079452]]]]}},{"type":"Feature","properties":{"level":"county","prefecture":"宮城県","district":"黒川郡","label":"黒川郡","name":"宮城県 黒川郡","municipalityCount":10},"geometry":{"type":"MultiPolygon","coordinates":[[[[140.9779555610035,38.50365148596206],[141.0733082874419,38.44838471672085],[141.0110852774183,38.36288333020035],[140.97643414009974,38.37296153596011],[140.92476792818394,38.33232198804604],[140.83382421742587,38.347200536200106],[140.72595858028913,38.432576259307154],[140.6968342372741,38.415636831172286],[140.62582424529606,38.44727887868237],[140.72993290428266,38.49653893676003],[140.9691064802367,38.505762631308244],[140.9779555610035,38.50365148596206]]]]}},{"type":"Feature","properties":{"level":"county","prefecture":"宮城県","district":"志田郡","label":"志田郡","name":"宮城県 志田郡","municipalityCount":9},"geometry":{"type":"MultiPolygon","coordinates":[[[[140.96094048640623,38.594682062674956],[141.09650219387285,38.52348117260659],[141.1296940091,38.48341967639445],[141.11090911834938,38.443634639691936],[141.03418603563063,38.45378824349977],[140.9779555610035,38.50365148596206],[140.8955504369503,38.504556262539],[140.90713186546267,38.56414585320334],[140.8733190621115,38.59121375246336],[140.95398541941756,38.59483285877111],[140.96094048640623,38.594682062674956]]]]}},{"type":"Feature","properties":{"level":"county","prefecture":"宮城県","district":"柴田郡","label":"柴田郡","name":"宮城県 柴田郡","municipalityCount":8},"geometry":{"type":"MultiPolygon","coordinates":[[[[140.73828519455031,38.20781467798649],[140.79193856846288,38.17441334268791],[140.77703485348715,38.128521064091075],[140.8271175456868,38.12198656659098],[140.83469360079945,38.083709490850026],[140.7059627626967,38.02248627581065],[140.67680737027547,38.05332407747457],[140.69813831233446,38.136035736216186],[140.4457687387457,38.14347501029322],[140.47964364090925,38.18079704409186],[140.4811340124068,38.25521491754489],[140.6073187992012,38.26529312330466],[140.73570809383574,38.21070493649615],[140.73828519455031,38.20781467798649]]]]}},{"type":"Feature","properties":{"level":"county","prefecture":"宮城県","district":"登米郡","label":"登米郡","name":"宮城県 登米郡","municipalityCount":16},"geometry":{"type":"MultiPolygon","coordinates":[[[[141.36799820168045,38.69086483933985],[141.23100822152867,38.547281823116556],[141.05523753303385,38.68360149404167],[141.1662391601967,38.73142898920584],[141.1572037829927,38.78267452921622],[141.23370951986803,38.74781549832147],[141.31704612610724,38.82318841371683],[141.41482070622916,38.78621823747589],[141.37097894467558,38.692649259811034],[141.36799820168045,38.69086483933985]]]]}},{"type":"Feature","properties":{"level":"county","prefecture":"宮城県","district":"桃生郡","label":"桃生郡","name":"宮城県 桃生郡","municipalityCount":19},"geometry":{"type":"MultiPolygon","coordinates":[[[[141.53203221463193,38.54878978407812],[141.53535450109524,38.48794355927913],[141.46925031529673,38.520993037020006],[141.4958907058158,38.48002676423094],[141.36427227293652,38.50377714937552],[141.2559408947068,38.465726267778805],[141.24833379018796,38.40540782931636],[141.15987403192582,38.36434102579652],[141.1773548476161,38.319077064267],[141.13931932502183,38.324354927632456],[141.15248427325037,38.35609750587332],[141.0940182413769,38.40819755709525],[141.12721005660407,38.421945134528144],[141.1152870846235,38.44433835480733],[141.17564713027514,38.45522080641326],[141.1777274404905,38.53071938522208],[141.22650605762976,38.534087164702896],[141.27022362155853,38.604936197213576],[141.31670458263903,38.56874513413611],[141.40929391192566,38.61104343910789],[141.4233282435278,38.56183364639562],[141.52895832341818,38.54682943482808],[141.53203221463193,38.54878978407812]]],[[[141.49396564263145,38.55989842982828],[141.49340675331985,38.55738516155901],[141.4914816901355,38.556555783030156],[141.49396564263145,38.55989842982828]]],[[[141.516476462126,38.55489702597244],[141.51119806307213,38.54934270309735],[141.51035972910472,38.55127791966469],[141.51340257091226,38.55321313623203],[141.51396146022387,38.55600286401092],[141.516476462126,38.55489702597244]]],[[[141.16040187183123,38.352101409325186],[141.16291687373337,38.35544405612331],[141.1659597155409,38.35323238004635],[141.16040187183123,38.352101409325186]]],[[[141.15931514261425,38.31935352377661],[141.16040187183123,38.31714184769966],[141.1559618067447,38.3176947667189],[141.15515452218352,38.321037413517026],[141.15931514261425,38.31935352377661]]]]}},{"type":"Feature","properties":{"level":"county","prefecture":"宮城県","district":"本吉郡","label":"本吉郡","name":"宮城県 本吉郡","municipalityCount":17},"geometry":{"type":"MultiPolygon","coordinates":[[[[141.6129780165938,38.88106898195808],[141.5750666916243,38.90625193001614],[141.60394263938974,38.82929565561115],[141.5175942407492,38.78013612826426],[141.5650687828281,38.73929551888865],[141.5598214331804,38.689583072522524],[141.52507714764326,38.7168017678787],[141.49284786400827,38.67347302291651],[141.4442555433062,38.67347302291651],[141.4442555433062,38.64263522125259],[141.53007610204136,38.6371060310602],[141.52367992436427,38.60905795717517],[141.43140108913965,38.56022515470329],[141.40929391192566,38.61104343910789],[141.2873628937806,38.57027822778036],[141.29316913273988,38.62318252484846],[141.36734616415026,38.663193755695204],[141.36861918980443,38.71883751517681],[141.45856931956413,38.81434170940901],[141.48974292338832,38.99735790477712],[141.6317318579382,38.97071726112287],[141.6739590503694,38.85681594315963],[141.6380969862091,38.90180344517954],[141.6156172161207,38.88375817900619],[141.6129780165938,38.88106898195808]]],[[[141.61071140994122,38.852392591005724],[141.62421790163796,38.885416936063905],[141.63728970164792,38.84042943404401],[141.61366110353015,38.84736605446719],[141.61071140994122,38.852392591005724]]],[[[141.63728970164792,38.85013064956338],[141.63865587552067,38.851538079794175],[141.63949420948808,38.848471892505664],[141.63728970164792,38.85013064956338]]],[[[141.64089143276703,38.842917569630586],[141.64365482991877,38.842917569630586],[141.64172976673441,38.84098235306325],[141.64089143276703,38.842917569630586]]],[[[141.46285413761964,38.666536402493335],[141.4612085190911,38.665681891281785],[141.46201580365226,38.66874807857029],[141.46285413761964,38.666536402493335]]],[[[141.48840779892174,38.65346740749314],[141.4903639115123,38.651255731416185],[141.48676218039319,38.6501498933777],[141.48840779892174,38.65346740749314]]]]}},{"type":"Feature","properties":{"level":"county","prefecture":"宮城県","district":"名取郡","label":"名取郡","name":"宮城県 名取郡","municipalityCount":15},"geometry":{"type":"MultiPolygon","coordinates":[[[[140.83460045258084,38.24189459571777],[140.8019675266653,38.21718916863087],[140.88794333243143,38.236968589910006],[140.9785765491275,38.20728689164994],[140.9216319381578,38.0470409068014],[140.88691870202686,38.09484326928288],[140.84525039890724,38.08019091527305],[140.8271175456868,38.12198656659098],[140.77703485348715,38.128521064091075],[140.79193856846288,38.17441334268791],[140.73570809383574,38.21070493649615],[140.6073187992012,38.26529312330466],[140.46945943567584,38.256421286314136],[140.5560872789722,38.37756081689287],[140.72856673040988,38.24410627179472],[140.86096139844415,38.24963546198711],[140.83876107301157,38.240386634756206],[140.83460045258084,38.24189459571777]]]]}},{"type":"Feature","properties":{"level":"county","prefecture":"宮城県","district":"亘理郡","label":"亘理郡","name":"宮城県 亘理郡","municipalityCount":6},"geometry":{"type":"MultiPolygon","coordinates":[[[[140.9216319381578,38.0470409068014],[140.9307294141742,37.89614427991454],[140.85621083929564,37.890916681914455],[140.82308112288086,38.077149860667234],[140.88691870202686,38.09484326928288],[140.91865119516265,38.047769754599486],[140.9216319381578,38.0470409068014]]]]}},{"type":"Feature","properties":{"level":"county","prefecture":"京都府","district":"愛宕郡","label":"愛宕郡","name":"京都府 愛宕郡","municipalityCount":13},"geometry":{"type":"MultiPolygon","coordinates":[[[[135.8384094516282,35.09789652159394],[135.8332862996053,35.05300955030481],[135.79882145872395,35.03818126751612],[135.69104896980582,35.07753904861286],[135.713652937519,35.168820952152686],[135.77277100692265,35.15668186641212],[135.754762351327,35.24484731729805],[135.79422614660646,35.25414640989435],[135.79518867819863,35.3212506726838],[135.82962246967378,35.27674069163506],[135.8607650240918,35.28294846426016],[135.82990191432955,35.22170011653809],[135.85675965069206,35.15361567912361],[135.8385646986592,35.09804731769009],[135.8384094516282,35.09789652159394]]]]}},{"type":"Feature","properties":{"level":"county","prefecture":"京都府","district":"宇治郡","label":"宇治郡","name":"京都府 宇治郡","municipalityCount":4},"geometry":{"type":"MultiPolygon","coordinates":[[[[135.83657753666245,34.88683225234078],[135.79037602023772,34.90816989994687],[135.7863085480256,35.0090524882753],[135.83291370673092,35.00910275364069],[135.87843213621923,34.94742715031284],[135.8439051965255,34.88537455674461],[135.83657753666245,34.88683225234078]]],[[[135.8325411138565,34.87197883686941],[135.82999506254816,34.87765882315796],[135.83269636088752,34.88029775484069],[135.83471457229047,34.8768043119464],[135.8396824772824,34.874165380263676],[135.83660858606865,34.87240609247519],[135.8325411138565,34.87197883686941]]],[[[135.8439051965255,34.87230556174441],[135.84033451481258,34.8737381246579],[135.84291161552713,34.87698024072525],[135.8441846411813,34.87554767781177],[135.8439051965255,34.87230556174441]]]]}},{"type":"Feature","properties":{"level":"county","prefecture":"京都府","district":"乙訓郡","label":"乙訓郡","name":"京都府 乙訓郡","municipalityCount":11},"geometry":{"type":"MultiPolygon","coordinates":[[[[135.70511435081414,34.96346180187078],[135.7384303636661,34.93616770846652],[135.6826966795382,34.88783755964849],[135.63848232511023,34.932121346553004],[135.59970161676716,34.92807498463948],[135.64239455029136,35.00055764152518],[135.7023199042562,34.96341153650539],[135.70511435081414,34.96346180187078]]]]}},{"type":"Feature","properties":{"level":"county","prefecture":"京都府","district":"何鹿郡","label":"何鹿郡","name":"京都府 何鹿郡","municipalityCount":14},"geometry":{"type":"MultiPolygon","coordinates":[[[[135.378412498784,35.3020493031066],[135.23869017088668,35.26487806540412],[135.1480880035968,35.33514904621286],[135.21204978036758,35.39519102516568],[135.39170164463735,35.38262468381934],[135.40890301567183,35.42788864534886],[135.47031874113424,35.45447902363772],[135.52580403001258,35.420424238589135],[135.53437366612363,35.37116418051147],[135.37875404225218,35.30214983383737],[135.378412498784,35.3020493031066]]]]}},{"type":"Feature","properties":{"level":"county","prefecture":"京都府","district":"加佐郡","label":"加佐郡","name":"京都府 加佐郡","municipalityCount":27},"geometry":{"type":"MultiPolygon","coordinates":[[[[135.43827575393647,35.7114607041704],[135.43855519859224,35.708696109074204],[135.43659908600168,35.71090778515116],[135.43827575393647,35.7114607041704]]],[[[135.42327889074215,35.676199550352564],[135.4213227781516,35.68037157567955],[135.4249555586769,35.68507138734308],[135.42523500333272,35.68813757463159],[135.42660117720547,35.68620235806425],[135.42743951117285,35.68175387322765],[135.4263217325497,35.67868768593914],[135.42327889074215,35.676199550352564]]],[[[135.4782673891213,35.60562697735151],[135.48134128033504,35.60148008470722],[135.48106183567924,35.59396541258211],[135.47994405705606,35.592859574543624],[135.47438621334638,35.594794791110964],[135.47606288128114,35.59537284281289],[135.47578343662533,35.59869035692833],[135.4774601045601,35.599519735457186],[135.47718065990432,35.602585922745696],[135.4782673891213,35.60562697735151]]],[[[135.4675863933887,35.45226734756076],[135.40890301567183,35.42788864534886],[135.39170164463735,35.38262468381934],[135.21204978036758,35.39519102516568],[135.1480880035968,35.33514904621286],[135.09934043586372,35.38574113647323],[135.1270675555998,35.42801430876232],[135.10893470237934,35.46239581868591],[135.1744489494601,35.4569168938589],[135.25496005973517,35.53442608728314],[135.3310621543299,35.51675781135018],[135.3167173286658,35.450985580743435],[135.34745624080318,35.49423892765754],[135.39828411875163,35.47873206243615],[135.39468238763249,35.51675781135018],[135.34382346027786,35.50368881634999],[135.33854506122395,35.547294020821795],[135.4624321919596,35.60341530127455],[135.44995033066743,35.57091874255292],[135.48661967938892,35.5579251456008],[135.44932934254345,35.52371956445606],[135.47621812831213,35.50549836950386],[135.47031874113424,35.45447902363772],[135.4675863933887,35.45226734756076]]],[[[135.47938516774448,35.56591733869707],[135.47606288128114,35.56674671722593],[135.48022350171186,35.56757609575479],[135.47938516774448,35.56591733869707]]],[[[135.33848296241158,35.49383680473446],[135.33938339519136,35.49841095298453],[135.34133950778192,35.497305114946045],[135.34605901752423,35.497581574455666],[135.34745624080318,35.49564635788833],[135.34522068355685,35.49451538716716],[135.33848296241158,35.49383680473446]]],[[[135.34553117761882,35.489689912090164],[135.34326457096628,35.48732743991705],[135.34326457096628,35.49011716769594],[135.34553117761882,35.489689912090164]]],[[[135.3935646090093,35.57313041862987],[135.39328516435353,35.577578903466474],[135.3952102275379,35.57592014640876],[135.3935646090093,35.57313041862987]]]]}},{"type":"Feature","properties":{"level":"county","prefecture":"京都府","district":"葛野郡","label":"葛野郡","name":"京都府 葛野郡","municipalityCount":12},"geometry":{"type":"MultiPolygon","coordinates":[[[[135.69104896980582,35.07753904861286],[135.73287251995643,35.00827337511183],[135.70511435081414,34.96346180187078],[135.59044889371975,35.07763957934363],[135.61743082770704,35.10068624937282],[135.64105942582478,35.065148636045365],[135.6871056952185,35.16781564484498],[135.7170683722009,35.1605271668641],[135.69579952895432,35.07736311983401],[135.69104896980582,35.07753904861286]]]]}},{"type":"Feature","properties":{"level":"county","prefecture":"京都府","district":"紀伊郡","label":"紀伊郡","name":"京都府 紀伊郡","municipalityCount":10},"geometry":{"type":"MultiPolygon","coordinates":[[[[135.7872400302116,34.97130319887089],[135.78984818033234,34.916991471572004],[135.71660263110795,34.90744105214878],[135.7384303636661,34.93616770846652],[135.72051485628907,34.98540263386148],[135.78444558365362,34.9712780661882],[135.7872400302116,34.97130319887089]]]]}},{"type":"Feature","properties":{"level":"county","prefecture":"京都府","district":"久世郡","label":"久世郡","name":"京都府 久世郡","municipalityCount":10},"geometry":{"type":"MultiPolygon","coordinates":[[[[135.82527555280586,34.88218270604264],[135.83409358416648,34.84988720878254],[135.7652570506224,34.83362636308038],[135.7084676866837,34.903595751696805],[135.78984818033234,34.916991471572004],[135.82220166159212,34.88195651189841],[135.82527555280586,34.88218270604264]],[[135.8325411138565,34.87197883686941],[135.83660858606865,34.87240609247519],[135.8396824772824,34.874165380263676],[135.83471457229047,34.8768043119464],[135.83269636088752,34.88029775484069],[135.82999506254816,34.87765882315796],[135.8325411138565,34.87197883686941]]]]}},{"type":"Feature","properties":{"level":"county","prefecture":"京都府","district":"熊野郡","label":"熊野郡","name":"京都府 熊野郡","municipalityCount":9},"geometry":{"type":"MultiPolygon","coordinates":[[[[134.95334612791413,35.64973483547717],[135.00125536167982,35.62125950598636],[135.00830357688707,35.53842218383127],[134.92689203383225,35.51253552065781],[134.85373963282643,35.58908967213972],[134.86411013449703,35.65156952131373],[134.95331507850793,35.65016209108295],[134.95334612791413,35.64973483547717]]]]}},{"type":"Feature","properties":{"level":"county","prefecture":"京都府","district":"船井郡","label":"船井郡","name":"京都府 船井郡","municipalityCount":23},"geometry":{"type":"MultiPolygon","coordinates":[[[[135.51108661147407,35.23459318275944],[135.59668982436582,35.21212456443217],[135.55331380390527,35.0616049277857],[135.38583330686566,35.028103061756354],[135.38931084036,35.12888511935401],[135.2788991519149,35.14959444989278],[135.31861134244394,35.2738504331254],[135.42843309217125,35.342236462732195],[135.4981079596827,35.34216106468412],[135.45603601428252,35.26128409177906],[135.50664654638754,35.23461831544213],[135.51108661147407,35.23459318275944]]]]}},{"type":"Feature","properties":{"level":"county","prefecture":"京都府","district":"相楽郡","label":"相楽郡","name":"京都府 相楽郡","municipalityCount":19},"geometry":{"type":"MultiPolygon","coordinates":[[[[135.97667245743415,34.74053490638668],[135.92441630680057,34.757675395983085],[135.88988936710683,34.70831480717466],[135.8495561884538,34.70597746768424],[135.73638110285697,34.749959662396435],[135.9587879994633,34.85501427605185],[136.02759348360118,34.821814002214815],[136.01026791494192,34.799546445349094],[136.05547585036825,34.73854942445396],[136.02815237291279,34.7061282637804],[135.97720029733955,34.73792110738664],[135.97667245743415,34.74053490638668]],[[135.86259693905754,34.79534928733942],[135.86085817231037,34.79394185710863],[135.85846736803302,34.79630432928174],[135.85207119035596,34.80037582387796],[135.85086026351416,34.799948568272185],[135.86085817231037,34.79328840735862],[135.86259693905754,34.79534928733942]]]]}},{"type":"Feature","properties":{"level":"county","prefecture":"京都府","district":"竹野郡","label":"竹野郡","name":"京都府 竹野郡","municipalityCount":15},"geometry":{"type":"MultiPolygon","coordinates":[[[[135.12455255369767,35.69075137363163],[135.15156553709113,35.63251894783268],[135.12486304775965,35.61862057430363],[135.07667436933818,35.66368347437161],[135.00690635360812,35.59203019601477],[135.00125536167982,35.62125950598636],[134.9546812523807,35.630357537121114],[134.98526491748711,35.69283738629512],[135.2316419556794,35.77228179628669],[135.19286124733634,35.7176433441128],[135.12691230856882,35.69424481652591],[135.12455255369767,35.69075137363163]]]]}},{"type":"Feature","properties":{"level":"county","prefecture":"京都府","district":"中郡","label":"中郡","name":"京都府 中郡","municipalityCount":13},"geometry":{"type":"MultiPolygon","coordinates":[[[[135.10859315891116,35.62342091669793],[135.18314278319593,35.61412182410164],[135.11840477127018,35.546967295946786],[135.00513653745475,35.535607323369696],[135.05081021397407,35.65481163738109],[135.08217011423545,35.66109480805426],[135.10378050095025,35.624350825957556],[135.10859315891116,35.62342091669793]]]]}},{"type":"Feature","properties":{"level":"county","prefecture":"京都府","district":"綴喜郡","label":"綴喜郡","name":"京都府 綴喜郡","municipalityCount":14},"geometry":{"type":"MultiPolygon","coordinates":[[[[135.72011121400845,34.892864096187026],[135.7652570506224,34.83362636308038],[135.8229778967471,34.84156829081127],[135.86663336186348,34.89213524838894],[135.89731017518847,34.871300254436704],[135.94090354149245,34.89369347471589],[135.94705132391994,34.853833039965295],[135.73672264632515,34.75181948091569],[135.74603746818497,34.803643072628006],[135.67993328238643,34.88135332751378],[135.71595059357776,34.89922266490828],[135.72011121400845,34.892864096187026]]],[[[135.86259693905754,34.79534928733942],[135.86085817231037,34.79328840735862],[135.85086026351416,34.799948568272185],[135.85207119035596,34.80037582387796],[135.85846736803302,34.79630432928174],[135.86085817231037,34.79394185710863],[135.86259693905754,34.79534928733942]]]]}},{"type":"Feature","properties":{"level":"county","prefecture":"京都府","district":"天田郡","label":"天田郡","name":"京都府 天田郡","municipalityCount":21},"geometry":{"type":"MultiPolygon","coordinates":[[[[135.10697858978878,35.450709121233814],[135.1270675555998,35.42801430876232],[135.10014772042493,35.382825745280876],[135.15050985728035,35.32622694385696],[135.23869017088668,35.26487806540412],[135.31861134244394,35.2738504331254],[135.2893317523979,35.17241492577774],[135.20562255328431,35.16100468783526],[135.15724757842563,35.26123382641368],[135.06791843678994,35.23735777785563],[134.92161363477834,35.31514343078948],[134.9341265454767,35.40738037627163],[135.0019694980224,35.38704803597325],[135.0487299037587,35.40735524358894],[135.04984768238188,35.450709121233814],[135.1016691413287,35.448949833445326],[135.10697858978878,35.450709121233814]]]]}},{"type":"Feature","properties":{"level":"county","prefecture":"京都府","district":"南桑田郡","label":"南桑田郡","name":"京都府 南桑田郡","municipalityCount":18},"geometry":{"type":"MultiPolygon","coordinates":[[[[135.60501106522727,35.06205731607417],[135.64127677166817,34.97562602029403],[135.57312332506046,34.91684067547585],[135.47742905515392,34.93923389575503],[135.4874580133563,34.992238723553896],[135.37779151066002,35.02078945109278],[135.55331380390527,35.0616049277857],[135.56970789037854,35.101088372295905],[135.6025271127313,35.06293695996841],[135.60501106522727,35.06205731607417]]]]}},{"type":"Feature","properties":{"level":"county","prefecture":"京都府","district":"北桑田郡","label":"北桑田郡","name":"京都府 北桑田郡","municipalityCount":12},"geometry":{"type":"MultiPolygon","coordinates":[[[[135.79518867819863,35.3212506726838],[135.79422614660646,35.25414640989435],[135.754762351327,35.24484731729805],[135.77277100692265,35.15668186641212],[135.6757726619557,35.1660060916911],[135.6355015821151,35.06208244875686],[135.61743082770704,35.10068624937282],[135.5619455388287,35.10802499271909],[135.5877475953804,35.22310754676888],[135.45603601428252,35.26128409177906],[135.5344978637484,35.37744735118464],[135.76879668292912,35.356009172847784],[135.7915558976733,35.32321102193384],[135.79518867819863,35.3212506726838]]]]}},{"type":"Feature","properties":{"level":"county","prefecture":"京都府","district":"与謝郡","label":"与謝郡","name":"京都府 与謝郡","municipalityCount":24},"geometry":{"type":"MultiPolygon","coordinates":[[[[135.2997333034747,35.677983970823746],[135.18665136609647,35.55842779925465],[135.20198977275896,35.537542539937036],[135.2538733305182,35.59979619496681],[135.27442803742218,35.56008655631237],[135.2363614654217,35.551466046148775],[135.25399752814297,35.51055003872509],[135.1744489494601,35.4569168938589],[135.04823311325953,35.45186522463768],[135.03711742584014,35.537266080427415],[135.11840477127018,35.546967295946786],[135.18118667060537,35.606431223197674],[135.12691230856882,35.69424481652591],[135.23313232717697,35.76944180314241],[135.2999506493181,35.68147741371803],[135.2997333034747,35.677983970823746]]],[[[135.28215933956585,35.665367364112015],[135.2835565628448,35.667302580679355],[135.2852332307796,35.665090904602394],[135.28215933956585,35.665367364112015]]]]}},{"type":"Feature","properties":{"level":"county","prefecture":"熊本県","district":"阿蘇郡","label":"阿蘇郡","name":"熊本県 阿蘇郡","municipalityCount":26},"geometry":{"type":"MultiPolygon","coordinates":[[[[131.24626437354843,32.96076398150436],[131.25738006096782,32.8874268134071],[131.32950783156903,32.833014555377446],[131.25498925669046,32.81557247358873],[131.23499343909805,32.744321318154974],[131.11588791691713,32.64250882056692],[131.10498957534114,32.57960171578713],[131.0542858950175,32.587845235710326],[131.03624619001565,32.66032789259602],[131.13038798961225,32.70807998971212],[131.10036321381742,32.79089217918451],[130.95253699090205,32.796647563521134],[130.86373568917173,32.844701252829545],[130.98864745031196,32.88267673637819],[130.94272537854303,32.9636793726967],[131.02404377337928,33.08753323300625],[130.97833904745374,33.14088991836281],[130.99290121896126,33.18369087698845],[131.06061997388218,33.19502571688285],[131.14712361955372,33.155416608959186],[131.2634967939891,32.97654730623536],[131.24629542295463,32.96081424686974],[131.24626437354843,32.96076398150436]]]]}},{"type":"Feature","properties":{"level":"county","prefecture":"熊本県","district":"葦北郡","label":"葦北郡","name":"熊本県 葦北郡","municipalityCount":11},"geometry":{"type":"MultiPolygon","coordinates":[[[[130.64219817593897,32.36489320754354],[130.60301382531532,32.34051450533164],[130.58249016781753,32.154834245598096],[130.42891980475525,32.113817707443644],[130.36073530874137,32.16833049620407],[130.40212416720516,32.23535936094545],[130.44379247032478,32.234529982416596],[130.42463498669974,32.250338439830294],[130.45018864800184,32.28866578093663],[130.4901181843743,32.29628098379251],[130.46490606654038,32.326163743514115],[130.57488306329867,32.43451073860227],[130.5677106504666,32.461729433958446],[130.6466382410255,32.42071289580399],[130.64480632605972,32.37007054017823],[130.64219817593897,32.36489320754354]]],[[[130.36741093107423,32.19979661493531],[130.36769037573004,32.197584938858355],[130.3632503106435,32.194242292060224],[130.3632503106435,32.195649722291016],[130.3596485795244,32.19647910081987],[130.3646475339225,32.200349533954544],[130.36741093107423,32.19979661493531]]]]}},{"type":"Feature","properties":{"level":"county","prefecture":"熊本県","district":"宇土郡","label":"宇土郡","name":"熊本県 宇土郡","municipalityCount":12},"geometry":{"type":"MultiPolygon","coordinates":[[[[130.61676871226166,32.71388563941413],[130.71674780022374,32.68113775386557],[130.65989633747265,32.6322546860283],[130.45906877817487,32.60835350478756],[130.61285648708053,32.71481554867376],[130.61676871226166,32.71388563941413]]],[[[130.48161064707566,32.59189159762385],[130.5107349900907,32.60531245018174],[130.4796234850789,32.59030823861421],[130.48161064707566,32.59189159762385]]],[[[130.473258356808,32.593324160537335],[130.47043286084386,32.59279637420079],[130.47127119481124,32.594756723450814],[130.473258356808,32.593324160537335]]]]}},{"type":"Feature","properties":{"level":"county","prefecture":"熊本県","district":"下益城郡","label":"下益城郡","name":"熊本県 下益城郡","municipalityCount":18},"geometry":{"type":"MultiPolygon","coordinates":[[[[130.75704992947058,32.728336931962424],[130.81411873806508,32.628761243134015],[130.90636652388352,32.66467584670186],[130.97691077476858,32.647635887836216],[130.9499288407813,32.63376264698986],[130.96610558141117,32.59907954487396],[130.82101170624136,32.56077733645031],[130.7827277883975,32.595359907835444],[130.72376496602482,32.55859079305605],[130.6305856980204,32.62257860319161],[130.65396590088855,32.61280198962416],[130.71674780022374,32.68113775386557],[130.6459241046829,32.723134466645035],[130.75195782685387,32.733162407039416],[130.75704992947058,32.728336931962424]]]]}},{"type":"Feature","properties":{"level":"county","prefecture":"熊本県","district":"菊池郡","label":"菊池郡","name":"熊本県 菊池郡","municipalityCount":25},"geometry":{"type":"MultiPolygon","coordinates":[[[[130.94272537854303,32.9636793726967],[130.98476627453704,32.87433268572422],[130.7251311398976,32.85193946544504],[130.72860867339193,32.966418835110204],[130.84758999794803,33.09376613831403],[130.95666656192657,33.04747173679411],[130.95337532486943,32.97566766234112],[130.94272537854303,32.9636793726967]]]]}},{"type":"Feature","properties":{"level":"county","prefecture":"熊本県","district":"球磨郡","label":"球磨郡","name":"熊本県 球磨郡","municipalityCount":25},"geometry":{"type":"MultiPolygon","coordinates":[[[[131.01432530923887,32.46275987394885],[131.1118514941112,32.330084442014176],[131.04183508313153,32.25858195975349],[131.10036321381742,32.20002280907954],[131.09741352022846,32.15229584464613],[131.01317648120948,32.174387472733],[130.9554245856786,32.115375933770586],[130.90708066022611,32.13339606726124],[130.85706006683887,32.09969313977035],[130.74208411568247,32.097883586616476],[130.57938522719758,32.19439308815638],[130.6043179003757,32.34297750823552],[130.65216503532898,32.37859051961105],[130.67067048142383,32.34016264777394],[130.70109889949924,32.34719979892789],[130.74270510380646,32.39892285990943],[130.72047372896768,32.4186268831405],[130.73658837078517,32.47112905728551],[130.8401381404602,32.49895093702631],[130.90999930440884,32.439788601967734],[131.01305228358467,32.46100058616036],[131.01432530923887,32.46275987394885]]]]}},{"type":"Feature","properties":{"level":"county","prefecture":"熊本県","district":"玉名郡","label":"玉名郡","name":"熊本県 玉名郡","municipalityCount":43},"geometry":{"type":"MultiPolygon","coordinates":[[[[130.6556736182295,33.1086195537854],[130.63176557545597,33.06911097659251],[130.65464898782494,32.971897759937214],[130.62940582058482,32.94470419726373],[130.65194768948558,32.88792946706096],[130.62204711131557,32.84472638551224],[130.52377574069445,32.85196459812773],[130.52737747181357,32.878328782272355],[130.44404086557438,32.91444444730174],[130.41376769452995,33.00223290794728],[130.50610862856698,33.002785826966516],[130.4950239905538,33.048678105563354],[130.56181126328872,33.104196201631495],[130.650457317988,33.11032857620851],[130.6556736182295,33.1086195537854]]]]}},{"type":"Feature","properties":{"level":"county","prefecture":"熊本県","district":"鹿本郡","label":"鹿本郡","name":"熊本県 鹿本郡","municipalityCount":27},"geometry":{"type":"MultiPolygon","coordinates":[[[[130.65880960825567,33.095399762689055],[130.68001635268985,33.17130046442096],[130.8457580829823,33.092182779304395],[130.72860867339193,32.966418835110204],[130.70168883821702,32.87496100279154],[130.64359539921796,32.85880068782014],[130.65312756692117,33.04812518654412],[130.63176557545597,33.06911097659251],[130.6565119521969,33.09331375002556],[130.65880960825567,33.095399762689055]]]]}},{"type":"Feature","properties":{"level":"county","prefecture":"熊本県","district":"上益城郡","label":"上益城郡","name":"熊本県 上益城郡","municipalityCount":31},"geometry":{"type":"MultiPolygon","coordinates":[[[[130.8749755742159,32.83680959046404],[130.95253699090205,32.796647563521134],[131.10036321381742,32.79089217918451],[131.12954965564487,32.70478760827938],[131.03624619001565,32.66032789259602],[131.0604026280388,32.60616696139329],[131.03894748835498,32.55441876772906],[130.95058087831148,32.579476052373664],[130.9499288407813,32.63376264698986],[130.97691077476858,32.647635887836216],[130.8761244022453,32.66417319304801],[130.82023547108636,32.62627310754744],[130.75195782685387,32.733162407039416],[130.69613099450734,32.73512275628945],[130.829053502447,32.815371412127185],[130.80489706442387,32.85219079227197],[130.87438563549813,32.84007683921409],[130.8749755742159,32.83680959046404]]]]}},{"type":"Feature","properties":{"level":"county","prefecture":"熊本県","district":"天草郡","label":"天草郡","name":"熊本県 天草郡","municipalityCount":63},"geometry":{"type":"MultiPolygon","coordinates":[[[[130.41836300664747,32.57769163190248],[130.39352348168794,32.588925941066115],[130.44459975488596,32.62529293292243],[130.4532625392156,32.55391611407521],[130.4049186137631,32.550573467277076],[130.41935658764584,32.5755804865563],[130.41836300664747,32.57769163190248]]],[[[130.45155482187462,32.59724485903739],[130.44987815393986,32.59365088541234],[130.4476736460997,32.596691940018154],[130.45155482187462,32.59724485903739]]],[[[130.3890834166014,32.58668913230646],[130.39240570306475,32.58364807770065],[130.3893628612572,32.58251710697948],[130.3843639068591,32.57919959286404],[130.38104162039576,32.58085834992176],[130.38076217574,32.58337161819103],[130.38632001944967,32.586136213287226],[130.3890834166014,32.58668913230646]]],[[[130.33546109209504,32.59975812730666],[130.33325658425488,32.60058750583552],[130.33046213769694,32.60503599067212],[130.3321388056317,32.606141828710605],[130.336858315374,32.60669474772984],[130.3429750483953,32.604206612143265],[130.34381338236267,32.603075641422095],[130.34101893580473,32.59862715658549],[130.33546109209504,32.59975812730666]]],[[[130.47462453068079,32.58668913230646],[130.4638193373234,32.539213494699986],[130.47043286084386,32.586136213287226],[130.47462453068079,32.58668913230646]]],[[[130.45602593636733,32.57309235096972],[130.45462871308837,32.56640705737347],[130.4524242052482,32.568920325642736],[130.45602593636733,32.57309235096972]]],[[[130.1227105608167,32.55029700776746],[130.12190327625552,32.5508499267867],[130.11494820926686,32.549191169728985],[130.10550918978225,32.549467629238606],[130.106875363655,32.55115151897901],[130.11466876461105,32.553086735546344],[130.11938827435338,32.55253381652711],[130.1235488947841,32.55115151897901],[130.1227105608167,32.55029700776746]]],[[[130.18779011621066,32.54310906051735],[130.2007377185958,32.44727814141015],[130.31686249778159,32.51697107051696],[130.36573426313947,32.52727547042096],[130.39268514772056,32.49950385604555],[130.46130433542123,32.5292106869883],[130.40380083513995,32.3942230482459],[130.35213462322412,32.37838945814951],[130.34937122607238,32.421718203111695],[130.2335258915424,32.38504961906307],[130.24268546637123,32.413952204159656],[130.21036303451763,32.43026331522721],[130.20412210387155,32.32505790547564],[130.17273115420394,32.31033015341772],[130.15745484635386,32.335060713187325],[130.1393840919458,32.29728629110022],[130.16661442118266,32.295602401359815],[130.0921579451165,32.25533984368614],[130.09827467813778,32.22895052685882],[130.07967608382432,32.24337668672442],[130.077440526578,32.21201109872395],[129.99910287473688,32.19062318575248],[130.0127335640584,32.23422839022428],[129.9671530357577,32.24337668672442],[129.9816220590466,32.26866016551326],[130.0713237935567,32.30032734570604],[129.9769025493043,32.329229930802626],[130.04632902156618,32.48668618787228],[130.0124541194026,32.52946201381523],[130.1862997447131,32.54474268489238],[130.18779011621066,32.54310906051735]]],[[[130.42851616247466,32.54310906051735],[130.4049186137631,32.544466225382756],[130.42714998860188,32.543661979536594],[130.42851616247466,32.54310906051735]]],[[[130.39131897384777,32.546979493652024],[130.39603848359008,32.54474268489238],[130.39212625840895,32.54310906051735],[130.38824508263403,32.543661979536594],[130.38880397194563,32.54615011512317],[130.39131897384777,32.546979493652024]]],[[[130.4001991040208,32.54310906051735],[130.4065952816979,32.54310906051735],[130.40687472635366,32.53810765666151],[130.40435972445152,32.53976641371923],[130.40324194582834,32.53617244009418],[130.4004785486766,32.53617244009418],[130.39964021470922,32.53783119715189],[130.3954795942785,32.539213494699986],[130.39684576815128,32.541450303459634],[130.4001991040208,32.54310906051735]]],[[[130.4313106090326,32.526169632382484],[130.42823671781886,32.520338849997785],[130.42547332066712,32.520615309507406],[130.42215103420378,32.523656364113215],[130.42407609738814,32.526722551401726],[130.42879560713047,32.52978873869023],[130.42935449644204,32.52727547042096],[130.4313106090326,32.526169632382484]]],[[[130.19797432144406,32.5436368468539],[130.1965770981651,32.539741281036534],[130.19409314566914,32.540017740546155],[130.19381370101334,32.54170163028656],[130.1960182088535,32.54391330636352],[130.19797432144406,32.5436368468539]]],[[[130.44019073920563,32.537278278132646],[130.43823462661507,32.53089457672871],[130.43547122946333,32.53172395525757],[130.43907296058245,32.53893703519037],[130.44019073920563,32.537278278132646]]],[[[130.43047227506523,32.53200041476719],[130.43519178480753,32.53144749574795],[130.4363095634307,32.5292106869883],[130.4327078323116,32.52810484894982],[130.43047227506523,32.53200041476719]]],[[[130.37268933012814,32.53061811721909],[130.37352766409552,32.532553333786424],[130.37492488737448,32.53034165770947],[130.37352766409552,32.526722551401726],[130.37268933012814,32.53061811721909]]],[[[130.2321286682634,32.406161072524924],[130.22964471576748,32.40339647742873],[130.2282474924885,32.40505523448645],[130.23129033429603,32.40754337007302],[130.2321286682634,32.406161072524924]]],[[[130.2335258915424,32.40115966866908],[130.23464367016558,32.40060674964984],[130.23076249439063,32.39894799259213],[130.22964471576748,32.400330290140225],[130.2321286682634,32.40312001791911],[130.2335258915424,32.40115966866908]]],[[[130.33074158235274,32.39505242677476],[130.32797818520098,32.38615545710155],[130.3260220726104,32.38615545710155],[130.3271398512336,32.39005102291892],[130.32574262795464,32.39256429118818],[130.32825762985678,32.395328886284375],[130.33074158235274,32.39505242677476]]],[[[130.34111208402334,32.38962376731314],[130.34409282701847,32.392061637534326],[130.3424161590837,32.38894518488044],[130.33629942606242,32.38366732151498],[130.33657887071823,32.38504961906307],[130.34111208402334,32.38962376731314]]],[[[130.3268604065778,32.37949529618799],[130.32325867545867,32.37756007962065],[130.32546318329884,32.37255867576481],[130.32325867545867,32.37255867576481],[130.32325867545867,32.37004540749554],[130.31881861037215,32.370623459197475],[130.31962589493335,32.37283513527443],[130.31798027640477,32.373940973312905],[130.31962589493335,32.377007160601416],[130.3171419424374,32.376730701091795],[130.32462484933146,32.38173210494764],[130.3268604065778,32.37949529618799]]],[[[130.30962798613714,32.372282216255186],[130.31046632010452,32.37004540749554],[130.30462903173904,32.3667278933801],[130.306026255018,32.3694924884763],[130.30962798613714,32.372282216255186]]],[[[130.40296250117254,32.3928407506978],[130.40296250117254,32.389221644390055],[130.40715417100947,32.38728642782272],[130.4054775030747,32.38643191661117],[130.40159632729979,32.38783934684196],[130.39740465746286,32.38728642782272],[130.399919659365,32.3942230482459],[130.40296250117254,32.3928407506978]]],[[[130.41687263514987,32.39728923553441],[130.41907714299003,32.36700435288972],[130.41463707790354,32.39922445210175],[130.41687263514987,32.39728923553441]]],[[[130.411594236096,32.37089991870709],[130.40796145557064,32.370623459197475],[130.4110353467844,32.373664513803284],[130.41351929928035,32.37449389233215],[130.411594236096,32.37089991870709]]],[[[130.23548200413296,32.37338805429367],[130.23576144878874,32.368110190928206],[130.2329670022308,32.36534559583201],[130.22992416042325,32.36562205534163],[130.2282474924885,32.37032186700516],[130.23020360507905,32.375599730370624],[130.22992416042325,32.37728362011103],[130.23576144878874,32.380324674716846],[130.23632033810034,32.37811299863989],[130.23548200413296,32.37338805429367]]],[[[130.34468276573625,32.37145283772633],[130.34965067072818,32.37311159478405],[130.35073739994516,32.37255867576481],[130.3482534474492,32.368110190928206],[130.3535318465031,32.36838665043783],[130.35520851443786,32.36534559583201],[130.35464962512629,32.36338524658198],[130.35157573391254,32.361173570505024],[130.3482534474492,32.36062065148578],[130.34573844554706,32.36255586805312],[130.34465171633008,32.36562205534163],[130.3418572697721,32.365898514851246],[130.34073949114895,32.367557271908964],[130.3424161590837,32.37117637821671],[130.34468276573625,32.37145283772633]]],[[[130.32524583745544,32.35936401735115],[130.29879174337356,32.35755446419728],[130.32437645408186,32.35617216664918],[130.32524583745544,32.35936401735115]]],[[[130.36101475339714,32.35421181739915],[130.3582513562454,32.35089430328372],[130.35685413296642,32.352829519851056],[130.35769246693383,32.35561924762994],[130.3596485795244,32.35617216664918],[130.36101475339714,32.35421181739915]]],[[[130.33881442796456,32.33950919802393],[130.3738071087513,32.34865749452407],[130.3001889666525,32.304222911523404],[130.3374172046856,32.3375488487739],[130.33881442796456,32.33950919802393]]],[[[130.33381547356646,32.34227379312013],[130.3274192958894,32.33895627900469],[130.33102102700852,32.34282671213936],[130.33409491822226,32.34365609066822],[130.33381547356646,32.34227379312013]]],[[[130.28463321414662,32.33671947024504],[130.28770710536037,32.33837822730276],[130.28686877139296,32.34006211704317],[130.29102939182368,32.34061503606241],[130.28686877139296,32.33589009171618],[130.28463321414662,32.33671947024504]]],[[[130.2999095219967,32.328953471293005],[130.30326285786626,32.328098960081455],[130.30326285786626,32.32505790547564],[130.29907118802933,32.32226817769675],[130.29907118802933,32.328098960081455],[130.2951900122544,32.33088868786034],[130.29435167828703,32.332547444918056],[130.29826390346815,32.33282390442768],[130.29935063268513,32.334784253677704],[130.30270396855468,32.33644301073542],[130.30379069777166,32.33450779416809],[130.2999095219967,32.3303357688411],[130.2999095219967,32.328953471293005]]],[[[130.30462903173904,32.32033296112941],[130.30270396855468,32.317844825542835],[130.30242452389888,32.319780042110175],[130.30462903173904,32.32033296112941]]],[[[130.14106075988056,32.27728067567685],[130.1455008249671,32.27476740740758],[130.14826422211883,32.27449094789796],[130.1504997793652,32.26866016551326],[130.14826422211883,32.26810724649402],[130.14605971427866,32.26478973237859],[130.13994298125738,32.262552923618934],[130.13578236082665,32.26227646410932],[130.13190118505173,32.265619110907444],[130.13190118505173,32.26838370600364],[130.13354680358032,32.272002812311385],[130.13690013944984,32.2750438669172],[130.14050187056898,32.27589837812875],[130.14106075988056,32.27728067567685]]],[[[130.0918785004607,32.21756542159903],[130.08967399262053,32.21311693676243],[130.08995343727634,32.21643445087786],[130.0918785004607,32.21756542159903]]],[[[130.07883774985694,32.19559945692563],[130.07244157217988,32.19504653790639],[130.06939873037234,32.19559945692563],[130.07799941588956,32.20145537199302],[130.0813217023529,32.20087732029109],[130.08160114700868,32.198112725194896],[130.07883774985694,32.19559945692563]]],[[[129.97522588136954,32.20728615437773],[129.97634365999272,32.206155183656556],[129.97326976877898,32.20366704806998],[129.97271087946737,32.20173183150264],[129.97022692697143,32.20087732029109],[129.9724314348116,32.207009694868105],[129.97522588136954,32.20728615437773]]],[[[130.02499807950718,32.18826071357937],[130.04688791087776,32.15646786997312],[130.02133424957566,32.18783345797359],[130.02499807950718,32.18826071357937]]],[[[129.9671530357577,32.185621781896636],[129.9705063716272,32.184490811175465],[129.97326976877898,32.17727773124266],[129.97134470559462,32.17755419075228],[129.96994748231563,32.18006745902155],[129.96522797257333,32.18144975656965],[129.96327185998277,32.18504373019471],[129.9655074172291,32.18700407944473],[129.9671530357577,32.185621781896636]]],[[[130.01549696121015,32.18310851362737],[130.01354084861958,32.182555594608125],[130.01329245337,32.185621781896636],[130.01661473983333,32.18645116042549],[130.01549696121015,32.18310851362737]]],[[[130.04604957691038,32.17755419075228],[130.04912346812412,32.17534251467533],[130.04577013225457,32.17506605516571],[130.04216840113546,32.17866002879076],[130.04604957691038,32.17755419075228]]],[[[130.05440186717803,32.164535461117474],[130.05576804105078,32.161745733338584],[130.05272519924324,32.162022192848205],[130.05132797596428,32.16564129915595],[130.05160742062006,32.16981332448294],[130.05300464389904,32.16981332448294],[130.05300464389904,32.16591775866557],[130.05440186717803,32.164535461117474]]],[[[130.045211242943,32.15425619389617],[130.04133006716808,32.15315035585769],[130.04077117785647,32.15702078899236],[130.045211242943,32.15425619389617]]],[[[129.97382865809055,32.14533409154026],[129.97466699205793,32.143951793992166],[129.97106526093881,32.14450471301141],[129.97354921343475,32.14950611686725],[129.97382865809055,32.14533409154026]]]]}},{"type":"Feature","properties":{"level":"county","prefecture":"熊本県","district":"八代郡","label":"八代郡","name":"熊本県 八代郡","municipalityCount":32},"geometry":{"type":"MultiPolygon","coordinates":[[[[130.68979691564266,32.58606081523915],[130.72376496602482,32.55859079305605],[130.7827277883975,32.595359907835444],[130.82101170624136,32.56077733645031],[131.00022887882432,32.570001030998526],[131.0173371016402,32.46720835878545],[130.90999930440884,32.439788601967734],[130.8653192088879,32.49216511269928],[130.79468180978427,32.494225992680086],[130.73658837078517,32.47112905728551],[130.72047372896768,32.4186268831405],[130.74270510380646,32.39892285990943],[130.67067048142383,32.34016264777394],[130.6466382410255,32.42071289580399],[130.54488933691005,32.478945321602936],[130.57348584001969,32.509506663757236],[130.5362886513928,32.52589317287287],[130.63406323151474,32.603352100931716],[130.62266809943955,32.621698959297376],[130.6874682101777,32.58782010302764],[130.68979691564266,32.58606081523915]]],[[[130.49766319008074,32.48922458882424],[130.50154436585566,32.48894812931462],[130.50238269982304,32.4856054825165],[130.4998987473271,32.48394672545878],[130.49626596680176,32.4842231849684],[130.49129806180986,32.483117346929916],[130.49266423568264,32.48532902300688],[130.49794263473655,32.4856054825165],[130.4996193026713,32.48839521029538],[130.49766319008074,32.48922458882424]]]]}},{"type":"Feature","properties":{"level":"county","prefecture":"熊本県","district":"飽託郡","label":"飽託郡","name":"熊本県 飽託郡","municipalityCount":50},"geometry":{"type":"MultiPolygon","coordinates":[[[[130.72789453704934,32.851562475204645],[130.80489706442387,32.85219079227197],[130.829053502447,32.815371412127185],[130.77810142687377,32.80453922588664],[130.745437451552,32.7507301522416],[130.6459241046829,32.723134466645035],[130.63959002581822,32.6937292278946],[130.6048767896873,32.721148984712315],[130.6143468585781,32.792525803559535],[130.5731753459577,32.85271857860851],[130.62204711131557,32.84472638551224],[130.71432594654019,32.8977563459938],[130.7253174363348,32.851889200079654],[130.72789453704934,32.851562475204645]],[[130.70634624914695,32.818814589656085],[130.693274449137,32.79104297528067],[130.70994798026607,32.82122732719458],[130.70634624914695,32.818814589656085]]]]}},{"type":"Feature","properties":{"level":"county","prefecture":"群馬県","district":"碓氷郡","label":"碓氷郡","name":"群馬県 碓氷郡","municipalityCount":18},"geometry":{"type":"MultiPolygon","coordinates":[[[[138.77577642631064,36.392933395382485],[138.89491299789776,36.382000678411174],[138.9961030127016,36.326080459419956],[138.85784000689566,36.2764434111019],[138.7667410491066,36.304290423525394],[138.6571676946289,36.287476658803996],[138.64999528179683,36.44734565341214],[138.75279986572306,36.47657496338374],[138.80101959355073,36.40859105670003],[138.77465864768746,36.394215162199814],[138.77577642631064,36.392933395382485]]]]}},{"type":"Feature","properties":{"level":"county","prefecture":"群馬県","district":"群馬郡","label":"群馬郡","name":"群馬県 群馬郡","municipalityCount":37},"geometry":{"type":"MultiPolygon","coordinates":[[[[139.05090521464356,36.58482142774112],[139.0166887690118,36.493212799326294],[139.10465173677474,36.28388268517894],[138.9920976393019,36.28380728713086],[138.95039828677608,36.31311199515053],[139.0131180872989,36.31220721857359],[138.996630852607,36.34739297434335],[138.77465864768746,36.394215162199814],[138.80101959355073,36.40859105670003],[138.75279986572306,36.47657496338374],[138.86057235464122,36.47345851072984],[138.95263384402244,36.54672028077901],[138.90043979220124,36.55561725045222],[138.89612392473953,36.58266001702955],[139.0440743452797,36.58778708429885],[139.05090521464356,36.58482142774112]]]]}},{"type":"Feature","properties":{"level":"county","prefecture":"群馬県","district":"吾妻郡","label":"吾妻郡","name":"群馬県 吾妻郡","municipalityCount":14},"geometry":{"type":"MultiPolygon","coordinates":[[[[138.78940711563217,36.744866351128124],[138.82095331233077,36.66466796065578],[138.9910730088973,36.636820948232284],[138.99343276376845,36.5893453106258],[138.89612392473953,36.58266001702955],[138.90043979220124,36.55561725045222],[138.95263384402244,36.54672028077901],[138.92245382119663,36.51336921084582],[138.86057235464122,36.47345851072984],[138.6873477174547,36.473609306826],[138.64440638868095,36.4114310498443],[138.4890972588715,36.4011266499403],[138.4009790440776,36.43472904670042],[138.42631535953632,36.59351733595279],[138.52943043752455,36.6552934700114],[138.51409203086203,36.690177633588846],[138.72727725382717,36.764117986070715],[138.7874510030416,36.74496688185889],[138.78940711563217,36.744866351128124]]]]}},{"type":"Feature","properties":{"level":"county","prefecture":"群馬県","district":"佐波郡","label":"佐波郡","name":"群馬県 佐波郡","municipalityCount":16},"geometry":{"type":"MultiPolygon","coordinates":[[[[139.26731957585343,36.31886737948715],[139.2635315482971,36.24248915678409],[139.08853709495725,36.31130244199666],[139.12644841992673,36.32736222623728],[139.11412180566555,36.36106515372816],[139.16656425273635,36.33756609541051],[139.2532541948451,36.4083648625558],[139.2693067378502,36.32122985166026],[139.26731957585343,36.31886737948715]]]]}},{"type":"Feature","properties":{"level":"county","prefecture":"群馬県","district":"山田郡","label":"山田郡","name":"群馬県 山田郡","municipalityCount":12},"geometry":{"type":"MultiPolygon","coordinates":[[[[139.34444630085275,36.398940106546036],[139.45675200307602,36.2891605485444],[139.43489322111162,36.267672104842156],[139.27092130697255,36.41675917857515],[139.2590293843982,36.47139763074904],[139.44305921494208,36.55596910800992],[139.43138463821109,36.45775058404692],[139.37124193840285,36.451442280691055],[139.34432210322797,36.39946789288258],[139.34444630085275,36.398940106546036]]]]}},{"type":"Feature","properties":{"level":"county","prefecture":"群馬県","district":"新田郡","label":"新田郡","name":"群馬県 新田郡","municipalityCount":13},"geometry":{"type":"MultiPolygon","coordinates":[[[[139.35478575311714,36.359632590814684],[139.40642091562677,36.27616695159229],[139.38291651513381,36.237864743168636],[139.2635315482971,36.24248915678409],[139.25573814734105,36.40781194353656],[139.35068723149882,36.35852675277621],[139.35478575311714,36.359632590814684]]]]}},{"type":"Feature","properties":{"level":"county","prefecture":"群馬県","district":"勢多郡","label":"勢多郡","name":"群馬県 勢多郡","municipalityCount":17},"geometry":{"type":"MultiPolygon","coordinates":[[[[139.2265517055136,36.40379071430573],[139.16656425273635,36.33756609541051],[139.11412180566555,36.36106515372816],[139.12644841992673,36.32736222623728],[139.07891177903542,36.33098133254502],[139.0706215875802,36.361618072747405],[139.09993222703244,36.370690971199465],[139.03528736332527,36.42289155315217],[139.0166887690118,36.493212799326294],[139.05090521464356,36.58482142774112],[139.18870247935652,36.55845724359649],[139.28858841910002,36.58967203550081],[139.32535091604012,36.63337777070338],[139.47143837220833,36.60289182659716],[139.46060212944474,36.55317938023103],[139.26489772216988,36.48031973310495],[139.2739330993739,36.41334113372895],[139.23074337535053,36.40522327721921],[139.2265517055136,36.40379071430573]]]]}},{"type":"Feature","properties":{"level":"county","prefecture":"群馬県","district":"多野郡","label":"多野郡","name":"群馬県 多野郡","municipalityCount":18},"geometry":{"type":"MultiPolygon","coordinates":[[[[139.0908968498284,36.29031665194827],[139.12964650876526,36.28340516420778],[139.04022421891096,36.12720554127276],[138.95844008298172,36.12408908861886],[138.8284051698186,36.037305935281026],[138.75394869375245,36.03383762506944],[138.71255983528863,35.98533154747256],[138.63148983570198,36.02828330219435],[138.64018366943782,36.11735352965722],[138.88444934800856,36.16837287552337],[138.96303539509924,36.22122690722608],[138.94651711100116,36.2678731663037],[139.0850285120567,36.29117116315982],[139.0908968498284,36.29031665194827]]]]}},{"type":"Feature","properties":{"level":"county","prefecture":"群馬県","district":"北甘楽郡","label":"北甘楽郡","name":"群馬県 北甘楽郡","municipalityCount":23},"geometry":{"type":"MultiPolygon","coordinates":[[[[138.92319900694542,36.19526484600454],[138.8033793484219,36.13776126800368],[138.76481598592224,36.16040581510979],[138.7420878205843,36.118861490618784],[138.6472008352389,36.11830857159954],[138.57727757247784,36.16807128333106],[138.6358988513823,36.170936409158024],[138.6003162318778,36.278403760351935],[138.65344176588496,36.30303378939076],[138.85784000689566,36.2764434111019],[138.98256547159866,36.30011839819841],[138.99830752054177,36.282525520313534],[138.94651711100116,36.2678731663037],[138.96303539509924,36.22122690722608],[138.92689388628315,36.19451086552376],[138.92319900694542,36.19526484600454]]]]}},{"type":"Feature","properties":{"level":"county","prefecture":"群馬県","district":"邑楽郡","label":"邑楽郡","name":"群馬県 邑楽郡","municipalityCount":22},"geometry":{"type":"MultiPolygon","coordinates":[[[[139.50012802353658,36.276091553544205],[139.63165330819726,36.27136660919798],[139.66944043554193,36.2125812643798],[139.62488453764578,36.18656893779287],[139.58740790436312,36.21036958830284],[139.46265139025388,36.18948432898522],[139.38291651513381,36.237864743168636],[139.43324760258307,36.28699913783283],[139.4928624624859,36.273779346736475],[139.50012802353658,36.276091553544205]]]]}},{"type":"Feature","properties":{"level":"county","prefecture":"群馬県","district":"利根郡","label":"利根郡","name":"群馬県 利根郡","municipalityCount":16},"geometry":{"type":"MultiPolygon","coordinates":[[[[139.35304698636998,36.77361814012855],[139.37239076643223,36.74662563891661],[139.32814536259806,36.633428036068764],[139.18870247935652,36.55845724359649],[139.00392746306386,36.58311240531802],[138.96865533762133,36.65474055099216],[138.82095331233077,36.66466796065578],[138.78940711563217,36.744866351128124],[138.82691479832104,36.772286107945845],[138.82172954748575,36.81762546752344],[138.9290673447171,36.832654811773665],[138.9230127105082,36.883397698130196],[138.97915003691674,36.89118882976492],[138.96660607681218,36.97912808650662],[139.04724138471204,36.987245943016354],[139.09701358284968,37.058622761863575],[139.24021344424136,36.92999369184243],[139.39328701680444,36.910792322265216],[139.34854482247107,36.85278609061051],[139.40670036028257,36.82694969280243],[139.35882217592308,36.77454804938819],[139.35304698636998,36.77361814012855]]]]}},{"type":"Feature","properties":{"level":"county","prefecture":"広島県","district":"芦品郡","label":"芦品郡","name":"広島県 芦品郡","municipalityCount":20},"geometry":{"type":"MultiPolygon","coordinates":[[[[133.31769445873562,34.56719479385525],[133.34852651909162,34.525549938633475],[133.2139894420296,34.50888697000822],[133.20104183964443,34.56938133724951],[133.14648803295208,34.58853244146133],[133.1565480405607,34.648499022366074],[133.24137501829748,34.64151213657751],[133.28574461975643,34.688510253212826],[133.3228176107585,34.57033637919183],[133.31769445873562,34.56719479385525]]]]}},{"type":"Feature","properties":{"level":"county","prefecture":"広島県","district":"安芸郡","label":"安芸郡","name":"広島県 安芸郡","municipalityCount":28},"geometry":{"type":"MultiPolygon","coordinates":[[[[132.66006803543218,34.441078992103364],[132.59352915794685,34.38887841015067],[132.63140943351013,34.36158431674641],[132.60008058265493,34.268844717610406],[132.55527628950918,34.27686204338938],[132.554934746041,34.24697928366778],[132.52469262440277,34.244918403686974],[132.4913455621446,34.33853764671722],[132.52720762630491,34.35434610413092],[132.4667544324347,34.42728114930508],[132.50854693317908,34.44653278424768],[132.54267023059222,34.41805745475687],[132.60051527434172,34.457289572440146],[132.65714939124945,34.44029987893989],[132.66006803543218,34.441078992103364]]],[[[132.4439641682843,34.30855435626485],[132.41440513358248,34.30073809194742],[132.4444299093773,34.3121483298899],[132.4439641682843,34.30855435626485]]],[[[132.44387102006573,34.262963669860326],[132.44163546281936,34.28907652717802],[132.4963755659489,34.27324293708163],[132.47942259016403,34.19186331052272],[132.449211517932,34.25861571575449],[132.44387102006573,34.262963669860326]]],[[[132.5593748111275,34.21475918445576],[132.53776442441273,34.19379852709006],[132.55238869473266,34.21739811613849],[132.5593748111275,34.21475918445576]]],[[[132.51441527095076,34.19824701192667],[132.5138563816392,34.19269268905158],[132.51137242914322,34.19186331052272],[132.51137242914322,34.19631179535933],[132.51329749232758,34.199076390455524],[132.51441527095076,34.19824701192667]]],[[[132.50665291940092,34.14574483778165],[132.50218180490822,34.185203149609166],[132.53720553510112,34.19990576898438],[132.5388511536297,34.10799554837724],[132.59303236744768,34.11493216880042],[132.55332017691862,34.06800945021318],[132.53469053319898,34.102994144521396],[132.44775219584065,34.093544255828945],[132.50857798258528,34.14270378317583],[132.50665291940092,34.14574483778165]]],[[[132.69801040980786,34.20339921187866],[132.76523237422958,34.17685909895519],[132.73884037896008,34.157682862060675],[132.69301145540976,34.20131319921517],[132.69801040980786,34.20339921187866]]],[[[132.68410027583053,34.18811854080151],[132.6441086406457,34.171028316570485],[132.68273410195775,34.19241622954196],[132.68410027583053,34.18811854080151]]],[[[132.67326403306694,34.15936675180109],[132.67245674850574,34.15464180745486],[132.67382292237852,34.15298305039714],[132.67245674850574,34.15046978212787],[132.66882396798042,34.15074624163749],[132.66550168151707,34.15491826696448],[132.67105952522678,34.157406402551054],[132.67105952522678,34.1596432113107],[132.67326403306694,34.15936675180109]]],[[[132.6588260591842,34.15712994304144],[132.65494488340929,34.151575620166355],[132.65162259694594,34.15074624163749],[132.65162259694594,34.155747645493335],[132.65466543875348,34.1565770240222],[132.65606266203247,34.15547118598372],[132.6588260591842,34.15712994304144]]],[[[132.57747661494176,34.1682385887916],[132.57887383822074,34.16268426591652],[132.57887383822074,34.158813832781846],[132.5760793916628,34.15909029229147],[132.57247766054365,34.15491826696448],[132.5696832139857,34.15712994304144],[132.5696832139857,34.16019613032994],[132.5710804372647,34.16323718493576],[132.57747661494176,34.1682385887916]]],[[[132.56192086243587,34.157406402551054],[132.56303864105905,34.15464180745486],[132.5608030838127,34.1551947264741],[132.56192086243587,34.157406402551054]]],[[[132.52053200397205,34.090503201223136],[132.51969367000467,34.08798993295387],[132.51829644672569,34.08884444416542],[132.52053200397205,34.090503201223136]]],[[[132.52469262440277,34.048355692347506],[132.53301386526422,34.07411669210751],[132.52969157880088,34.04634507773209],[132.52469262440277,34.048355692347506]]],[[[132.4657919008425,34.06077123759769],[132.46746856877726,34.05690080446302],[132.4652640609371,34.05690080446302],[132.46219016972339,34.059388940049594],[132.4657919008425,34.06077123759769]]],[[[132.4974622951659,34.046043485539776],[132.49441945335835,34.044108268972444],[132.49358111939097,34.04134367387625],[132.49053827758343,34.03883040560698],[132.4863466077465,34.03744810805888],[132.48525987852952,34.03438192077037],[132.48358321059476,34.0377245675685],[132.48581876784112,34.039106865116594],[132.4880232756813,34.042725971424346],[132.49109716689503,34.0435553499532],[132.49358111939097,34.04662153724171],[132.4974622951659,34.046043485539776]]],[[[132.52053200397205,34.04327889044358],[132.52164978259523,34.03855394609736],[132.5191347806931,34.04134367387625],[132.52053200397205,34.04327889044358]]]]}},{"type":"Feature","properties":{"level":"county","prefecture":"広島県","district":"安佐郡","label":"安佐郡","name":"広島県 安佐郡","municipalityCount":28},"geometry":{"type":"MultiPolygon","coordinates":[[[[132.5440053550588,34.58365670101895],[132.5867603873954,34.54781749549919],[132.56164141778007,34.51064625779671],[132.61023373848215,34.47837589321931],[132.56691981683397,34.42979441757435],[132.48973099302225,34.443340933545706],[132.43123391174257,34.398403696891194],[132.4280668723102,34.42725601662239],[132.3099238817215,34.45713877634399],[132.39900462810758,34.60290833596155],[132.472405424363,34.614770962192495],[132.5387269560049,34.583304843461256],[132.5440053550588,34.58365670101895]]]]}},{"type":"Feature","properties":{"level":"county","prefecture":"広島県","district":"賀茂郡","label":"賀茂郡","name":"広島県 賀茂郡","municipalityCount":39},"geometry":{"type":"MultiPolygon","coordinates":[[[[132.7263895670741,34.49993973496963],[132.75076335094064,34.516275978719875],[132.8482584864068,34.478778016142385],[132.8213076018257,34.42529566737236],[132.78265109110745,34.41773072988186],[132.82372945550927,34.39224618963148],[132.9040232199409,34.429342029285884],[132.9272481757781,34.32778085852475],[132.88582826790807,34.32159821858235],[132.84537089163024,34.35879458896752],[132.78827103362954,34.277967881427855],[132.7541166868102,34.282139906754836],[132.76023341983148,34.24019345934075],[132.64032061308936,34.20166505677287],[132.59632360450482,34.2307435706483],[132.56412537027603,34.1988250636286],[132.63140943351013,34.36158431674641],[132.59930434749995,34.402098201247014],[132.66708520123325,34.42813566051663],[132.60051527434172,34.457289572440146],[132.60088786721613,34.48380455268092],[132.67230150147475,34.53384372392206],[132.72465080032694,34.502101145681195],[132.7263895670741,34.49993973496963]]],[[[132.80410623079123,34.296314739793516],[132.8060623433818,34.29241917397614],[132.80218116760688,34.29435439054348],[132.80410623079123,34.296314739793516]]],[[[132.817457475457,34.29103687642805],[132.817457475457,34.28852360815878],[132.81438358424325,34.28631193208182],[132.81354525027587,34.288800067668404],[132.817457475457,34.29103687642805]]],[[[132.80550345407022,34.282139906754836],[132.80662123269337,34.280757609206745],[132.80910518518934,34.28131052822598],[132.81050240846832,34.27962663848557],[132.8110612977799,34.27547974584128],[132.80298845216805,34.268517992735404],[132.79854838708155,34.27075480149505],[132.79106548018748,34.27186063953353],[132.7902271462201,34.27434877512011],[132.79271109871604,34.27658558387976],[132.80550345407022,34.282139906754836]]],[[[132.79798949776995,34.266582776168065],[132.7999456103605,34.26379304838918],[132.79798949776995,34.26351658887956],[132.79798949776995,34.266582776168065]]],[[[132.7752302830258,34.26824153322579],[132.77495083837,34.26464755960073],[132.77079021793926,34.26379304838918],[132.77243583646785,34.26768861420655],[132.7752302830258,34.26824153322579]]],[[[132.78243374526406,34.26185783182184],[132.78771214431794,34.26019907476413],[132.78606652578938,34.25854031770641],[132.78715325500636,34.2554741304179],[132.78187485595245,34.25630350894676],[132.78050868207967,34.25768580649486],[132.78243374526406,34.26185783182184]]],[[[132.77327417043523,34.260751993783366],[132.7752302830258,34.26102845329299],[132.77939090345652,34.25768580649486],[132.7741125044026,34.25909323672565],[132.77327417043523,34.260751993783366]]],[[[132.7004943623038,34.220740762936614],[132.7007738069596,34.21825262735004],[132.69329090006556,34.21742324882118],[132.69217312144238,34.21852908685966],[132.69217312144238,34.222148193167406],[132.69801040980786,34.22297757169626],[132.7004943623038,34.220740762936614]]]]}},{"type":"Feature","properties":{"level":"county","prefecture":"広島県","district":"御調郡","label":"御調郡","name":"広島県 御調郡","municipalityCount":34},"geometry":{"type":"MultiPolygon","coordinates":[[[[133.20104183964443,34.56938133724951],[133.24019514086189,34.50230220714274],[133.19390047621857,34.40390775440089],[133.0561963597242,34.388903542833354],[133.06395871127407,34.44861879691117],[132.98723562855534,34.51403916996022],[132.9997485392537,34.5505066925473],[133.07870717921878,34.5505066925473],[133.15688958402887,34.59227721118255],[133.19893048002288,34.56945673529759],[133.20104183964443,34.56938133724951]]],[[[133.18321948048597,34.36020201919831],[133.1718243484108,34.39242211841033],[133.23712124964814,34.40546598072783],[133.21184703300185,34.356029993871324],[133.18377836979758,34.358241669948285],[133.18321948048597,34.36020201919831]]],[[[133.24212020404624,34.37907666390052],[133.24239964870205,34.37686498782356],[133.24628082447697,34.37520623076584],[133.2443247118864,34.37075774592924],[133.2396052021441,34.37214004347734],[133.23795958361552,34.37462817906391],[133.2407229807673,34.379353123410134],[133.24212020404624,34.37907666390052]]],[[[133.15738637452807,34.38679239748717],[133.16018082108602,34.38825009308334],[133.1615469949588,34.39131628037185],[133.16822261729166,34.38935593112183],[133.1679431726359,34.38769717406411],[133.17238323772239,34.379353123410134],[133.1726626823782,34.37407526004468],[133.17073761919383,34.373245881515814],[133.16598706004532,34.373798800535056],[133.16350310754936,34.3760356092947],[133.15906304246283,34.373522341025435],[133.1557097065933,34.37435171955429],[133.15598915124912,34.37852374488128],[133.15462297737633,34.380760553640926],[133.1515490861626,34.38158993216979],[133.15294630944157,34.38576195749677],[133.15738637452807,34.38679239748717]]],[[[133.14487346382973,34.37103420543886],[133.1468295764203,34.36796801815035],[133.14406617926852,34.362413695275265],[133.13987450943162,34.36296661429451],[133.1354344443451,34.359096181159835],[133.13295049184913,34.36047847870793],[133.13487555503352,34.36324307380413],[133.1340682704723,34.364348911842605],[133.13739055693566,34.36741509913111],[133.14238951133376,34.36907385618883],[133.14487346382973,34.37103420543886]]],[[[133.21017036506706,34.31868282739],[133.19154072134742,34.27465036731242],[133.13378882581654,34.33436562139023],[133.17045817453803,34.358518129457906],[133.20793480782072,34.31991432884194],[133.21017036506706,34.31868282739]]],[[[133.14155117736638,34.356582912890566],[133.140712843399,34.3513050495251],[133.13906722487042,34.35296380658282],[133.13850833555884,34.35741229141942],[133.14155117736638,34.356582912890566]]]]}},{"type":"Feature","properties":{"level":"county","prefecture":"広島県","district":"甲奴郡","label":"甲奴郡","name":"広島県 甲奴郡","municipalityCount":9},"geometry":{"type":"MultiPolygon","coordinates":[[[[133.1658318130143,34.75438301455035],[133.22063401495626,34.65915527982777],[133.17017872988222,34.66734853438559],[133.1662665047011,34.63045375619273],[133.08584854264464,34.66267385540475],[133.01583213166498,34.76848244954094],[133.1354344443451,34.851797292667186],[133.16576971420193,34.75476000479074],[133.1658318130143,34.75438301455035]]]]}},{"type":"Feature","properties":{"level":"county","prefecture":"広島県","district":"高田郡","label":"高田郡","name":"広島県 高田郡","municipalityCount":26},"geometry":{"type":"MultiPolygon","coordinates":[[[[132.77296367637322,34.80688518869536],[132.84155181466772,34.80555315651265],[132.7688962041611,34.70708330572272],[132.80705592438017,34.692053961472496],[132.78348942507483,34.5800627273939],[132.61892757221798,34.49094223456565],[132.5699316092353,34.49747673206575],[132.5867603873954,34.54781749549919],[132.5440053550588,34.58365670101895],[132.60386861021126,34.68511734104931],[132.53804386906853,34.79499742978172],[132.6805295941176,34.8517470273018],[132.7213595632698,34.842347403974735],[132.6962405936545,34.81663666958012],[132.76510817660477,34.80877013989731],[132.77296367637322,34.80688518869536]]]]}},{"type":"Feature","properties":{"level":"county","prefecture":"広島県","district":"佐伯郡","label":"佐伯郡","name":"広島県 佐伯郡","municipalityCount":41},"geometry":{"type":"MultiPolygon","coordinates":[[[[132.25484223512373,34.53140585370087],[132.3606586114513,34.558951273932045],[132.3099238817215,34.45713877634399],[132.4353945321733,34.40481253097782],[132.23416333059492,34.25854031770641],[132.2454963638577,34.210662557176846],[132.19482373294028,34.20475637674407],[132.20525633342328,34.228205169696345],[132.14489628777164,34.236348158888774],[132.1258630017714,34.33366190627484],[132.06978777417527,34.356306453380945],[132.08099660981327,34.44354199500725],[132.0365959589481,34.502101145681195],[132.1255214583032,34.5831540473651],[132.1835838478961,34.54294175505681],[132.18889329635618,34.49825584522922],[132.24934649022643,34.52982249469123],[132.25484223512373,34.53140585370087]]],[[[132.31886611070692,34.29520890175503],[132.33330408458963,34.31129381867835],[132.34802150312817,34.282139906754836],[132.2721988531892,34.23380975793681],[132.31746888742794,34.29659119930313],[132.31886611070692,34.29520890175503]]],[[[132.3619316371055,34.29158979544729],[132.36385670028986,34.28935298668764],[132.3605344138265,34.288800067668404],[132.3619316371055,34.29158979544729]]],[[[132.37245738580708,34.27962663848557],[132.376649055644,34.2785208004471],[132.37885356348417,34.276032664860516],[132.3769285002998,34.27351939659125],[132.37469294305345,34.27351939659125],[132.36997343331115,34.27547974584128],[132.36801732072058,34.27351939659125],[132.36413614494563,34.27351939659125],[132.36329781097825,34.276032664860516],[132.3610933031381,34.27658558387976],[132.37245738580708,34.27962663848557]]],[[[132.4391825597296,34.224711726802056],[132.46970412602363,34.21352768300382],[132.48914105430447,34.14101989343543],[132.42887415687142,34.128252490627546],[132.45691177066948,34.17824139650329],[132.43635706376546,34.19548241683047],[132.4285947122156,34.172963533137825],[132.3719295459017,34.2582387255141],[132.4399587948846,34.22770251604249],[132.4391825597296,34.224711726802056]]],[[[132.2660821201679,34.235744974504144],[132.2660821201679,34.23325683891757],[132.26384656292157,34.23436267695605],[132.2660821201679,34.235744974504144]]],[[[132.31690999811636,34.19852347143628],[132.31830722139532,34.200483820686316],[132.32054277864168,34.200182228494],[132.3197044446743,34.19603533584971],[132.31690999811636,34.19631179535933],[132.31690999811636,34.19852347143628]]],[[[132.29607584655656,34.19962930947476],[132.3194250000185,34.18992809395539],[132.29551695724496,34.197141173888184],[132.29607584655656,34.19962930947476]]],[[[132.3189592589255,34.11975764387742],[132.31833827080152,34.12086348191589],[132.314519193839,34.120788083867815],[132.314053452746,34.12103941069474],[132.31340141521582,34.12214524873322],[132.31774833208374,34.12408046530056],[132.3189592589255,34.11975764387742]]],[[[132.451074482304,34.24919095974473],[132.4497083084312,34.24657716074469],[132.44859052980803,34.247406539273555],[132.4444299093773,34.245471322706216],[132.4394309549792,34.245194863196595],[132.43831317635602,34.24657716074469],[132.4349598404865,34.247130079763934],[132.43303477730214,34.249919807542824],[132.43303477730214,34.254368292379425],[132.43831317635602,34.257962266004476],[132.43887206566762,34.25964615574489],[132.44387102006573,34.262963669860326],[132.449211517932,34.25861571575449],[132.45067084002338,34.2561778455333],[132.4494599131816,34.24956794998512],[132.451074482304,34.24919095974473]]],[[[132.35385879149365,34.24185221639847],[132.3566532380516,34.240746378359994],[132.35829885658015,34.23825824277341],[132.35746052261277,34.235744974504144],[132.35302045752627,34.239364080811896],[132.35385879149365,34.24185221639847]]],[[[132.4030410509135,34.169922478532015],[132.3874852984076,34.149363944089394],[132.4022027169461,34.172963533137825],[132.4030410509135,34.169922478532015]]],[[[132.4391515103234,34.160472589839564],[132.44023823954038,34.16019613032994],[132.4391515103234,34.15630056451258],[132.44219435213094,34.1551947264741],[132.44051768419618,34.15102270114711],[132.43663650842126,34.15019332261826],[132.4291536015272,34.14657421631051],[132.4296814414326,34.14853456556054],[132.42719748893663,34.15046978212787],[132.42803582290404,34.15212853918559],[132.43107866471158,34.15212853918559],[132.43163755402315,34.155747645493335],[132.43387311126952,34.155747645493335],[132.4391515103234,34.160472589839564]]],[[[132.42191908988275,34.1349126515411],[132.4183173587636,34.12880540964678],[132.41580235686146,34.13018770719488],[132.41664069082884,34.13270097546415],[132.42191908988275,34.1349126515411]]]]}},{"type":"Feature","properties":{"level":"county","prefecture":"広島県","district":"山県郡","label":"山県郡","name":"広島県 山県郡","municipalityCount":20},"geometry":{"type":"MultiPolygon","coordinates":[[[[132.53804386906853,34.79499742978172],[132.60386861021126,34.68511734104931],[132.5658020382108,34.59152323070177],[132.39900462810758,34.60290833596155],[132.3668995420974,34.54000123118176],[132.30045381283065,34.54975271206652],[132.19609675859445,34.49639602670996],[132.1255214583032,34.5831540473651],[132.16091778137053,34.681649030837725],[132.1306756597323,34.707812153520806],[132.22242665505155,34.749959662396435],[132.24245352205017,34.80660872918574],[132.29796986033472,34.776550040685294],[132.31830722139532,34.8016073253299],[132.39667592264263,34.77941516651226],[132.43672965663987,34.82090922563788],[132.5378575726313,34.79499742978172],[132.53804386906853,34.79499742978172]]]]}},{"type":"Feature","properties":{"level":"county","prefecture":"広島県","district":"沼隈郡","label":"沼隈郡","name":"広島県 沼隈郡","municipalityCount":30},"geometry":{"type":"MultiPolygon","coordinates":[[[[133.31524155564585,34.51006820609478],[133.3551400426121,34.526504980575794],[133.33623095423667,34.490163121402176],[133.43959442747447,34.436303782391754],[133.38488537375113,34.419087894747264],[133.36684566874928,34.36852093716959],[133.2443247118864,34.39073822866992],[133.2715550411233,34.40657181876631],[133.2557198439616,34.44100359405529],[133.22072716317487,34.40853216801634],[133.20147653133122,34.43183016487246],[133.23274328337402,34.49946221399847],[133.31514840742727,34.50981687926785],[133.31524155564585,34.51006820609478]]],[[[133.390163772805,34.38490744628522],[133.391560996084,34.38825009308334],[133.3962805058263,34.38742071455449],[133.39904390297806,34.388526552592964],[133.39904390297806,34.38490744628522],[133.40404285737617,34.382419310698644],[133.40100001556863,34.379906042429376],[133.40100001556863,34.377970825862036],[133.39848501366646,34.3774179068428],[133.39711883979368,34.379629582919755],[133.39488328254734,34.379906042429376],[133.3912815514282,34.38297222971788],[133.38740037565327,34.38380160824674],[133.390163772805,34.38490744628522]]],[[[133.27906899742354,34.377694366352415],[133.25904213042494,34.3657563420734],[133.27906899742354,34.380182501939],[133.27906899742354,34.377694366352415]]],[[[133.29394166299306,34.362413695275265],[133.34237873666413,34.37048128641962],[133.2912714140599,34.359096181159835],[133.29394166299306,34.362413695275265]]],[[[133.46791148592834,34.35464769632323],[133.4651480887766,34.35464769632323],[133.4651480887766,34.356582912890566],[133.46791148592834,34.35464769632323]]],[[[133.44434498662298,34.33657729746719],[133.4385076982575,34.33853764671722],[133.43599269635536,34.33798472769798],[133.43043485264565,34.339090565736456],[133.4279509001497,34.34436842910192],[133.42987596333407,34.347409483707736],[133.43434707782677,34.34854045442891],[133.43459547307637,34.35102859001548],[133.43627214101113,34.3513050495251],[133.44127109540923,34.34964629246738],[133.44543171583996,34.343539050573064],[133.4499028303327,34.341025782303795],[133.45266622748443,34.34185516083265],[133.454622340075,34.33740667599605],[133.45238678282863,34.339090565736456],[133.4490644963653,34.3396434847557],[133.4485056070537,34.33768313550567],[133.44571116049576,34.335194999919096],[133.44434498662298,34.33657729746719]]],[[[133.4701470431747,34.31408354645724],[133.4701470431747,34.310464440149495],[133.46819093058414,34.310187980639874],[133.46598642274398,34.31242478939952],[133.46378191490382,34.3121483298899],[133.46098746834588,34.30935860211102],[133.46018018378467,34.31187187038029],[133.45738573722673,34.31546584400534],[133.46294358093644,34.31463646547648],[133.46406135955962,34.316295222534194],[133.46707315196096,34.31687327423613],[133.4701470431747,34.31408354645724]]],[[[133.28776283115937,34.351430712938566],[133.26211602163866,34.332128812630586],[133.2879491275966,34.35409477730399],[133.28776283115937,34.351430712938566]]]]}},{"type":"Feature","properties":{"level":"county","prefecture":"広島県","district":"深安郡","label":"深安郡","name":"広島県 深安郡","municipalityCount":31},"geometry":{"type":"MultiPolygon","coordinates":[[[[133.3969946421689,34.59496640823066],[133.45334931442082,34.534974694643225],[133.44263726928202,34.44492429255534],[133.41487910013976,34.47822509712315],[133.391095254991,34.44771402033423],[133.36895702837083,34.461235403622894],[133.37681252813928,34.498356375959986],[133.33623095423667,34.490163121402176],[133.3555747342989,34.52439383522961],[133.31545890148925,34.55824755881665],[133.3087832791564,34.63869727611593],[133.36811869440345,34.69037007173208],[133.35653726589106,34.712109842261256],[133.40339081984598,34.67192268263565],[133.3969946421689,34.59511720432682],[133.3969946421689,34.59496640823066]]]]}},{"type":"Feature","properties":{"level":"county","prefecture":"広島県","district":"神石郡","label":"神石郡","name":"広島県 神石郡","municipalityCount":23},"geometry":{"type":"MultiPolygon","coordinates":[[[[133.32887224496739,34.85305392680182],[133.37808555379345,34.80836801697423],[133.36811869440345,34.69037007173208],[133.3137822335545,34.63651073272167],[133.28574461975643,34.688510253212826],[133.23587927340017,34.6415372692602],[133.15909409186904,34.72764184016533],[133.1352481479079,34.8263378850995],[133.234606247746,34.86516787985969],[133.32641934187765,34.85235021168643],[133.32887224496739,34.85305392680182]]]]}},{"type":"Feature","properties":{"level":"county","prefecture":"広島県","district":"世羅郡","label":"世羅郡","name":"広島県 世羅郡","municipalityCount":13},"geometry":{"type":"MultiPolygon","coordinates":[[[[133.09882719443598,34.65827563593353],[133.1305286381656,34.65930607592393],[133.15555445956232,34.60009347549997],[133.07870717921878,34.5505066925473],[132.9997485392537,34.5505066925473],[132.98723562855534,34.51403916996022],[132.81550136286643,34.60579859447121],[132.85595873914423,34.6858461888474],[132.9678918484931,34.665991369520185],[133.0461363521156,34.72040362754984],[133.09177897922874,34.66068837347203],[133.09882719443598,34.65827563593353]]]]}},{"type":"Feature","properties":{"level":"county","prefecture":"広島県","district":"双三郡","label":"双三郡","name":"広島県 双三郡","municipalityCount":18},"geometry":{"type":"MultiPolygon","coordinates":[[[[132.91892693491664,34.82425187243601],[133.0305805996097,34.78554754108927],[133.01657731741378,34.751517888723384],[133.04809246470617,34.72198698655948],[132.9678918484931,34.665991369520185],[132.85595873914423,34.6858461888474],[132.84341477903968,34.64078328877942],[132.79808264598856,34.62160705188491],[132.80705592438017,34.692053961472496],[132.7688962041611,34.70708330572272],[132.84015459138874,34.81221331742621],[132.6962405936545,34.81663666958012],[132.72319147823558,34.83352583234961],[132.7007738069596,34.88190624653302],[132.63401758363088,34.90480212046605],[132.76700219038295,34.991208283563495],[132.84065138188794,35.003975686371376],[132.83397575955507,34.94989015321673],[132.9209451463196,34.826865671436046],[132.91892693491664,34.82425187243601]]]]}},{"type":"Feature","properties":{"level":"county","prefecture":"広島県","district":"比婆郡","label":"比婆郡","name":"広島県 比婆郡","municipalityCount":22},"geometry":{"type":"MultiPolygon","coordinates":[[[[133.0522220357307,35.06994897843967],[133.2495720615341,35.079047009574424],[133.32176193094773,35.00613709708295],[133.29409691002405,34.90309309804295],[133.33085940696415,34.853883305330676],[133.1340682704723,34.851797292667186],[133.03405813310403,34.78290860940654],[132.9785728442257,34.823271697810995],[132.9523671453934,34.79308734589708],[132.84502934816206,34.92631569685099],[132.84065138188794,35.003975686371376],[132.763586755701,34.99269111184236],[132.87306696196012,35.102219343017076],[132.95047313161524,35.075402770583985],[132.99068211264347,35.10131456644014],[133.05209783810588,35.069722784295436],[133.0522220357307,35.06994897843967]]]]}},{"type":"Feature","properties":{"level":"county","prefecture":"広島県","district":"豊田郡","label":"豊田郡","name":"広島県 豊田郡","municipalityCount":47},"geometry":{"type":"MultiPolygon","coordinates":[[[[132.93991633350743,34.525650469364244],[133.06395871127407,34.44861879691117],[133.04781302005037,34.40433501000666],[133.09140638635435,34.385535763352536],[133.07935921674897,34.3454742671404],[132.92361539525274,34.32599643805357],[132.9040232199409,34.429342029285884],[132.82372945550927,34.39224618963148],[132.78265109110745,34.41773072988186],[132.8213076018257,34.42529566737236],[132.8482584864068,34.478778016142385],[132.68410027583053,34.52265968012381],[132.80947777806372,34.62407005478879],[132.94013367935082,34.52808833958543],[132.93991633350743,34.525650469364244]]],[[[133.10851460917021,34.36630926109263],[133.1043539887395,34.36020201919831],[133.10131114693195,34.36075493821755],[133.09907558968558,34.359372640669456],[133.0987961450298,34.36324307380413],[133.10603065667425,34.36658572060225],[133.10851460917021,34.36630926109263]]],[[[133.0987029968112,34.33808525842875],[133.12211424908554,34.35324026609244],[133.11599751606425,34.319637869332325],[133.10019336830877,34.33408916188061],[133.0987029968112,34.33808525842875]]],[[[132.86173392869733,34.34700736078465],[132.88769123228002,34.31797911227461],[132.8466128678782,34.29186625495691],[132.82869736050117,34.347409483707736],[132.85900158095177,34.34625338030387],[132.86173392869733,34.34700736078465]]],[[[132.9424313354096,34.323533435149685],[132.9460330665287,34.31687327423613],[132.94879646368045,34.31546584400534],[132.94851701902468,34.30935860211102],[132.94631251118452,34.310187980639874],[132.94435639859395,34.314912924986096],[132.9413135567864,34.319637869332325],[132.9360351577325,34.32408635416893],[132.9424313354096,34.323533435149685]]],[[[132.99741983378874,34.30491011727441],[132.9940975473254,34.30463365776479],[132.9938181026696,34.302145522178215],[132.99158254542326,34.30297490070707],[132.98990587748847,34.30714692603406],[132.9893469881769,34.313530627438],[132.9879808143041,34.31518938449572],[132.99270032404644,34.31436000596686],[132.99853761241192,34.307976304562914],[132.99741983378874,34.30491011727441]]],[[[132.9779829055079,34.31074089965911],[132.98130519197124,34.30880568309178],[132.97990796869226,34.30463365776479],[132.9779829055079,34.31074089965911]]],[[[133.07935921674897,34.302145522178215],[133.07631637494143,34.33408916188061],[133.0821536633069,34.30380427923593],[133.07935921674897,34.302145522178215]]],[[[133.12369776880172,34.27804327947593],[133.0674051953622,34.26602985714883],[133.0887982362336,34.31270124890914],[133.09836145334302,34.27691230875476],[133.140712843399,34.31463646547648],[133.12823098210683,34.27907371946633],[133.12369776880172,34.27804327947593]]],[[[133.11730159112463,34.28832254669724],[133.08910873029558,34.30310056412054],[133.1188851108408,34.2943041251781],[133.11730159112463,34.28832254669724]]],[[[132.9052030973765,34.28907652717802],[132.92547835962472,34.29659119930313],[132.9054825420323,34.283798663812554],[132.9052030973765,34.28907652717802]]],[[[132.90380587409751,34.299355794399325],[132.90240865081856,34.29407793103386],[132.90104247694578,34.29714411832237],[132.90380587409751,34.299355794399325]]],[[[132.88353061184932,34.289905905706874],[132.88657345365687,34.287141310610686],[132.8854867244399,34.28490450185103],[132.88797067693582,34.27907371946633],[132.8843689458167,34.27547974584128],[132.88297172253772,34.27935017897595],[132.88464839047248,34.28269282577408],[132.88157449925876,34.2874177701203],[132.88353061184932,34.289905905706874]]],[[[132.9424313354096,34.28769422962992],[132.94435639859395,34.28352220430294],[132.9407546674748,34.28269282577408],[132.9360351577325,34.283798663812554],[132.9371529363557,34.286864851101065],[132.9424313354096,34.28769422962992]]],[[[132.92097619572579,34.21483458250383],[132.85633133201864,34.20797336012873],[132.83801218236098,34.24185221639847],[132.90104247694578,34.24657716074469],[132.93352015583037,34.284075123322175],[132.91796440332445,34.21687032980194],[132.92097619572579,34.21483458250383]]],[[[132.90712816056086,34.277691421918234],[132.9102020517746,34.278244340937476],[132.91184767030316,34.27630912437014],[132.91076094108618,34.27324293708163],[132.90604143134388,34.27075480149505],[132.90632087599968,34.27713850289899],[132.90712816056086,34.277691421918234]]],[[[132.87241492442993,34.256856427966],[132.86881319331079,34.25740934698524],[132.86881319331079,34.26324012936994],[132.86356584366308,34.262963669860326],[132.86518041278546,34.268794452245025],[132.86741597003183,34.26741215469693],[132.87045881183937,34.27020188247582],[132.87045881183937,34.268517992735404],[132.8732532583973,34.26909604443733],[132.87601665554905,34.26741215469693],[132.8738121477089,34.26602985714883],[132.87353270305312,34.26102845329299],[132.87573721089325,34.258816777216026],[132.8776933234838,34.258816777216026],[132.87573721089325,34.25492121139867],[132.87241492442993,34.256856427966]]],[[[132.88992678952638,34.27103126100467],[132.88769123228002,34.268517992735404],[132.88657345365687,34.271307720514294],[132.88992678952638,34.27103126100467]]],[[[132.84021669020115,34.25519767090829],[132.83909891157796,34.253237321658254],[132.83605606977042,34.253237321658254],[132.83549718045884,34.25492121139867],[132.84021669020115,34.25519767090829]]],[[[132.80438567544704,34.22880835408097],[132.80190172295107,34.22574216679246],[132.7999456103605,34.22657154532132],[132.80218116760688,34.230190651629066],[132.80438567544704,34.22880835408097]]],[[[132.8113407424357,34.19490436512854],[132.81550136286643,34.194627905618916],[132.81910309398555,34.19686471437856],[132.8213386512319,34.19213977003234],[132.81994142795293,34.19048101297463],[132.81466302889902,34.18992809395539],[132.81354525027587,34.18741482568612],[132.80966407450092,34.18686190666688],[132.80522400941442,34.18769128519574],[132.80882574053354,34.188520663724596],[132.81022296381252,34.19020455346501],[132.80910518518934,34.19269268905158],[132.8113407424357,34.19490436512854]]],[[[132.86676393250164,34.17396884044553],[132.79938672104893,34.1582860464453],[132.84577453391083,34.19548241683047],[132.8682853534054,34.176884231637885],[132.86676393250164,34.17396884044553]]],[[[132.8530090455553,34.19213977003234],[132.84909682037417,34.19241622954196],[132.85217071158792,34.19490436512854],[132.8530090455553,34.19213977003234]]],[[[132.85937417382618,34.191586851013106],[132.85605188736284,34.191586851013106],[132.85521355339546,34.19490436512854],[132.8580079999534,34.194351446109295],[132.85937417382618,34.191586851013106]]],[[[132.8632863990073,34.18716349885919],[132.86049195244937,34.18716349885919],[132.86105084176094,34.18907358274384],[132.8632863990073,34.18716349885919]]],[[[132.79764795430177,34.17218441997435],[132.77106966259507,34.16296072542614],[132.79910727639313,34.17547680140709],[132.79764795430177,34.17218441997435]]],[[[132.77119386021985,34.152430131377905],[132.7691135500045,34.15104783382981],[132.76631910344656,34.15160075284905],[132.76327626163902,34.148836157752854],[132.75967453051987,34.14800677922399],[132.7579978625851,34.15240499869521],[132.7588361965525,34.15408888843562],[132.7641145956064,34.153812428926],[132.76967243931608,34.155747645493335],[132.77271528112362,34.157682862060675],[132.77495083837,34.15549631866641],[132.77299472577943,34.1524552640606],[132.77119386021985,34.152430131377905]]],[[[132.79171751771767,34.12053675704089],[132.79382887733922,34.11910419412741],[132.79771005311414,34.12134100288706],[132.80050449967212,34.120210032165886],[132.79882783173733,34.11716897756007],[132.7952261006182,34.11410279027156],[132.79106548018748,34.11523376099274],[132.78799158897374,34.113549871252324],[132.78578708113358,34.1146557092908],[132.78799158897374,34.11799835608893],[132.78855047828532,34.12217038141591],[132.79243165406027,34.12161746239667],[132.79171751771767,34.12053675704089]]]]}},{"type":"Feature","properties":{"level":"county","prefecture":"香川県","district":"綾歌郡","label":"綾歌郡","name":"香川県 綾歌郡","municipalityCount":32},"geometry":{"type":"MultiPolygon","coordinates":[[[[133.9657576649296,34.33152562824596],[134.0498705063238,34.117420304387],[133.9939194763525,34.07260873114595],[133.84391979500316,34.19643745877279],[133.79864976076442,34.30669453774559],[133.92769109292914,34.38958212526606],[133.9607897599377,34.335873582351795],[133.9657576649296,34.33152562824596]],[[133.9467554283356,34.29586235150504],[133.94430252524583,34.295711555408886],[133.94517190861941,34.29304749104347],[133.9467554283356,34.29586235150504]]],[[[133.82761885674847,34.32602157073626],[133.82261990235037,34.325468651717024],[133.820384345104,34.334918540409475],[133.82097428382178,34.3379344623326],[133.8258490405951,34.33750720672682],[133.82761885674847,34.32602157073626]]],[[[133.9467554283356,34.29586235150504],[133.94517190861941,34.29304749104347],[133.94430252524583,34.295711555408886],[133.9467554283356,34.29586235150504]]]]}},{"type":"Feature","properties":{"level":"county","prefecture":"香川県","district":"香川郡","label":"香川郡","name":"香川県 香川郡","municipalityCount":24},"geometry":{"type":"MultiPolygon","coordinates":[[[[133.97398575757245,34.51016873682555],[133.975941870163,34.5065747632005],[133.9720606943881,34.5038101681043],[133.96926624783015,34.5038101681043],[133.97010458179753,34.50933935829669],[133.97373736232285,34.5123804129025],[133.97398575757245,34.51016873682555]]],[[[134.02372690630392,34.50675069197935],[134.02177079371336,34.4790796083347],[134.02111875618317,34.50358397396007],[134.02372690630392,34.50675069197935]]],[[[133.97845687206518,34.50325724908506],[133.97901576137676,34.50129689983503],[133.9770596487862,34.49936168326769],[133.97398575757245,34.49880876424846],[133.97317847301127,34.50184981885427],[133.97650075947462,34.50184981885427],[133.97845687206518,34.50325724908506]]],[[[133.9720606943881,34.501573359344654],[133.9726195836997,34.49742646670036],[133.9709429157649,34.495466117450334],[133.96982513714173,34.501573359344654],[133.9720606943881,34.501573359344654]]],[[[133.97566242550724,34.49715000719074],[133.97622131481882,34.49574257695995],[133.97289902835547,34.49574257695995],[133.97566242550724,34.49715000719074]]],[[[133.97873631672098,34.49518965794071],[133.98038193524954,34.491872143825276],[133.98426311102446,34.49242506284452],[133.98289693715168,34.48852949702715],[133.97982304593796,34.48797657800791],[133.9770596487862,34.493254441373374],[133.97873631672098,34.49518965794071]]],[[[133.98929311482877,34.47935606784432],[133.98954151007837,34.48380455268092],[133.9923359566363,34.48687073996943],[133.9937331799153,34.48659428045981],[133.9937331799153,34.48242225513283],[133.98929311482877,34.47935606784432]]],[[[133.9720606943881,34.4804619058828],[133.97373736232285,34.477973770296224],[133.977339093442,34.477973770296224],[133.97566242550724,34.47490758300771],[133.9715018050765,34.4746311234981],[133.9720606943881,34.4804619058828]]],[[[133.99733491103441,34.445753671084205],[133.9659439613668,34.47714439176737],[134.00121608680934,34.443240402814936],[133.99733491103441,34.445753671084205]]],[[[133.99733491103441,34.470484230853806],[133.99401262457107,34.4746311234981],[133.9923359566363,34.47435466398848],[133.99149762266893,34.47742085127698],[133.99509935378805,34.47852668931546],[133.99565824309965,34.476038553728884],[134.00009830818615,34.475460502026955],[133.99733491103441,34.47241944742114],[133.99733491103441,34.470484230853806]]],[[[133.95843000506656,34.46824742209415],[133.9548282739474,34.46797096258454],[133.9548282739474,34.47076069036342],[133.95066765351672,34.473248825949995],[133.95066765351672,34.47576209421926],[133.9548282739474,34.47742085127698],[133.95790216516116,34.471866528401904],[133.95843000506656,34.46824742209415]]],[[[134.009568377077,34.469353260132635],[134.00428997802308,34.46214018019983],[134.00149553146514,34.46048142314211],[133.99981886353038,34.46186372069022],[133.99981886353038,34.465482826997956],[133.9984526896576,34.469629719642256],[134.00177497612094,34.47269590693076],[134.00401053336728,34.47297236644038],[134.00401053336728,34.469076800623014],[134.00928893242119,34.47131360938266],[134.009568377077,34.469353260132635]]],[[[133.9559460525706,34.45713877634399],[133.9562254972264,34.46048142314211],[133.95898889437814,34.46048142314211],[133.9612244516245,34.458521073892086],[133.96538507205523,34.46186372069022],[133.96566451671103,34.458244614382465],[133.9676206293016,34.4543490485651],[133.96290111955926,34.453796129545864],[133.9615038962803,34.454927100267035],[133.95843000506656,34.4543490485651],[133.9559460525706,34.45713877634399]]],[[[134.0142878868193,34.44019934820912],[134.01009621698236,34.43602732288214],[134.00705337517482,34.4354744038629],[134.00428997802308,34.43796253944947],[134.0037310887115,34.4399228886995],[134.00761226448643,34.44213456477646],[134.00984782173276,34.44102872673798],[134.0131701081961,34.44213456477646],[134.0142878868193,34.44019934820912]]],[[[134.05396902794212,34.41991727327613],[134.05341013863054,34.42408929860311],[134.0550868065653,34.425748055660826],[134.05785020371707,34.43240821657439],[134.060644650275,34.4340921063148],[134.06284915811517,34.43323759510325],[134.0653641600173,34.42964362147819],[134.0656436046731,34.4268538936993],[134.06396693673832,34.421023111314604],[134.05704291915586,34.419087894747264],[134.0550868065653,34.41629816696838],[134.05341013863054,34.41742913768955],[134.05396902794212,34.41991727327613]]],[[[134.05592514053268,34.40018811736237],[134.03788543553082,34.379353123410134],[134.0553662512211,34.403807223670114],[134.05592514053268,34.40018811736237]]],[[[133.92505189340218,34.41883656792034],[133.92343732427983,34.41629816696838],[133.9197734943483,34.41843444499726],[133.92505189340218,34.41883656792034]]],[[[133.9251139922146,34.393251496939186],[133.924555102903,34.391592739881474],[133.92123281643967,34.39297503742957],[133.92123281643967,34.39601609203538],[133.924555102903,34.395186713506526],[133.9251139922146,34.393251496939186]]],[[[134.00782961032982,34.35334079682321],[134.0411145737756,34.326926347313204],[134.07539311821972,34.35595459582325],[134.0553041524087,34.23096976479253],[134.1352563733722,34.15155048748366],[134.12233982039322,34.1187774692524],[134.0245962896775,34.13966272857002],[133.98103397277973,34.31327930061107],[133.92769109292914,34.38958212526606],[134.00677393051905,34.35464769632323],[134.00782961032982,34.35334079682321]]]]}},{"type":"Feature","properties":{"level":"county","prefecture":"香川県","district":"三豊郡","label":"三豊郡","name":"香川県 三豊郡","municipalityCount":36},"geometry":{"type":"MultiPolygon","coordinates":[[[[133.6223512323642,34.25577572261022],[133.62374845564315,34.286588391591444],[133.65653662858972,34.280481149697124],[133.62458678961053,34.26077712646606],[133.6223512323642,34.25577572261022]]],[[[133.67181293643984,34.268794452245025],[133.67013626850508,34.27186063953353],[133.67293071506302,34.27407231561049],[133.68209028989185,34.27269001806239],[133.6840153530762,34.27020188247582],[133.68125195592447,34.269648963456575],[133.68097251126866,34.26741215469693],[133.67820911411692,34.26741215469693],[133.67625300152636,34.269070911754646],[133.67181293643984,34.268794452245025]]],[[[133.61930839055665,34.21938359807121],[133.55680593587724,34.26130491280261],[133.67265127040721,34.24687875293701],[133.67485577824738,34.22076589561931],[133.70876172981713,34.241073103234996],[133.7887139507806,34.19636206072471],[133.8201359498544,34.07401616137673],[133.7782192514852,34.07914322864604],[133.70876172981713,34.01535647997201],[133.60415628033132,34.03591501441463],[133.64930211694528,34.186057660820715],[133.6220717877084,34.21465865372499],[133.61930839055665,34.21938359807121]]],[[[133.60763381382566,34.218830679051976],[133.61014881572783,34.22076589561931],[133.60986937107202,34.216619002975015],[133.60763381382566,34.218830679051976]]],[[[133.6223512323642,34.2018912509171],[133.62514567892214,34.20355000797482],[133.62986518866444,34.19965444215745],[133.63098296728762,34.19716630657088],[133.62263067701997,34.19965444215745],[133.6223512323642,34.2018912509171]]],[[[133.63262858581618,34.194678170984304],[133.63598192168573,34.19327074075351],[133.63290803047198,34.19161198369579],[133.63070352263182,34.193823659772754],[133.63262858581618,34.194678170984304]]],[[[133.45626795860355,34.153008183079834],[133.4537840061076,34.1524552640606],[133.45266622748443,34.155219859156794],[133.4549017847308,34.155219859156794],[133.45626795860355,34.153008183079834]]],[[[133.53181116388672,34.12465851700249],[133.5282094327676,34.131896729617985],[133.52541498620963,34.133555486675704],[133.5265327648328,34.136345214454586],[133.53097282991934,34.13604362226228],[133.5332083871657,34.1321731891276],[133.53708956294062,34.13134381059874],[133.54041184940394,34.13300256765646],[133.54180907268292,34.12827762331024],[133.53901462612498,34.12606594723328],[133.53181116388672,34.12465851700249]]],[[[133.44766727308632,34.10688971033876],[133.44766727308632,34.110232357136894],[133.4499028303327,34.107166169848384],[133.44766727308632,34.10688971033876]]]]}},{"type":"Feature","properties":{"level":"county","prefecture":"香川県","district":"小豆郡","label":"小豆郡","name":"香川県 小豆郡","municipalityCount":16},"geometry":{"type":"MultiPolygon","coordinates":[[[[134.30730113312308,34.455404621238195],[134.27786629604606,34.4471359686323],[134.31329366851958,34.47649094201736],[134.27035233974578,34.469076800623014],[134.2323168171515,34.41436295040104],[134.23036070456095,34.4790796083347],[134.14118680995625,34.47076069036342],[134.17981227126833,34.48659428045981],[134.1559042284948,34.50463954663316],[134.17285720427967,34.528214002998894],[134.36645025193295,34.56131374610516],[134.3378537488233,34.43323759510325],[134.31425620011174,34.454650640757414],[134.30730113312308,34.455404621238195]]],[[[134.36173074219064,34.541308130681784],[134.35617289848096,34.54020229264331],[134.35533456451356,34.541308130681784],[134.36173074219064,34.541308130681784]]],[[[134.1609031828929,34.52155384208534],[134.16453596341822,34.522106761104574],[134.16425651876241,34.519618625518],[134.15618367315057,34.51740694944104],[134.15618367315057,34.51906570649876],[134.1592575643643,34.519618625518],[134.1609031828929,34.52155384208534]]],[[[134.14730354297754,34.520724463556476],[134.15258194203145,34.520448004046855],[134.15258194203145,34.51821119528721],[134.1492596555681,34.51602465189295],[134.1448195904816,34.517130489931425],[134.1445401458258,34.520171544537234],[134.14730354297754,34.520724463556476]]],[[[134.12230877098702,34.47435466398848],[134.11647148262153,34.472142987911525],[134.1123108621908,34.473801744969236],[134.1089575263213,34.473525285459615],[134.1081502417601,34.47490758300771],[134.10979586028867,34.47714439176737],[134.10923697097707,34.4790796083347],[134.1137080854698,34.47852668931546],[134.11591259330996,34.48018544637318],[134.12007321374065,34.48073836539242],[134.12230877098702,34.47935606784432],[134.12674883607355,34.48214579562321],[134.12786661469673,34.48103995758473],[134.12591050210617,34.47686793225775],[134.12230877098702,34.47435466398848]]],[[[134.05176452010198,34.487423658988675],[134.10423801657896,34.48687073996943],[134.0809199125232,34.45907399291133],[134.0448405025195,34.48852949702715],[134.05176452010198,34.487423658988675]]],[[[134.19036906937612,34.47076069036342],[134.185370114978,34.46769450307492],[134.18453178101063,34.470484230853806],[134.18785406747398,34.47131360938266],[134.18813351212975,34.47297236644038],[134.19036906937612,34.47076069036342]]],[[[134.32341577494057,34.445477211574584],[134.31953459916565,34.445753671084205],[134.3231363302848,34.44768888765154],[134.32537188753113,34.44685950912268],[134.32341577494057,34.445477211574584]]],[[[134.34980777021008,34.43768607993985],[134.3475722129637,34.43713316092061],[134.34424992650037,34.4399228886995],[134.34648548374673,34.44047580771874],[134.34980777021008,34.43768607993985]]]]}},{"type":"Feature","properties":{"level":"county","prefecture":"香川県","district":"大川郡","label":"大川郡","name":"香川県 大川郡","municipalityCount":23},"geometry":{"type":"MultiPolygon","coordinates":[[[[134.18943758719013,34.33129943410172],[134.2064837111936,34.36935031569845],[134.25035652215337,34.3513050495251],[134.2534304133671,34.28995617107226],[134.3897683559887,34.25494634408136],[134.44022364106274,34.20767176793642],[134.43333067288648,34.16838938488776],[134.1554384874018,34.166755760512736],[134.1554384874018,34.31061523624565],[134.18785406747398,34.33240527214021],[134.18943758719013,34.33129943410172]]],[[[134.2750718494881,34.32189981077467],[134.27230845233635,34.32132175907273],[134.27286734164795,34.32328210832276],[134.2750718494881,34.32189981077467]]]]}},{"type":"Feature","properties":{"level":"county","prefecture":"香川県","district":"仲多度郡","label":"仲多度郡","name":"香川県 仲多度郡","municipalityCount":26},"geometry":{"type":"MultiPolygon","coordinates":[[[[133.80010908285578,34.41991727327613],[133.7995501935442,34.4224054088627],[133.79762513035982,34.42298346056464],[133.79594846242506,34.425748055660826],[133.8003885275116,34.42657743418969],[133.8039902586307,34.425748055660826],[133.80622581587707,34.42713035320892],[133.80734359450025,34.4224054088627],[133.8089892130288,34.42074665180498],[133.80622581587707,34.41881143523765],[133.8051080372539,34.416574626477995],[133.80790248381183,34.413257112362565],[133.80594637122127,34.412980652852944],[133.79982963819998,34.41770559719917],[133.80010908285578,34.41991727327613]]],[[[133.81290143820993,34.4079792489971],[133.81122477027517,34.404083683179735],[133.80734359450025,34.40518952121821],[133.8089892130288,34.40825570850672],[133.81290143820993,34.4079792489971]]],[[[133.81206310424255,34.39659414373732],[133.81094532561937,34.393251496939186],[133.8103864363078,34.39687060324694],[133.81206310424255,34.39659414373732]]],[[[133.82150212372719,34.39408087546805],[133.82345823631775,34.391869199391095],[133.82398607622312,34.38631487651601],[133.82178156838296,34.382695770208265],[133.8153853907059,34.38380160824674],[133.81290143820993,34.388803012102585],[133.81262199355416,34.391869199391095],[133.81426761208272,34.39352795644881],[133.82094323441558,34.395186713506526],[133.82150212372719,34.39408087546805]]],[[[133.8315000325234,34.39297503742957],[133.83261781114658,34.389079471612206],[133.8312205878676,34.38686779553525],[133.82817774606005,34.38963239063144],[133.82845719071585,34.39463379448729],[133.8315000325234,34.39297503742957]]],[[[133.85481813657913,34.371863583967716],[133.84981918218102,34.37241650298696],[133.8520547394274,34.373798800535056],[133.85481813657913,34.371863583967716]]],[[[133.82097428382178,34.3379344623326],[133.8573331384813,34.35741229141942],[133.8258490405951,34.33750720672682],[133.82097428382178,34.3379344623326]]],[[[133.78095159923075,34.414915869420284],[133.7839944410383,34.41242773383371],[133.7795543759518,34.413533571872186],[133.777877708017,34.41215127432409],[133.77455542155369,34.41408649089142],[133.78095159923075,34.414915869420284]]],[[[133.78483277500567,34.406873410958625],[133.78983172940377,34.404360142689356],[133.78734777690784,34.40297784514126],[133.78483277500567,34.40325430465088],[133.779274931296,34.401293955400845],[133.7784365973286,34.40270138563164],[133.78039270991917,34.40546598072783],[133.78483277500567,34.406873410958625]]],[[[133.78759617215744,34.38490744628522],[133.75483904861704,34.37020482691],[133.75148571274752,34.39435733497767],[133.79094950802696,34.38797363357372],[133.78759617215744,34.38490744628522]]],[[[133.78539166431727,34.36296661429451],[133.78678888759623,34.359372640669456],[133.78622999828465,34.35741229141942],[133.7839944410383,34.357965210438664],[133.78039270991917,34.356029993871324],[133.77427597689788,34.356582912890566],[133.77539375552107,34.359372640669456],[133.77483486620946,34.36186077625603],[133.77595264483264,34.364348911842605],[133.7795543759518,34.3657563420734],[133.78151048854235,34.36324307380413],[133.78539166431727,34.364072452332984],[133.78539166431727,34.36296661429451]]],[[[133.67513522290318,34.406873410958625],[133.66709342669753,34.38297222971788],[133.65069934022424,34.40853216801634],[133.67597355687056,34.40963800605482],[133.67513522290318,34.406873410958625]]],[[[133.6896042461921,34.37138606299656],[133.71236346093627,34.40046457687199],[133.73040316593813,34.373798800535056],[133.6884864675689,34.364926963544534],[133.6896042461921,34.37138606299656]]],[[[133.6526244034086,34.373798800535056],[133.6481843383221,34.373798800535056],[133.64681816444931,34.37714144733318],[133.6434648285798,34.376588528313945],[133.6420676053008,34.377970825862036],[133.64542094117036,34.379353123410134],[133.64902267228948,34.3832486892275],[133.653462737376,34.37462817906391],[133.6526244034086,34.373798800535056]]],[[[133.6223512323642,34.33102297459211],[133.6207056138356,34.35464769632323],[133.6254251235779,34.33047005557287],[133.6223512323642,34.33102297459211]]],[[[133.63874531883746,34.33657729746719],[133.63986309746065,34.33740667599605],[133.64542094117036,34.33657729746719],[133.6465387197935,34.33436562139023],[133.64126032073963,34.33325978335176],[133.63846587418166,34.334642080899854],[133.63874531883746,34.33657729746719]]],[[[133.67957528798968,34.305739495803266],[133.66153558298782,34.32436281367855],[133.68236973454765,34.31187187038029],[133.67957528798968,34.305739495803266]]],[[[133.76446436453887,34.284175654052945],[133.77576634839545,34.25665536650446],[133.80364871516252,34.283321142841395],[133.84391979500316,34.19643745877279],[133.9032862596564,34.16587611661849],[133.91157645111164,34.10440157475219],[133.82221626006975,34.09218709096354],[133.80703310043825,34.182237493051424],[133.70876172981713,34.241073103234996],[133.75511849327285,34.27992823067788],[133.76446436453887,34.284175654052945]]],[[[133.70208610748426,34.258288990879485],[133.70068888420528,34.25632864162945],[133.6995711055821,34.2585654503891],[133.70208610748426,34.258288990879485]]]]}},{"type":"Feature","properties":{"level":"county","prefecture":"香川県","district":"木田郡","label":"木田郡","name":"香川県 木田郡","municipalityCount":19},"geometry":{"type":"MultiPolygon","coordinates":[[[[134.12426488357758,34.41991727327613],[134.12591050210617,34.421299570824225],[134.1281460593525,34.419364354256885],[134.12674883607355,34.41602170745876],[134.12230877098702,34.41629816696838],[134.12426488357758,34.41991727327613]]],[[[134.1073119077927,34.41270419334333],[134.10675301848113,34.41102030360292],[134.11147252822343,34.40518952121821],[134.1075913524485,34.401293955400845],[134.10035684080404,34.399911657852755],[134.09895961752505,34.40159554759316],[134.10147461942722,34.40463660219898],[134.10479690589057,34.40463660219898],[134.10535579520214,34.40991446556444],[134.10343073201778,34.41242773383371],[134.10507635054634,34.414915869420284],[134.1073119077927,34.41270419334333]]],[[[134.12230877098702,34.40991446556444],[134.11979376908488,34.40991446556444],[134.12063210305226,34.41270419334333],[134.12230877098702,34.40991446556444]]],[[[134.13786452349294,34.41102030360292],[134.133983347718,34.40963800605482],[134.13674674486975,34.41242773383371],[134.13786452349294,34.41102030360292]]],[[[134.15581108027618,34.29038342667804],[134.16503275391742,34.18864632713806],[134.13097155531665,34.15089703773365],[134.05272705169415,34.244717342225435],[134.07539311821972,34.35595459582325],[134.09396066312695,34.38490744628522],[134.12233982039322,34.36062927480409],[134.12091154770806,34.39852936030465],[134.16397707410664,34.38158993216979],[134.154693301653,34.29427899249541],[134.15581108027618,34.29038342667804]]],[[[134.1756516508376,34.393251496939186],[134.1756516508376,34.38990885014106],[134.17313664893544,34.390461769160304],[134.17229831496806,34.39297503742957],[134.17397498290285,34.397699981775794],[134.1756516508376,34.393251496939186]]]]}},{"type":"Feature","properties":{"level":"county","prefecture":"高知県","district":"安芸郡","label":"安芸郡","name":"高知県 安芸郡","municipalityCount":25},"geometry":{"type":"MultiPolygon","coordinates":[[[[134.1561526237444,33.61170046324484],[134.19316351593406,33.56163615932101],[134.3067422438115,33.553618833542046],[134.21120322093591,33.40005814228975],[134.17645893539878,33.24282807936433],[133.93455301169922,33.486966959041055],[133.76999115884237,33.515593084628016],[133.82119162966518,33.5671904821961],[133.86869722115028,33.5640740295422],[133.87968871094486,33.63434501035094],[134.02506203077047,33.71869029346759],[134.06502261654913,33.71944427394837],[134.0658919999227,33.68868187033252],[134.17478226746402,33.68398205866899],[134.15534533918319,33.61273090323523],[134.1561526237444,33.61170046324484]]],[[[134.29897989226166,33.53753391661873],[134.29618544570368,33.53946913318607],[134.29925933691743,33.5400220522053],[134.29897989226166,33.53753391661873]]],[[[134.31257953217698,33.537257457109106],[134.30897780105786,33.53781037612835],[134.31009557968102,33.5400220522053],[134.31257953217698,33.537257457109106]]]]}},{"type":"Feature","properties":{"level":"county","prefecture":"高知県","district":"吾川郡","label":"吾川郡","name":"高知県 吾川郡","municipalityCount":26},"geometry":{"type":"MultiPolygon","coordinates":[[[[133.29434530527365,33.68305214940936],[133.36184671435117,33.728215580208115],[133.3961252587953,33.68068967723625],[133.43521646120035,33.69388433564991],[133.4494370892397,33.6722702285342],[133.39438649204814,33.63906995469716],[133.4017762507236,33.59219750147531],[133.45775833010114,33.52340934894544],[133.56155649502574,33.53155233813787],[133.5745972456295,33.49531100969502],[133.47915137097252,33.45839109881947],[133.41941231344487,33.54997459455161],[133.36324393763013,33.57980708890782],[133.3551400426121,33.55932395251328],[133.24087822779828,33.57307152994618],[133.25168342115566,33.53504578103215],[133.18439935792156,33.57696709576355],[133.06380346424305,33.53861462197452],[133.0467573402396,33.57520780797506],[133.07501229988105,33.6506309887358],[133.11652535596966,33.660156275476325],[133.15775896740246,33.72942194897736],[133.21194018122043,33.686269132794024],[133.2879491275966,33.681946311370886],[133.29434530527365,33.68305214940936]]]]}},{"type":"Feature","properties":{"level":"county","prefecture":"高知県","district":"香美郡","label":"香美郡","name":"高知県 香美郡","municipalityCount":28},"geometry":{"type":"MultiPolygon","coordinates":[[[[134.06502261654913,33.71944427394837],[134.00183707493332,33.71248252084249],[133.87968871094486,33.63434501035094],[133.86869722115028,33.5640740295422],[133.82119162966518,33.5671904821961],[133.76999115884237,33.515593084628016],[133.65141347656683,33.53449286201291],[133.66678293263553,33.609714981312116],[133.73347705715184,33.669656429534164],[133.71680352602277,33.699639719986536],[133.87350987911117,33.80592583509389],[133.91337731667122,33.791172950353285],[133.95784006634878,33.83387337824815],[134.03282438232034,33.82839445342115],[134.0664198398281,33.724345147073436],[134.06502261654913,33.71944427394837]]]]}},{"type":"Feature","properties":{"level":"county","prefecture":"高知県","district":"高岡郡","label":"高岡郡","name":"高知県 高岡郡","municipalityCount":38},"geometry":{"type":"MultiPolygon","coordinates":[[[[133.40283193053438,33.548944154561205],[133.47915137097252,33.45839109881947],[133.35017213762018,33.41807827578041],[133.45766518188253,33.420038625030436],[133.3432170706315,33.3992036310782],[133.3185017432968,33.35529683441409],[133.28962579553135,33.40503441346291],[133.23103556603306,33.32476062494248],[133.2607498477659,33.30950508654802],[133.23879791758293,33.29533025350935],[133.26407213422922,33.257002912403],[133.21020141447326,33.1828363657769],[133.2235216097328,33.15451183238224],[133.19104393084822,33.16700277568051],[133.16387570042374,33.13531046280504],[133.17325262109597,33.18974785351739],[133.0665047625824,33.15071679729565],[133.03120158773368,33.30297058904792],[132.98077735206584,33.282210993143764],[132.90175661328837,33.32729902589444],[132.80686962794297,33.456455882252136],[133.01114367132888,33.479402021550555],[133.0612574129347,33.54193213608995],[133.12742369754565,33.539720460012994],[133.17424620209437,33.57633877869623],[133.24687076319475,33.535598700051395],[133.23622081686835,33.57005560802306],[133.30660982072243,33.580963192311685],[133.39985118753924,33.54625495751309],[133.40283193053438,33.548944154561205]]],[[[133.44599060515156,33.448086698915475],[133.44294776334402,33.44446759260772],[133.44099165075346,33.4441911330981],[133.44294776334402,33.44753377989623],[133.44599060515156,33.448086698915475]]],[[[133.29934425967176,33.358639481212215],[133.29797808579897,33.36170566850072],[133.30126932285611,33.36391734457768],[133.30350488010248,33.36253504702958],[133.30154876751192,33.360298238269934],[133.30350488010248,33.358639481212215],[133.3021076568235,33.35725718366412],[133.29934425967176,33.358639481212215]]],[[[133.3090627238122,33.356427805135255],[133.3073860558774,33.355849753433326],[133.30434321406986,33.35753364317374],[133.307944945189,33.358639481212215],[133.31018050243534,33.35781010268336],[133.3090627238122,33.356427805135255]]],[[[133.32154458510433,33.35057189006786],[133.3240595870065,33.35001897104863],[133.32266236372752,33.34753083546205],[133.31934007726417,33.35170286078903],[133.32154458510433,33.35057189006786]]]]}},{"type":"Feature","properties":{"level":"county","prefecture":"高知県","district":"長岡郡","label":"長岡郡","name":"高知県 長岡郡","municipalityCount":25},"geometry":{"type":"MultiPolygon","coordinates":[[[[133.70174456401605,33.84978236639262],[133.83870349476166,33.845157952777164],[133.87350987911117,33.80592583509389],[133.71680352602277,33.699639719986536],[133.73347705715184,33.669656429534164],[133.66678293263553,33.609714981312116],[133.6588032352423,33.530446500099394],[133.5640404475217,33.50086533257011],[133.5687289078578,33.56962835241728],[133.61375054684694,33.59101626538876],[133.57602551831468,33.609639583264034],[133.55752007221983,33.74000280839098],[133.48250470684206,33.82590631783457],[133.55003716532576,33.882052730970024],[133.66075934783285,33.8818014041431],[133.7005336371743,33.8508882044311],[133.70174456401605,33.84978236639262]]]]}},{"type":"Feature","properties":{"level":"county","prefecture":"高知県","district":"土佐郡","label":"土佐郡","name":"高知県 土佐郡","municipalityCount":18},"geometry":{"type":"MultiPolygon","coordinates":[[[[133.56338840999152,33.666012190543725],[133.60809955491865,33.58076213085015],[133.5687289078578,33.56962835241728],[133.56155649502574,33.53155233813787],[133.45775833010114,33.52340934894544],[133.39438649204814,33.63906995469716],[133.44592850633916,33.68629426547672],[133.3961252587953,33.68068967723625],[133.3652000502207,33.72829097825619],[133.28406795182164,33.678603664572755],[133.22671969857134,33.6822227708805],[133.15782106621486,33.750181544881514],[133.27736128008257,33.8309328543731],[133.4704885866429,33.8367887694405],[133.55752007221983,33.74000280839098],[133.56528242376967,33.668902449053384],[133.56338840999152,33.666012190543725]],[[133.52758844464358,33.569754015830746],[133.55770636865702,33.56565738855184],[133.53323943657188,33.57274480507118],[133.52758844464358,33.569754015830746]]]]}},{"type":"Feature","properties":{"level":"county","prefecture":"高知県","district":"幡多郡","label":"幡多郡","name":"高知県 幡多郡","municipalityCount":36},"geometry":{"type":"MultiPolygon","coordinates":[[[[133.17325262109597,33.18974785351739],[133.09690213125162,33.025631435534166],[133.01077107845447,33.01396987076476],[132.984379083185,32.94314597093678],[133.0091254599259,32.8809174485897],[132.94938640239826,32.85563396980086],[133.0196822580337,32.72315959932773],[132.96438326559257,32.73095073096246],[132.96910277533487,32.7778734495497],[132.93799127032307,32.7864688270306],[132.87803486695202,32.789258554809486],[132.869154736779,32.76535737356875],[132.86192022513453,32.79036439284796],[132.80218116760688,32.74675918837616],[132.71108220981782,32.79868331081924],[132.62858393754598,32.76286923798217],[132.6585776639346,32.855910429310484],[132.7216390079256,32.89840979574381],[132.70748047869867,32.926483002311535],[132.6552553774713,32.92505043939805],[132.69142793569358,32.97418483406224],[132.62044899312176,33.181780793103805],[132.6960542972173,33.137748333026224],[132.77560287590018,33.20598356653686],[132.79156227068668,33.27356535029748],[132.90644507362447,33.32797760832714],[132.98077735206584,33.282210993143764],[133.03120158773368,33.30297058904792],[133.06976495023335,33.14817839634369],[133.16642175173212,33.18791316768082],[133.17325262109597,33.18974785351739]]],[[[133.11574912081468,33.07172477559255],[133.11298572366292,33.07117185657331],[133.11270627900714,33.07283061363103],[133.11574912081468,33.07172477559255]]],[[[132.69248361550436,32.9255530930519],[132.69384978937714,32.92314035551341],[132.69248361550436,32.92231097698455],[132.69248361550436,32.9255530930519]]],[[[132.70471708154693,32.91932018774412],[132.70248152430057,32.92231097698455],[132.70384769817335,32.92231097698455],[132.70471708154693,32.91932018774412]]],[[[132.66301772902113,32.920049035542206],[132.66413550764432,32.92060195456145],[132.66637106489065,32.917033113619084],[132.66301772902113,32.917586032638326],[132.66301772902113,32.920049035542206]]],[[[132.65637315609445,32.918113818974874],[132.66053377652517,32.91675665410946],[132.65609371143867,32.91341400731134],[132.65301982022493,32.91449471266712],[132.65637315609445,32.918113818974874]]],[[[132.70412714282915,32.91399205901327],[132.7008048563658,32.911478790744],[132.69496756800032,32.910071360513214],[132.69220417084858,32.912861088292104],[132.68913027963484,32.91258462878248],[132.68748466110625,32.91534922387868],[132.68776410576206,32.91841541116718],[132.6894097242906,32.91786249214795],[132.69496756800032,32.9186918706768],[132.7008048563658,32.91675665410946],[132.70384769817335,32.917586032638326],[132.70412714282915,32.91399205901327]]],[[[132.6224672045247,32.766739671116845],[132.6180271394382,32.7661867520976],[132.62026269668453,32.771188155953446],[132.6283044928902,32.77314850520348],[132.6283044928902,32.77091169644383],[132.62606893564384,32.76952939889573],[132.62970171616917,32.76729259013608],[132.6224672045247,32.766739671116845]]],[[[132.60362021496167,32.74648272886654],[132.60389965961747,32.74479883912613],[132.59806237125198,32.74562821765499],[132.59942854512474,32.74786502641464],[132.60278188099429,32.74786502641464],[132.60362021496167,32.74648272886654]]],[[[132.4974933445721,32.80230241712699],[132.49417105810875,32.80119657908851],[132.49417105810875,32.798959770328864],[132.4966550106047,32.79868331081924],[132.49556828138773,32.79647163474229],[132.4913766115508,32.79785393229039],[132.4813787027546,32.79619517523267],[132.47973308422604,32.79953782203079],[132.48305537068939,32.80064366006927],[132.48581876784112,32.80396117418471],[132.48470098921794,32.805619931242425],[132.48749543577588,32.80730382098283],[132.49500939207616,32.80509214490588],[132.49972890181846,32.80509214490588],[132.4974933445721,32.80230241712699]]],[[[132.53469053319898,32.72999568902014],[132.54555782536877,32.75507810634744],[132.57194982063828,32.717027224750716],[132.54304282346664,32.70229947269281],[132.53444213794938,32.72924170853936],[132.53469053319898,32.72999568902014]]],[[[132.4877748804317,32.740350354289525],[132.48945154836645,32.743416541578036],[132.49445050276455,32.73952097576067],[132.49028988233383,32.735650542626],[132.48833376974326,32.73647992115485],[132.48473203862414,32.733966652885584],[132.48305537068939,32.73534895043368],[132.48609821249693,32.737309299683716],[132.4877748804317,32.740350354289525]]]]}},{"type":"Feature","properties":{"level":"county","prefecture":"佐賀県","district":"杵島郡","label":"杵島郡","name":"佐賀県 杵島郡","municipalityCount":23},"geometry":{"type":"MultiPolygon","coordinates":[[[[130.10349097837928,33.235087213094985],[130.15851052616463,33.253961857797194],[130.2321286682634,33.18359034625768],[130.1493509513358,33.11221352741046],[130.07231737455507,33.13118870284343],[130.0766953408292,33.17205444490174],[129.95432963099734,33.108217430862325],[129.89738502002763,33.22365184246981],[130.02543277119398,33.28304037167263],[130.02745098259692,33.24984009783559],[130.09951665438575,33.23639411259501],[130.10349097837928,33.235087213094985]]]]}},{"type":"Feature","properties":{"level":"county","prefecture":"佐賀県","district":"佐賀郡","label":"佐賀郡","name":"佐賀県 佐賀郡","municipalityCount":23},"geometry":{"type":"MultiPolygon","coordinates":[[[[130.3375103529042,33.353864271500605],[130.34222986264652,33.2529062851241],[130.379054458399,33.229181032662204],[130.33971486074435,33.20502852459454],[130.35579845315564,33.14053806080511],[130.28767605595417,33.146921762209054],[130.2329670022308,33.1941460729886],[130.22554619414913,33.32875672149061],[130.26255708633883,33.3329287468176],[130.20589192002492,33.36683273577003],[130.2187774235977,33.41946057332851],[130.25265232576123,33.43240390491523],[130.30422538945845,33.34863667350052],[130.3321077562255,33.35491984417369],[130.3375103529042,33.353864271500605]],[[130.2802241984663,33.25175018172023],[130.31773188115517,33.246824175912465],[130.29283025738326,33.25499229778759],[130.2802241984663,33.25175018172023]]]]}},{"type":"Feature","properties":{"level":"county","prefecture":"佐賀県","district":"三養基郡","label":"三養基郡","name":"佐賀県 三養基郡","municipalityCount":11},"geometry":{"type":"MultiPolygon","coordinates":[[[[130.5258560509098,33.3401166940677],[130.47980978151608,33.33079246878872],[130.44975395631505,33.26509563623005],[130.43348406746657,33.29249026036507],[130.40966917291163,33.26894093668203],[130.410973247972,33.395031605751214],[130.47658064327135,33.43846088144417],[130.5370027877354,33.43825981998263],[130.5261044461594,33.3401166940677],[130.5258560509098,33.3401166940677]]]]}},{"type":"Feature","properties":{"level":"county","prefecture":"佐賀県","district":"小城郡","label":"小城郡","name":"佐賀県 小城郡","municipalityCount":15},"geometry":{"type":"MultiPolygon","coordinates":[[[[130.21843588012948,33.24853319833557],[130.23495416422756,33.19811703685405],[130.20440154852736,33.193894746161675],[130.15851052616463,33.253961857797194],[130.10349097837928,33.235087213094985],[130.02220363294924,33.26190378552808],[130.14279952662773,33.33888519261576],[130.16878787961662,33.46763992605038],[130.27702610962777,33.47867317375247],[130.21467890197934,33.41116678803992],[130.20589192002492,33.36683273577003],[130.26255708633883,33.3329287468176],[130.22554619414913,33.32875672149061],[130.24445528252457,33.252403631470244],[130.21967785637744,33.25180044708562],[130.21843588012948,33.24853319833557]]]]}},{"type":"Feature","properties":{"level":"county","prefecture":"佐賀県","district":"神埼郡","label":"神埼郡","name":"佐賀県 神埼郡","municipalityCount":11},"geometry":{"type":"MultiPolygon","coordinates":[[[[130.410973247972,33.395031605751214],[130.41944973586445,33.26190378552808],[130.3637781505489,33.23885711549889],[130.3375103529042,33.353864271500605],[130.30422538945845,33.34863667350052],[130.24656664214615,33.41993809429967],[130.2813730264957,33.47485300598318],[130.410818000941,33.39565992281854],[130.410973247972,33.395031605751214]]]]}},{"type":"Feature","properties":{"level":"county","prefecture":"佐賀県","district":"西松浦郡","label":"西松浦郡","name":"佐賀県 西松浦郡","municipalityCount":16},"geometry":{"type":"MultiPolygon","coordinates":[[[[129.9548574709027,33.322800275692444],[129.95892494311485,33.34765649887551],[130.02543277119398,33.28304037167263],[129.89986897252356,33.22669289707563],[129.93861863146043,33.165369151305484],[129.90595465613865,33.1581058060073],[129.81715335440836,33.1845453882],[129.81435890785042,33.24242595644125],[129.75896676719066,33.290856635990046],[129.7893641358599,33.340468551625406],[129.85227023281988,33.29073097257658],[129.82743070786034,33.337452629702284],[129.90275656730012,33.41239828949186],[129.95187672790757,33.328455129298305],[129.9548574709027,33.322800275692444]]],[[[129.83792540715575,33.318527719634695],[129.8360624427838,33.3188544445097],[129.8360624427838,33.32272487764437],[129.83745966606276,33.32272487764437],[129.83938472924712,33.31968382303856],[129.83792540715575,33.318527719634695]]]]}},{"type":"Feature","properties":{"level":"county","prefecture":"佐賀県","district":"東松浦郡","label":"東松浦郡","name":"佐賀県 東松浦郡","municipalityCount":21},"geometry":{"type":"MultiPolygon","coordinates":[[[[129.85379165372365,33.60936312375442],[129.86462789648724,33.58800034346564],[129.85242547985087,33.607126314994765],[129.85379165372365,33.60936312375442]]],[[[129.8349136147544,33.586592913234846],[129.83742861665655,33.589382641013735],[129.83963312449671,33.58800034346564],[129.84186868174308,33.59079007124453],[129.845749857518,33.591895909283004],[129.84742652545276,33.59021201954259],[129.84435263423904,33.584657696667506],[129.84019201380832,33.58551220787906],[129.83907423518514,33.58382831813865],[129.83659028268917,33.58382831813865],[129.8349136147544,33.586592913234846]]],[[[129.74772688214648,33.569377025590356],[129.77132443085804,33.57937983330204],[129.7518875025772,33.56661243049416],[129.74772688214648,33.569377025590356]]],[[[129.91073626469336,33.54384221997459],[129.95768296686686,33.529114467916685],[129.93604153074588,33.478271050829385],[129.99453861202556,33.44705625892507],[130.16878787961662,33.46763992605038],[130.14279952662773,33.33888519261576],[130.0344991978042,33.27758657952831],[129.95892494311485,33.34765649887551],[129.9548574709027,33.322800275692444],[129.90275656730012,33.41239828949186],[129.87630247321823,33.3871902087511],[129.78939518526607,33.44187892629038],[129.80575822233317,33.484654752233325],[129.85826276821638,33.45356562374248],[129.83187077294687,33.47440061769471],[129.845749857518,33.55605670376323],[129.87409796537807,33.51604547291649],[129.90992898013218,33.548567164320815],[129.91073626469336,33.54384221997459]]],[[[129.89465267228206,33.596344394119605],[129.8929760043473,33.59689731313885],[129.89353489365888,33.60021482725428],[129.8982544034012,33.604085260388956],[129.90073835589715,33.60217517650431],[129.9035328024551,33.60217517650431],[129.9029739131435,33.59938544872542],[129.90101780055295,33.598556070196565],[129.9026944684877,33.595213423398434],[129.90129724520875,33.59355466634072],[129.89853384805699,33.59438404486958],[129.8932554490031,33.59438404486958],[129.89465267228206,33.596344394119605]]],[[[129.87270074209908,33.54715973409003],[129.8826986508953,33.5671653495134],[129.8732596314107,33.544118679484214],[129.87270074209908,33.54715973409003]]],[[[129.97379760868435,33.528838008407064],[129.9674014310073,33.52687765915703],[129.96435858919975,33.5293909274263],[129.96991643290943,33.53577462883024],[129.96907809894205,33.53688046686872],[129.9715931008442,33.53911727562837],[129.96879865428625,33.54049957317646],[129.96435858919975,33.53770984539758],[129.96851920963047,33.541605411214945],[129.97379760868435,33.54356576046497],[129.9757537212749,33.5424347897438],[129.97823767377088,33.53856435660913],[129.97767878445927,33.533010033734044],[129.9757537212749,33.52966738693592],[129.97379760868435,33.528838008407064]]],[[[129.7782794978467,33.493275262396914],[129.7788383871583,33.491892964848816],[129.77604394060035,33.49078712681034],[129.774118877416,33.493551721906535],[129.77495721138337,33.49493401945463],[129.7782794978467,33.493275262396914]]],[[[129.99410392033877,33.47256593185814],[129.98575163007112,33.47299318746392],[129.98519274075954,33.476612293771666],[129.98770774266168,33.48023140007941],[129.99075058446923,33.48050785958903],[129.99435231558837,33.476335834262045],[129.99410392033877,33.47256593185814]]],[[[129.8565861002816,33.40493388273214],[129.85907005277755,33.40355158518404],[129.85854221287215,33.40189282812632],[129.8554683216584,33.403828044693654],[129.8565861002816,33.40493388273214]]],[[[129.8614608570549,33.40015867302053],[129.86490734114304,33.40355158518404],[129.86630456442202,33.40216928763594],[129.8614608570549,33.40015867302053]]]]}},{"type":"Feature","properties":{"level":"county","prefecture":"佐賀県","district":"藤津郡","label":"藤津郡","name":"佐賀県 藤津郡","municipalityCount":14},"geometry":{"type":"MultiPolygon","coordinates":[[[[130.08237738216368,33.13076144723766],[130.12044395416416,33.12867543457416],[130.11268160261432,33.10165780067953],[130.21964680697127,32.960010001023576],[130.06123273654188,32.985846398831654],[129.92234874261194,33.09049888956398],[130.0766953408292,33.17205444490174],[130.07784416885858,33.12915295554533],[130.08237738216368,33.13076144723766]]],[[[130.21725600269392,32.958879030302406],[130.22129242549983,32.95804965177354],[130.22296909343459,32.958879030302406],[130.22492520602515,32.956390894715824],[130.22296909343459,32.95417921863887],[130.22020569628285,32.95500859716773],[130.21824958369228,32.953877626446555],[130.21964680697127,32.952495328898465],[130.2174112497249,32.950560112331125],[130.21353007394998,32.95277178840808],[130.21297118463838,32.95445567814849],[130.21548618654055,32.95583797569659],[130.21725600269392,32.958879030302406]]]]}},{"type":"Feature","properties":{"level":"county","prefecture":"埼玉県","district":"児玉郡","label":"児玉郡","name":"埼玉県 児玉郡","municipalityCount":20},"geometry":{"type":"MultiPolygon","coordinates":[[[[139.1694518475129,36.274759521361496],[139.24760320291682,36.2325114817551],[139.19491236059642,36.21308391803365],[139.19286309978725,36.14442142891724],[139.03690193244765,36.11169867605137],[139.10769457858228,36.2613638014863],[139.16383190499081,36.27890641400579],[139.1694518475129,36.274759521361496]]]]}},{"type":"Feature","properties":{"level":"county","prefecture":"埼玉県","district":"大里郡","label":"大里郡","name":"埼玉県 大里郡","municipalityCount":39},"geometry":{"type":"MultiPolygon","coordinates":[[[[139.40344017263163,36.19536537673531],[139.38058780966887,36.149598761551935],[139.42905593274614,36.134142161695934],[139.446629896655,36.08360033680095],[139.42343599022405,36.07020461692575],[139.39061676787128,36.105088780503195],[139.30122552742318,36.110341511185965],[139.19770680715436,36.06869665596419],[139.15743572731373,36.09252243915685],[139.19491236059642,36.21308391803365],[139.24375307654807,36.244499771399504],[139.32230807423258,36.22962122324544],[139.3582322372053,36.25332134302464],[139.44420804297144,36.19679793964879],[139.4103952396203,36.19370661967759],[139.40344017263163,36.19536537673531]],[[139.43063945246232,36.08118759926245],[139.4257025968766,36.0772417680797],[139.42787605531055,36.077844952464325],[139.43063945246232,36.08118759926245]]]]}},{"type":"Feature","properties":{"level":"county","prefecture":"埼玉県","district":"秩父郡","label":"秩父郡","name":"埼玉県 秩父郡","municipalityCount":34},"geometry":{"type":"MultiPolygon","coordinates":[[[[139.15743572731373,36.09252243915685],[139.23897146799337,36.051304839540855],[139.1857217363614,36.02478985930007],[139.2420143098009,35.905560412605986],[139.19764470834195,35.87957321870175],[139.20314045323926,35.841195612230024],[139.01650247257462,35.89827193462511],[138.8920254031212,35.83983844736462],[138.72914021819912,35.90900359013489],[138.71255983528863,35.98533154747256],[138.75394869375245,36.03383762506944],[138.8284051698186,36.037305935281026],[138.95844008298172,36.12408908861886],[139.02469951581128,36.134091896330546],[139.0433291595309,36.10752665072438],[139.1265415681453,36.1483421274173],[139.15839825890592,36.13944515774409],[139.1594539387167,36.097146852772305],[139.15743572731373,36.09252243915685]]]]}},{"type":"Feature","properties":{"level":"county","prefecture":"埼玉県","district":"南埼玉郡","label":"南埼玉郡","name":"埼玉県 南埼玉郡","municipalityCount":42},"geometry":{"type":"MultiPolygon","coordinates":[[[[139.69927891489957,36.0556025282813],[139.83726247604972,35.906138464307915],[139.85648205848716,35.790955379527354],[139.82009215442145,35.79811819409477],[139.81121202424842,35.86102529887455],[139.69952731014916,35.916166404702295],[139.55831461075428,36.05761314289671],[139.66326160370826,36.10750151804169],[139.69893737143138,36.05781420435826],[139.69927891489957,36.0556025282813]]]]}},{"type":"Feature","properties":{"level":"county","prefecture":"埼玉県","district":"入間郡","label":"入間郡","name":"埼玉県 入間郡","municipalityCount":62},"geometry":{"type":"MultiPolygon","coordinates":[[[[139.45479589048546,35.978972978751315],[139.54437342737074,35.94449093809695],[139.5513905931718,35.88339338647104],[139.60740372195554,35.8347616454607],[139.39213818877505,35.76328429588271],[139.30116342861078,35.83496270692224],[139.20180532877268,35.849037009230145],[139.19764470834195,35.87957321870175],[139.2420143098009,35.905560412605986],[139.21292101619207,35.95645409505867],[139.25188802097233,35.985934731857185],[139.33454154027515,35.96193301988567],[139.43020476077552,35.997998419549674],[139.4527776790825,35.98070713385711],[139.45479589048546,35.978972978751315]]]]}},{"type":"Feature","properties":{"level":"county","prefecture":"埼玉県","district":"比企郡","label":"比企郡","name":"埼玉県 比企郡","municipalityCount":28},"geometry":{"type":"MultiPolygon","coordinates":[[[[139.38713923437695,36.10177126638776],[139.4830198007207,36.05907083849289],[139.5453359589629,35.95110083364513],[139.4623408961919,35.96180735647221],[139.43020476077552,35.997998419549674],[139.33454154027515,35.96193301988567],[139.19019285085412,36.006091143376715],[139.23897146799337,36.051304839540855],[139.19770680715436,36.06869665596419],[139.20866724754276,36.089380853820266],[139.38599040634756,36.101268612733904],[139.38713923437695,36.10177126638776]]],[[[139.43063945246232,36.08118759926245],[139.42787605531055,36.077844952464325],[139.4257025968766,36.0772417680797],[139.43063945246232,36.08118759926245]]]]}},{"type":"Feature","properties":{"level":"county","prefecture":"埼玉県","district":"北葛飾郡","label":"北葛飾郡","name":"埼玉県 北葛飾郡","municipalityCount":31},"geometry":{"type":"MultiPolygon","coordinates":[[[[139.72706813344803,36.107551783407075],[139.7762193434617,36.090763151368364],[139.88874239152835,35.89447689953851],[139.89377239533266,35.78273699228684],[139.8587797145459,35.794448822421636],[139.83726247604972,35.906138464307915],[139.66425518470663,36.116624681859136],[139.7030358930497,36.145100011349946],[139.72691288641704,36.10880841754171],[139.72706813344803,36.107551783407075]]]]}},{"type":"Feature","properties":{"level":"county","prefecture":"埼玉県","district":"北埼玉郡","label":"北埼玉郡","name":"埼玉県 北埼玉郡","municipalityCount":49},"geometry":{"type":"MultiPolygon","coordinates":[[[[139.6985026797446,36.152011499090435],[139.63264688919566,36.07922725001242],[139.5620715889044,36.055652793646686],[139.38058780966887,36.149598761551935],[139.3944047954276,36.19350555821605],[139.58740790436312,36.21036958830284],[139.62488453764578,36.18656893779287],[139.65997036665112,36.21489347118752],[139.69573928259283,36.15711343367705],[139.6985026797446,36.152011499090435]]]]}},{"type":"Feature","properties":{"level":"county","prefecture":"埼玉県","district":"北足立郡","label":"北足立郡","name":"埼玉県 北足立郡","municipalityCount":66},"geometry":{"type":"MultiPolygon","coordinates":[[[[139.48047374941234,36.097800302522316],[139.63506874287918,36.00621680679018],[139.64311053908483,35.96648203545305],[139.77395273680915,35.860673441316855],[139.81121202424842,35.86102529887455],[139.82108573541984,35.81143851592189],[139.51636686297886,35.76557137000774],[139.54347299459096,35.78110336791182],[139.53453076560552,35.81917938219124],[139.60740372195554,35.8347616454607],[139.5513905931718,35.88339338647104],[139.5050027803099,36.02750418903088],[139.4303600078065,36.10302790052239],[139.4767788700746,36.099559590310804],[139.48047374941234,36.097800302522316]]]]}},{"type":"Feature","properties":{"level":"county","prefecture":"三重県","district":"阿山郡","label":"阿山郡","name":"三重県 阿山郡","municipalityCount":21},"geometry":{"type":"MultiPolygon","coordinates":[[[[136.24351105431185,34.858809311138444],[136.28067719353254,34.8730344095425],[136.2675432947102,34.81583242373396],[136.34181347433918,34.77335818998333],[136.28176392274952,34.6968543038668],[136.02840076816238,34.75822831500233],[136.02011057670714,34.79024735275281],[136.090779025217,34.81256517498391],[136.1263926941277,34.862026294523105],[136.0855627249755,34.877533159744495],[136.10558959197408,34.8994991244179],[136.24338685668707,34.85885957650383],[136.24351105431185,34.858809311138444]]]]}},{"type":"Feature","properties":{"level":"county","prefecture":"三重県","district":"安濃郡","label":"安濃郡","name":"三重県 安濃郡","municipalityCount":16},"geometry":{"type":"MultiPolygon","coordinates":[[[[136.41182988531884,34.81402287058008],[136.47709573715,34.773081730473706],[136.5240424393235,34.67903523183769],[136.29666763772525,34.73389987815581],[136.34212396840118,34.76981448172366],[136.31004993179718,34.80178325410875],[136.32622667242708,34.82201506367636],[136.4095322292601,34.8143244627724],[136.41182988531884,34.81402287058008]]]]}},{"type":"Feature","properties":{"level":"county","prefecture":"三重県","district":"一志郡","label":"一志郡","name":"三重県 一志郡","municipalityCount":39},"geometry":{"type":"MultiPolygon","coordinates":[[[[136.41229562641183,34.70720896913618],[136.55347727640054,34.676019309914565],[136.5338540516825,34.60172709987499],[136.4510142359425,34.57915795081696],[136.30526832324247,34.46126053630559],[136.20625176687258,34.44866906227655],[136.2297872167717,34.49327957405607],[136.21659121913697,34.528214002998894],[136.1674089597171,34.520171544537234],[136.17073124618045,34.561640470980166],[136.25621026144742,34.58476253905743],[136.24528087046522,34.63078048106773],[136.3046783845247,34.72291689581911],[136.41102260075766,34.70524861988615],[136.41229562641183,34.70720896913618]]]]}},{"type":"Feature","properties":{"level":"county","prefecture":"三重県","district":"員弁郡","label":"員弁郡","name":"三重県 員弁郡","municipalityCount":21},"geometry":{"type":"MultiPolygon","coordinates":[[[[136.59433829495896,35.180934905210556],[136.57341099518055,35.14665392601774],[136.6276232584047,35.09932908450742],[136.63029350733785,35.04464036696814],[136.44197885873845,35.086561681699536],[136.45449176943683,35.16256291416221],[136.4086628458865,35.18719294320104],[136.4294659480401,35.22878753305743],[136.52804781272323,35.25763985278863],[136.5917301448382,35.185659849556785],[136.59433829495896,35.180934905210556]]]]}},{"type":"Feature","properties":{"level":"county","prefecture":"三重県","district":"河芸郡","label":"河芸郡","name":"三重県 河芸郡","municipalityCount":22},"geometry":{"type":"MultiPolygon","coordinates":[[[[136.58744532678267,34.910029718466134],[136.64240277575564,34.900529564408295],[136.52994182650139,34.7418418058867],[136.36581466533133,34.82264338074367],[136.42204513995844,34.84448368200361],[136.4879630293198,34.80231104044529],[136.48600691672922,34.83460653770539],[136.55341517758814,34.86871158811936],[136.55161431202856,34.9111606891873],[136.58558236241072,34.91015538187959],[136.58744532678267,34.910029718466134]]]]}},{"type":"Feature","properties":{"level":"county","prefecture":"三重県","district":"桑名郡","label":"桑名郡","name":"三重県 桑名郡","municipalityCount":17},"geometry":{"type":"MultiPolygon","coordinates":[[[[136.64463833300198,35.14441711725809],[136.64628395153056,35.16580503022956],[136.75045470932957,35.079851255420586],[136.74927483189398,35.03682410265071],[136.63029350733785,35.04464036696814],[136.5755223548021,35.16794130825844],[136.64442098715858,35.14441711725809],[136.64463833300198,35.14441711725809]]]]}},{"type":"Feature","properties":{"level":"county","prefecture":"三重県","district":"三重郡","label":"三重郡","name":"三重県 三重郡","municipalityCount":29},"geometry":{"type":"MultiPolygon","coordinates":[[[[136.56325783935335,35.064394655564584],[136.70037201712992,35.0210659106024],[136.6115707153996,34.97648053150559],[136.65761698479335,34.94571812788974],[136.64240277575564,34.900529564408295],[136.41518322118839,34.984623520698015],[136.44474225589022,35.08824557143994],[136.55875567545442,35.0643695228819],[136.56325783935335,35.064394655564584]]]]}},{"type":"Feature","properties":{"level":"county","prefecture":"三重県","district":"志摩郡","label":"志摩郡","name":"三重県 志摩郡","municipalityCount":28},"geometry":{"type":"MultiPolygon","coordinates":[[[[136.98649229525745,34.54578174820108],[136.9834494534499,34.54326847993181],[136.98177278551515,34.539699638989454],[136.97956827767499,34.5446759101626],[136.97677383111704,34.544952369672224],[136.97705327577282,34.548546343297275],[136.98149334085934,34.551336071076165],[136.98733062922483,34.54995377352807],[136.98649229525745,34.54578174820108]]],[[[136.91483026574923,34.542715560912576],[136.91287415315867,34.53967450630676],[136.90983131135113,34.53995096581638],[136.90650902488778,34.542715560912576],[136.91315359781444,34.54326847993181],[136.91483026574923,34.542715560912576]]],[[[136.88117270942905,34.529571167864304],[136.90427346764142,34.51966889088338],[136.84649052270433,34.50745440709474],[136.88123480824146,34.53077753663355],[136.88117270942905,34.529571167864304]]],[[[136.8537250343488,34.52022180990262],[136.85620898684473,34.522433485979576],[136.85956232271428,34.52049826941224],[136.85648843150054,34.521051188431485],[136.8537250343488,34.52022180990262]]],[[[136.84040483908925,34.5154968655564],[136.83984594977764,34.51660270359488],[136.83537483528494,34.51660270359488],[136.83621316925232,34.51773367431605],[136.84456545951997,34.52022180990262],[136.8473288566717,34.51939243137377],[136.8434476808968,34.51828659333529],[136.84040483908925,34.5154968655564]]],[[[136.83621316925232,34.503282381767754],[136.83565427994074,34.50717794758512],[136.83844872649868,34.50604697686395],[136.83621316925232,34.503282381767754]]],[[[136.91995341777212,34.42803512978586],[136.91234631325327,34.37553295564085],[136.81233617588498,34.367465364496496],[136.86539961107977,34.34275993740959],[136.90787519876056,34.36497722890992],[136.87732258306033,34.33386296773638],[136.90178951514548,34.278018146793244],[136.8473288566717,34.24640123196585],[136.749585325956,34.269975688331584],[136.85900343340268,34.265250743985355],[136.8276124837351,34.28497989989911],[136.86567905573557,34.28608573793759],[136.82956859632566,34.29857668123586],[136.8476083013275,34.31413381182263],[136.80733722148688,34.328308644861295],[136.79206091363676,34.28802095450493],[136.77790238440983,34.31468673084186],[136.76209823665434,34.29246943934153],[136.70180028981508,34.30604108799558],[136.79212301244917,34.36467563671761],[136.74353069174708,34.38473151750637],[136.82289297399277,34.50438821980623],[136.84428601486417,34.46442725432487],[136.87648424909295,34.474706521546175],[136.87567696453178,34.4285880488051],[136.90983131135113,34.45553028465166],[136.92290311136105,34.43024680586282],[136.91995341777212,34.42803512978586]]],[[[136.87204418400643,34.485538707786716],[136.90983131135113,34.50109583837349],[136.8734414072854,34.48330189902707],[136.87204418400643,34.485538707786716]]],[[[136.8584445440911,34.49081657115218],[136.8648407217682,34.488856221902154],[136.863722943145,34.485538707786716],[136.85620898684473,34.48219606098859],[136.8537250343488,34.48385481804631],[136.85093058779086,34.48775038386368],[136.8584445440911,34.49081657115218]]],[[[136.89759784530855,34.45970230997864],[136.8951138928126,34.45553028465166],[136.89123271703767,34.4560832036709],[136.89287833556625,34.458294879747854],[136.89679056074738,34.46108460752674],[136.89759784530855,34.45970230997864]]],[[[136.88815882582392,34.45246409736315],[136.89011493841448,34.45359506808432],[136.8898354937587,34.450805340305436],[136.88815882582392,34.45246409736315]]],[[[136.87204418400643,34.3602522845637],[136.87011912082207,34.35997582505408],[136.86595850039134,34.3647007694003],[136.87011912082207,34.36525368841954],[136.87067801013367,34.367188904986875],[136.87288251797384,34.362740420150274],[136.87288251797384,34.367465364496496],[136.87704313840453,34.367465364496496],[136.87788147237194,34.36497722890992],[136.87539751987597,34.3602522845637],[136.87288251797384,34.35718609727519],[136.87204418400643,34.3602522845637]]],[[[136.8112183972618,34.30775011041868],[136.82009852743482,34.31192213574567],[136.82456964192755,34.30996178649564],[136.8262152604561,34.306920731889825],[136.8223340846812,34.30581489385135],[136.82205464002539,34.30440746362056],[136.81705568562728,34.30609135336097],[136.81565846234832,34.30385454460132],[136.8114978419176,34.305261974832106],[136.8112183972618,34.30775011041868]]],[[[136.8259358158003,34.29719438368775],[136.82429019727175,34.29470624810118],[136.82317241864857,34.29664146466852],[136.82009852743482,34.29664146466852],[136.82456964192755,34.299682519274334],[136.8259358158003,34.29719438368775]]],[[[136.8259358158003,34.29357527738001],[136.8276124837351,34.289981303754956],[136.8312142148542,34.29108714179343],[136.83289088278897,34.288850333033785],[136.82401075261595,34.289981303754956],[136.8223340846812,34.28774449499531],[136.82373130796017,34.29274589885115],[136.8217751953696,34.29525916712042],[136.8259358158003,34.29357527738001]]],[[[136.8159379070041,34.29664146466852],[136.81789401959466,34.29553562663004],[136.81509957303672,34.2949827076108],[136.8159379070041,34.29664146466852]]],[[[136.81289506519656,34.29191652032229],[136.81733513028308,34.293298817870394],[136.8223340846812,34.2905342227742],[136.81901179821784,34.29025776326458],[136.82037797209063,34.28802095450493],[136.80982117398284,34.286915116466446],[136.80817555545426,34.288573873524165],[136.8117772865734,34.289428384735714],[136.81289506519656,34.29191652032229]]],[[[136.80205882243297,34.276359389735525],[136.80482221958474,34.27691230875476],[136.80789611079845,34.27359479463933],[136.8067783321753,34.27301674293739],[136.80205882243297,34.276359389735525]]],[[[136.81373339916397,34.23054250918676],[136.81065950795022,34.2297131306579],[136.81261562054078,34.231949939417554],[136.81373339916397,34.23054250918676]]],[[[136.83816928184288,34.2688698502931],[136.84093267899462,34.267462420062316],[136.8373309478755,34.26663304153345],[136.83816928184288,34.2688698502931]]]]}},{"type":"Feature","properties":{"level":"county","prefecture":"三重県","district":"多気郡","label":"多気郡","name":"三重県 多気郡","municipalityCount":17},"geometry":{"type":"MultiPolygon","coordinates":[[[[136.64824006412113,34.545756615518386],[136.66025618432027,34.52019667721993],[136.60005138569963,34.50577051735433],[136.57884464126545,34.451659851516986],[136.4968121100866,34.43353918729556],[136.44825083879073,34.36819421229458],[136.40552685586036,34.39043663647761],[136.41102260075766,34.354421502178994],[136.26928206145737,34.28905139449533],[136.19249687992624,34.193773394407366],[136.13191948843118,34.16469488053193],[136.09267303899514,34.19015428809962],[136.1318573896188,34.251905289475545],[136.0957779796151,34.30294976802438],[136.2518943939857,34.35492415583285],[136.27300799020128,34.40674774754516],[136.40729667201373,34.41742913768955],[136.40006216036926,34.470584761584576],[136.47541906921523,34.46337168165177],[136.49022963597233,34.507630335873586],[136.5961391605185,34.52803807422005],[136.61709750970311,34.5666921402014],[136.5862343999409,34.60290833596155],[136.64727753252893,34.58858270682672],[136.65209019048984,34.54912439499921],[136.64824006412113,34.545756615518386]]]]}},{"type":"Feature","properties":{"level":"county","prefecture":"三重県","district":"度会郡","label":"度会郡","name":"三重県 度会郡","municipalityCount":33},"geometry":{"type":"MultiPolygon","coordinates":[[[[136.73151457154793,34.53799061656635],[136.8176145749389,34.4866445458252],[136.7847643031799,34.45442444661318],[136.68478521521783,34.500492653988864],[136.6809971876615,34.4746311234981],[136.72064727937814,34.482170928305905],[136.6912434917073,34.42904043709357],[136.71331961951506,34.39591556130461],[136.79389282860254,34.36867173326574],[136.7117981986113,34.293298817870394],[136.68680342662077,34.28415052137025],[136.7279128404288,34.34275993740959],[136.68320169550165,34.32330724100545],[136.69040515773992,34.345248072996164],[136.6595730973839,34.345248072996164],[136.67236545273806,34.323860160024694],[136.63681388263973,34.308579488947544],[136.67568773920138,34.31692353960151],[136.6598525420397,34.288850333033785],[136.59626335814332,34.25663023382177],[136.570678647435,34.274700632677806],[136.59542502417594,34.29219297983191],[136.550123940531,34.28301955064909],[136.54763998803503,34.250246532417826],[136.50569224025963,34.278872658004786],[136.5190124355192,34.24024372470614],[136.49373821887286,34.258867042581414],[136.51013230534616,34.233030644773336],[136.48097691292492,34.21968519026352],[136.46961283025593,34.25663023382177],[136.43238459222283,34.219132271244284],[136.40620994279675,34.25663023382177],[136.3663425052367,34.22900941554251],[136.26599082440023,34.27661071656245],[136.41102260075766,34.354421502178994],[136.40552685586036,34.39043663647761],[136.44825083879073,34.36819421229458],[136.4968121100866,34.43353918729556],[136.57884464126545,34.451659851516986],[136.60005138569963,34.50577051735433],[136.66025618432027,34.52019667721993],[136.6601630361017,34.566038690451386],[136.72288283662448,34.542439101402955],[136.73151457154793,34.53799061656635]]],[[[136.71623826369782,34.336627562832575],[136.71487208982504,34.33803499306337],[136.71819437628838,34.341076047669176],[136.71931215491156,34.336904022342196],[136.7167971530094,34.334139427246],[136.71347486654608,34.33386296773638],[136.71347486654608,34.3355217247941],[136.71623826369782,34.336627562832575]]],[[[136.5551539443353,34.24469220954274],[136.5545950550237,34.24248053346579],[136.55124171915418,34.243586371504264],[136.54847832200244,34.24165115493693],[136.54763998803503,34.24775839683125],[136.55124171915418,34.24941715388897],[136.55152116380998,34.24748193732163],[136.55431561036792,34.248034856340865],[136.55319783174474,34.24635096660046],[136.5551539443353,34.24469220954274]]],[[[136.57291420468135,34.28415052137025],[136.5762364911447,34.28580927842797],[136.57403198330454,34.28301955064909],[136.57291420468135,34.28415052137025]]],[[[136.6798483596321,34.29525916712042],[136.6804072489437,34.29857668123586],[136.68348114015745,34.299682519274334],[136.68208391687847,34.29525916712042],[136.6798483596321,34.29525916712042]]]]}},{"type":"Feature","properties":{"level":"county","prefecture":"三重県","district":"南牟婁郡","label":"南牟婁郡","name":"三重県 南牟婁郡","municipalityCount":21},"geometry":{"type":"MultiPolygon","coordinates":[[[[136.10105637866897,34.02576141060678],[136.1619753136322,34.00794233857767],[136.21550448992,34.03061201836647],[136.27210755742152,33.97278171549061],[136.21019504145988,33.99861811329869],[136.19159644714645,33.97112295843289],[136.23127758826928,33.94611593915367],[136.18212637825565,33.939179318730496],[136.17992187041548,33.912790001903176],[136.15048703333844,33.93111172758614],[136.15073542858804,33.8999974664126],[136.10102532926277,33.885546173864306],[136.0115719900023,33.72364143195804],[135.94506416192317,33.73248813626587],[135.85803267634623,33.816205102315195],[135.85793952812764,33.8732060266622],[135.89777591628146,33.870642493027546],[135.87895997612463,33.90836664974926],[136.01036106316053,33.9655937682405],[136.01824761233516,34.03556315685693],[136.0999386000458,34.02385132672214],[136.10105637866897,34.02576141060678]]]]}},{"type":"Feature","properties":{"level":"county","prefecture":"三重県","district":"飯南郡","label":"飯南郡","name":"三重県 飯南郡","municipalityCount":23},"geometry":{"type":"MultiPolygon","coordinates":[[[[136.5862343999409,34.60290833596155],[136.61709750970311,34.5666921402014],[136.5961391605185,34.52803807422005],[136.49022963597233,34.507630335873586],[136.47541906921523,34.46337168165177],[136.40006216036926,34.470584761584576],[136.42272822689483,34.44175757453607],[136.3772097974065,34.40277678367971],[136.27300799020128,34.40674774754516],[136.27114502582933,34.36857120253497],[136.1583735825131,34.31358089280339],[136.0693859843456,34.389129736977594],[136.09590217723988,34.43522307703597],[136.30526832324247,34.46126053630559],[136.4510142359425,34.57915795081696],[136.5809870502932,34.605773461788516],[136.5862343999409,34.60290833596155]]]]}},{"type":"Feature","properties":{"level":"county","prefecture":"三重県","district":"北牟婁郡","label":"北牟婁郡","name":"三重県 北牟婁郡","municipalityCount":12},"geometry":{"type":"MultiPolygon","coordinates":[[[[136.41779137130914,34.243385310042726],[136.4285034164479,34.2135779483692],[136.3621197859936,34.188570929089984],[136.35240132185316,34.21191919131148],[136.277944845787,34.16135223373381],[136.28434102346407,34.117470569752385],[136.3151730838201,34.11385146344463],[136.29766121872362,34.08665790077116],[136.24906889802156,34.095278410934746],[136.2679469369908,34.12857921550255],[136.20075602197528,34.07527279551137],[136.25295007379648,34.06112309515539],[136.24431833887303,34.038051292443505],[136.2823849108735,34.01945310725092],[136.24267272034447,34.01417524388546],[136.2722317550463,33.98683088511582],[136.21550448992,34.03061201836647],[136.1619753136322,34.00794233857767],[136.10105637866897,34.02576141060678],[136.11204786846358,34.1675600063589],[136.19249687992624,34.193773394407366],[136.21746060251056,34.24539592465814],[136.26980990136275,34.27427337707203],[136.3663425052367,34.22900941554251],[136.4131339603792,34.248361581215875],[136.41779137130914,34.243385310042726]]],[[[136.3765577598763,34.19558294756124],[136.37988004633965,34.194703303667],[136.37938325584045,34.19342153684967],[136.3765577598763,34.19558294756124]]],[[[136.3243326586489,34.16441842102231],[136.3198925935624,34.165247799551175],[136.3193337042508,34.1699727438974],[136.31765703631604,34.171907960464736],[136.31849537028342,34.17525060726286],[136.32156926149716,34.17331539069552],[136.31849537028342,34.171907960464736],[136.32156926149716,34.1699727438974],[136.32045148287398,34.16690655660889],[136.3243326586489,34.16441842102231]]],[[[136.3037779517449,34.16135223373381],[136.30710023820825,34.15996993618571],[136.30210128381015,34.156627289387586],[136.29989677596998,34.156350829877965],[136.30101455459317,34.15996993618571],[136.29989677596998,34.16248320445498],[136.3051751750239,34.163589042493456],[136.3037779517449,34.16135223373381]]],[[[136.36320651521058,34.15220393723367],[136.3668392957359,34.15079650700288],[136.36628040642432,34.147755452397064],[136.36267867530518,34.14886129043554],[136.361560896682,34.15192747772405],[136.36320651521058,34.15220393723367]]],[[[136.2519564927981,34.0724076696844],[136.25295007379648,34.07306111943441],[136.2568312495714,34.0699949321459],[136.25571347094822,34.06833617508819],[136.2519564927981,34.0724076696844]]],[[[136.2629479825927,34.05999212443422],[136.26322742724847,34.058056907866884],[136.25987409137895,34.05750398884764],[136.25571347094822,34.06026858394384],[136.26043298069052,34.06139955466501],[136.2629479825927,34.05999212443422]]]]}},{"type":"Feature","properties":{"level":"county","prefecture":"三重県","district":"名賀郡","label":"名賀郡","name":"三重県 名賀郡","municipalityCount":19},"geometry":{"type":"MultiPolygon","coordinates":[[[[136.22239745809625,34.714422049068986],[136.2825712073107,34.69506988339562],[136.24528087046522,34.63078048106773],[136.25481303816844,34.583455639557414],[136.1142834257099,34.545882278931856],[136.04979380903376,34.58021352349006],[136.07357765418251,34.63409799518317],[136.03954750498795,34.661266425173956],[136.08584216963126,34.67627063674149],[136.05569319621165,34.738373495675106],[136.22134177828548,34.716281867588236],[136.22239745809625,34.714422049068986]]]]}},{"type":"Feature","properties":{"level":"county","prefecture":"三重県","district":"鈴鹿郡","label":"鈴鹿郡","name":"三重県 鈴鹿郡","municipalityCount":19},"geometry":{"type":"MultiPolygon","coordinates":[[[[136.4967810606804,34.95114678735136],[136.56844309018865,34.91885129009126],[136.4879630293198,34.80231104044529],[136.42204513995844,34.84448368200361],[136.2675432947102,34.81583242373396],[136.28372003534008,34.870294947129],[136.3660941099871,34.9050031819276],[136.41518322118839,34.984623520698015],[136.49584957849444,34.950895460524436],[136.4967810606804,34.95114678735136]]]]}},{"type":"Feature","properties":{"level":"county","prefecture":"山形県","district":"最上郡","label":"最上郡","name":"山形県 最上郡","municipalityCount":19},"geometry":{"type":"MultiPolygon","coordinates":[[[[140.4922807492324,38.90223070078531],[140.53792337634553,38.90037088226606],[140.60349972223867,38.783704969206624],[140.64644105101246,38.769530136167944],[140.6070083051392,38.72132565076338],[140.60064317686835,38.63956903396409],[140.45790905656966,38.72172777368647],[140.3145228987408,38.680158316512774],[140.30250677854164,38.61498927029064],[140.20805448488304,38.5330315920298],[140.12254442020986,38.493824607029225],[140.03504719353995,38.505435906433235],[140.1170797247188,38.577993961367014],[140.10878953326355,38.6189099687907],[140.03364997026097,38.67400080925306],[140.05619183916176,38.726075727792306],[140.02865101586286,38.77023385128334],[140.11717287293737,38.820876206909105],[140.08866951804632,38.858022311928885],[140.14024258174354,38.91570181870859],[140.1206193570255,38.93721539509353],[140.1471045005136,38.969837617228634],[140.1102178059487,38.99308534871936],[140.13493313328343,39.0427475297201],[140.19808762549303,39.06127031686461],[140.2271188202895,39.02711500108525],[140.36237003369408,39.025808101585234],[140.37621806885903,38.99446764626746],[140.4455203434961,38.98041847664225],[140.49212550220142,38.90268308907378],[140.4922807492324,38.90223070078531]]]]}},{"type":"Feature","properties":{"level":"county","prefecture":"山形県","district":"西村山郡","label":"西村山郡","name":"山形県 西村山郡","municipalityCount":21},"geometry":{"type":"MultiPolygon","coordinates":[[[[140.20805448488304,38.5330315920298],[140.25102686306303,38.47346713404815],[140.3452618108782,38.457558145903675],[140.3097102407799,38.34737646497896],[140.20771294141485,38.33413154119991],[140.15340752997207,38.24264857619855],[140.0897562472633,38.24131654401584],[140.07153024582425,38.26903789302587],[140.01250532463916,38.24297530107356],[139.97754369325864,38.17969120605338],[139.87480120814482,38.31678999014196],[139.9173699440442,38.366829161383095],[139.93199421436412,38.502218923048574],[140.02616706336693,38.5468043021454],[140.05035455079627,38.496287609933106],[140.19821182311782,38.532378142279796],[140.20805448488304,38.5330315920298]]],[[[140.26866292578427,38.358309181950276],[140.27002909965705,38.354338218084834],[140.2673899001301,38.35634883270025],[140.26866292578427,38.358309181950276]]]]}},{"type":"Feature","properties":{"level":"county","prefecture":"山形県","district":"西置賜郡","label":"西置賜郡","name":"山形県 西置賜郡","municipalityCount":18},"geometry":{"type":"MultiPolygon","coordinates":[[[[139.94071909750616,38.209171842851894],[139.98654802105648,38.1823552704188],[140.01250532463916,38.24297530107356],[140.07153024582425,38.26903789302587],[140.1734964957831,38.227568966582936],[140.12931319076134,38.136940512793124],[140.0751009275372,38.12791787970645],[140.04523139877335,38.08898735421549],[140.05718542016012,38.05166532041685],[139.97620856879206,38.006803481810415],[139.95180373551935,37.94738981992491],[139.87644682667337,37.9786800098773],[139.73178764319036,37.830799304913555],[139.65832474812254,37.86254188315442],[139.6248224388334,37.91818564263602],[139.6553750545336,38.035605536176234],[139.6924169961295,38.057320174022706],[139.6713965481325,38.076999064571076],[139.69893737143138,38.20261221266911],[139.7864656475075,38.19230781276511],[139.90066536350892,38.27610017686251],[139.94193002434793,38.21505289060198],[139.94071909750616,38.209171842851894]]]]}},{"type":"Feature","properties":{"level":"county","prefecture":"山形県","district":"西田川郡","label":"西田川郡","name":"山形県 西田川郡","municipalityCount":18},"geometry":{"type":"MultiPolygon","coordinates":[[[[139.84101945419985,38.825048232236085],[139.85514693402058,38.717631146407555],[139.79916485464307,38.71046833184015],[139.83133203946565,38.649697505089236],[139.79109200903122,38.64650565438727],[139.73302961943833,38.499278399173534],[139.53884663306724,38.557887815212865],[139.62690274904875,38.68732113108018],[139.74662925935365,38.77425508051417],[139.80844862709668,38.92492551325681],[139.8439070489764,38.88722648921778],[139.8400569226077,38.82658132588034],[139.84101945419985,38.825048232236085]]],[[[139.68276063080148,38.72592493169614],[139.68331952011306,38.72313520391725],[139.68080451821092,38.72479396097498],[139.68276063080148,38.72592493169614]]]]}},{"type":"Feature","properties":{"level":"county","prefecture":"山形県","district":"東村山郡","label":"東村山郡","name":"山形県 東村山郡","municipalityCount":24},"geometry":{"type":"MultiPolygon","coordinates":[[[[140.38922777005658,38.370096410133144],[140.41978038575678,38.36285819751765],[140.39258110592613,38.35903802974836],[140.41813476722822,38.312467168718825],[140.52205712977764,38.3489346913059],[140.52789441814312,38.31887600280545],[140.45325164563974,38.229931438756054],[140.35532181848683,38.25079156539098],[140.3198633966071,38.28841519138193],[140.1782470549316,38.22148685737131],[140.15340752997207,38.24264857619855],[140.20771294141485,38.33413154119991],[140.30688474481576,38.34536585036354],[140.33333883889765,38.40028076204705],[140.38944511589997,38.371880830604326],[140.38922777005658,38.370096410133144]],[[140.26866292578427,38.358309181950276],[140.2673899001301,38.35634883270025],[140.27002909965705,38.354338218084834],[140.26866292578427,38.358309181950276]]]]}},{"type":"Feature","properties":{"level":"county","prefecture":"山形県","district":"東置賜郡","label":"東置賜郡","name":"山形県 東置賜郡","municipalityCount":21},"geometry":{"type":"MultiPolygon","coordinates":[[[[140.23351499796655,38.08250312208078],[140.2832871961042,38.050232757503366],[140.28952812675027,38.00710507400272],[140.27207836046622,37.91991979774181],[140.21202880887657,37.89614427991454],[140.17237871715992,37.93479834589588],[140.1372928881546,37.90981645929935],[140.1478807356686,37.979031867435],[140.0578374576903,37.96164005101166],[139.98881462770902,38.00700454327196],[140.03610287335073,38.02537653432031],[140.06451308002318,38.066317674426685],[140.04523139877335,38.08898735421549],[140.12931319076134,38.136940512793124],[140.1731239029087,38.222693226140564],[140.2099484986612,38.14277129517782],[140.18312181170492,38.12904885042762],[140.23314240509217,38.08398595035965],[140.23351499796655,38.08250312208078]]]]}},{"type":"Feature","properties":{"level":"county","prefecture":"山形県","district":"東田川郡","label":"東田川郡","name":"山形県 東田川郡","municipalityCount":28},"geometry":{"type":"MultiPolygon","coordinates":[[[[139.9334535364555,38.875037138111836],[139.94696002815223,38.83452325361122],[140.02778163248928,38.78795239258169],[140.05619183916176,38.726075727792306],[140.03364997026097,38.67400080925306],[140.10878953326355,38.6189099687907],[140.1170797247188,38.577993961367014],[140.05510510994478,38.52880930133743],[140.02616706336693,38.5468043021454],[139.93199421436412,38.502218923048574],[139.9173699440442,38.366829161383095],[139.87480120814482,38.31678999014196],[139.7035326835489,38.40078341570091],[139.73219128547095,38.541224846587625],[139.79109200903122,38.64650565438727],[139.83133203946565,38.649697505089236],[139.79916485464307,38.71046833184015],[139.85514693402058,38.717631146407555],[139.83695198198774,38.88835745993895],[139.92621902481102,38.87697235467917],[139.9334535364555,38.875037138111836]]]]}},{"type":"Feature","properties":{"level":"county","prefecture":"山形県","district":"南村山郡","label":"南村山郡","name":"山形県 南村山郡","municipalityCount":17},"geometry":{"type":"MultiPolygon","coordinates":[[[[140.3935436375183,38.26004039262189],[140.44840793827265,38.2290769275445],[140.4711050542044,38.25086696343905],[140.47899160337906,38.194544621524756],[140.41763797672903,38.0803417113692],[140.27707731486433,38.05616407061885],[140.1884002107588,38.11766374516784],[140.2099484986612,38.14277129517782],[140.1889901494766,38.23405319871765],[140.27496595524275,38.271752222756675],[140.31592012201978,38.230559755823364],[140.39003505461775,38.25853243166033],[140.3935436375183,38.26004039262189]]]]}},{"type":"Feature","properties":{"level":"county","prefecture":"山形県","district":"南置賜郡","label":"南置賜郡","name":"山形県 南置賜郡","municipalityCount":11},"geometry":{"type":"MultiPolygon","coordinates":[[[[140.09351322541343,37.976443201117654],[140.1478807356686,37.979031867435],[140.12934424016754,37.93743727757861],[140.06314690615042,37.91104796075129],[140.10180341686868,37.87950644397198],[140.1485948720112,37.873650528904584],[140.13418794753466,37.91383768853018],[140.1627534012381,37.933240119568936],[140.21202880887657,37.89614427991454],[140.26711045547432,37.91758245825139],[140.26208045167002,37.83441841122131],[140.2985014051419,37.80724998123051],[140.23724092671048,37.74647915447961],[140.11534095797163,37.73436520142174],[140.05249695982403,37.7787997844224],[139.98648592224407,37.760402660691355],[139.9325841530819,37.82939187468277],[139.81000109740665,37.80322875199968],[139.73178764319036,37.830799304913555],[139.87644682667337,37.9786800098773],[139.9318700167393,37.94603265505951],[139.98266684528156,38.00876383106045],[140.0578374576903,37.96164005101166],[140.09192970569725,37.977197181598434],[140.09351322541343,37.976443201117654]]]]}},{"type":"Feature","properties":{"level":"county","prefecture":"山形県","district":"飽海郡","label":"飽海郡","name":"山形県 飽海郡","municipalityCount":28},"geometry":{"type":"MultiPolygon","coordinates":[[[[139.56079856325022,39.19598149609739],[139.53968496703462,39.187813374222266],[139.56443134377554,39.19640875170316],[139.56079856325022,39.19598149609739]]],[[[140.15079937985132,39.049181496489425],[140.1102178059487,38.99308534871936],[140.1471045005136,38.969837617228634],[140.1206193570255,38.93721539509353],[140.13884535846455,38.91115280314122],[140.08866951804632,38.858022311928885],[140.11717287293737,38.820876206909105],[140.03417781016637,38.774104284418016],[139.94696002815223,38.83452325361122],[139.93742786044902,38.873202452275265],[139.85586107036318,38.87983748050613],[139.80844862709668,38.92492551325681],[139.8695538584971,39.118271241211616],[139.99443457023114,39.10552897108643],[140.06243276980783,39.13350164692338],[140.06243276980783,39.092887231692],[140.15073728103894,39.04970928282597],[140.15079937985132,39.049181496489425]]]]}},{"type":"Feature","properties":{"level":"county","prefecture":"山形県","district":"北村山郡","label":"北村山郡","name":"山形県 北村山郡","municipalityCount":24},"geometry":{"type":"MultiPolygon","coordinates":[[[[140.3762801676714,38.396762186470085],[140.33333883889765,38.40028076204705],[140.3452618108782,38.457558145903675],[140.25102686306303,38.47346713404815],[140.20805448488304,38.5330315920298],[140.30250677854164,38.61498927029064],[140.3145228987408,38.680158316512774],[140.45970992212924,38.721375916128764],[140.54366751649243,38.67947973408007],[140.57866019727916,38.568192215116866],[140.5550936979738,38.53104611009708],[140.62001800633675,38.45519567373057],[140.54549943145818,38.36411483165229],[140.41813476722822,38.312467168718825],[140.39258110592613,38.35903802974836],[140.41978038575678,38.36285819751765],[140.37376516576927,38.38042594271984],[140.3762801676714,38.396762186470085]]]]}},{"type":"Feature","properties":{"level":"county","prefecture":"山口県","district":"阿武郡","label":"阿武郡","name":"山口県 阿武郡","municipalityCount":27},"geometry":{"type":"MultiPolygon","coordinates":[[[[131.15227782098282,34.761219104242755],[131.13060533545564,34.798440607310624],[131.1536750442618,34.7634559130024],[131.15227782098282,34.761219104242755]]],[[[131.7028769411169,34.56510878119175],[131.66791530973637,34.5051924656524],[131.69523878719184,34.4392443062668],[131.79382065187497,34.436203251660984],[131.7854373122011,34.40152014954508],[131.66825685320455,34.310941961120655],[131.602618408499,34.302623043149374],[131.5506417025212,34.23976620373497],[131.52142421128755,34.258867042581414],[131.39716448767754,34.21759917760003],[131.40194609623225,34.267613216158466],[131.33612135508952,34.309383734793705],[131.34937945153666,34.35306433731359],[131.29318002631572,34.38025789998707],[131.41616672427156,34.42708008784354],[131.39561201736757,34.45791788950746],[131.46180935138472,34.485865432661726],[131.45532002548902,34.525424275220004],[131.5358621851703,34.56068542903784],[131.6128026137324,34.66679561536635],[131.6497514071097,34.640682758048655],[131.69058137626192,34.68097044840502],[131.72762331785782,34.576443621086156],[131.70300113874168,34.565284709970605],[131.7028769411169,34.56510878119175]]],[[[131.477271955672,34.573477964528415],[131.47671306636042,34.57458380256689],[131.48087368679114,34.57458380256689],[131.47922806826256,34.57179407478801],[131.477271955672,34.573477964528415]]],[[[131.5144691442989,34.56402807583597],[131.51251303170832,34.56513391387445],[131.51530747826627,34.56681780361485],[131.51642525688945,34.56402807583597],[131.5144691442989,34.56402807583597]]],[[[131.38421688529237,34.518462522114135],[131.38421688529237,34.521252249893024],[131.3889363950347,34.5237403854796],[131.39173084159265,34.522911006950736],[131.39201028624842,34.51790960309489],[131.39005417365786,34.51318465874867],[131.38673188719454,34.512355280219815],[131.3839374406366,34.51569792701794],[131.38421688529237,34.518462522114135]]],[[[131.2894230481656,34.512732270460205],[131.29395626147073,34.51124944218134],[131.29144125956856,34.50486574077739],[131.28032557214917,34.50207601299851],[131.2784005089648,34.496798149633044],[131.27560606240687,34.49790398767152],[131.2731221099109,34.50320698371968],[131.27116599732034,34.504589281267776],[131.27116599732034,34.50818325489283],[131.2739293944721,34.51318465874867],[131.27476772843949,34.51625084603718],[131.2786799536206,34.51790960309489],[131.278121064309,34.51569792701794],[131.28532452654727,34.51124944218134],[131.28588341585888,34.51290819923905],[131.2894230481656,34.512732270460205]]],[[[131.41756394755055,34.50320698371968],[131.41893012142333,34.49403355453685],[131.4158872796158,34.4917967457772],[131.41393116702523,34.49265125698875],[131.40840437272172,34.49096736724834],[131.40672770478696,34.48958506970024],[131.40144930573305,34.495139392575325],[131.40061097176567,34.49735106865228],[131.4031259736678,34.50652449783511],[131.40865276797132,34.512355280219815],[131.41560783495999,34.51180236120057],[131.41644616892737,34.50903776610438],[131.4147695009926,34.50707741685435],[131.41756394755055,34.50320698371968]]],[[[131.34006462967682,34.50320698371968],[131.34338691614016,34.50375990273891],[131.34590191804233,34.50207601299851],[131.34478413941915,34.498205579863836],[131.34062351898842,34.49790398767152],[131.33810851708625,34.50014079643117],[131.33866740639786,34.50320698371968],[131.34006462967682,34.50320698371968]]],[[[131.37561619977515,34.48375428731554],[131.3786590415827,34.48707180143097],[131.38145348814064,34.48707180143097],[131.3820123774522,34.48513658486364],[131.37977682020588,34.48209553025782],[131.37589564443095,34.481517478555894],[131.37561619977515,34.48375428731554]]],[[[131.3736600871846,34.464578050421025],[131.37477786580777,34.46653839967105],[131.37949737555007,34.4656838884595],[131.37977682020588,34.462366374344064],[131.3770134230541,34.46153699581521],[131.3736600871846,34.464578050421025]]],[[[131.31978936742863,34.425974249805066],[131.31643603155908,34.42763300686278],[131.31783325483806,34.432357951209006],[131.32143498595718,34.43097565366091],[131.32171443061299,34.42708008784354],[131.31978936742863,34.425974249805066]]]]}},{"type":"Feature","properties":{"level":"county","prefecture":"山口県","district":"吉敷郡","label":"吉敷郡","name":"山口県 吉敷郡","municipalityCount":20},"geometry":{"type":"MultiPolygon","coordinates":[[[[131.519002357604,34.086205512482685],[131.46115731385453,33.987961855836986],[131.42368068057183,33.98909282655816],[131.4206067893581,34.015482143385476],[131.3947736834002,33.98575017976003],[131.41672561358317,34.021312925770175],[131.38477577460398,34.04908454014559],[131.35453365296576,33.96519164531742],[131.28638020635805,33.942170107970924],[131.28249903058312,33.98451867830809],[131.4049268392274,34.20963211718645],[131.51639420748324,34.25798739868717],[131.5506417025212,34.23976620373497],[131.60556810208794,34.289327854004945],[131.58417506121657,34.1428294465893],[131.5235666203153,34.0871856871077],[131.519002357604,34.086205512482685]]]]}},{"type":"Feature","properties":{"level":"county","prefecture":"山口県","district":"玖珂郡","label":"玖珂郡","name":"山口県 玖珂郡","municipalityCount":35},"geometry":{"type":"MultiPolygon","coordinates":[[[[132.1269186815822,34.33197801653443],[132.14489628777164,34.236348158888774],[132.2454963638577,34.210662557176846],[132.25083686172403,34.164921074676165],[132.20000898377558,34.12018489948319],[132.2205636906796,34.04634507773209],[132.1897316303236,33.965769697019354],[132.06000721122246,33.95478671468265],[132.0734516041068,34.01641205264511],[132.0270948406511,34.014451703395075],[132.0256665679659,34.06810998094395],[131.96698319024904,34.08919630172311],[131.96080435841537,34.196085601215096],[131.89156418259068,34.23504125938875],[131.8790512718923,34.30126587828397],[131.91944654935776,34.33808525842875],[131.9592518881054,34.30646834360135],[132.01256371854976,34.369702173256144],[131.989866602618,34.41396082747796],[132.03864521975726,34.468599279651855],[132.08099660981327,34.44354199500725],[132.06978777417527,34.356306453380945],[132.1258630017714,34.33366190627484],[132.1269186815822,34.33197801653443]]],[[[132.39385042667848,34.072734394559404],[132.39468876064586,34.0696682072709],[132.39052814021514,34.068838828742045],[132.39385042667848,34.072734394559404]]],[[[132.39524764995744,34.05994185906883],[132.39996715969977,34.057730182991875],[132.39856993642078,34.05411107668413],[132.39108702952672,34.05632275276108],[132.39524764995744,34.05994185906883]]],[[[132.39136647418252,34.042725971424346],[132.3924842528057,34.042449511914725],[132.39052814021514,34.03883040560698],[132.38829258296877,34.03689518903964],[132.3860880751286,34.03689518903964],[132.38664696444022,34.033552542241516],[132.38941036159196,34.03272316371266],[132.38636751978441,34.02965697642415],[132.38469085184965,34.02661592181833],[132.38329362857067,34.027168840837575],[132.38329362857067,34.033276082731895],[132.3822068993537,34.034934839789614],[132.37581072167663,34.03661872953002],[132.3810891207305,34.038001027078124],[132.38329362857067,34.04162013338586],[132.3874852984076,34.039106865116594],[132.39136647418252,34.042725971424346]]],[[[132.42080131125957,34.03717164854926],[132.42691804428085,34.033276082731895],[132.4233163131617,34.03217024469342],[132.41664069082884,34.03438192077037],[132.4183173587636,34.03689518903964],[132.42080131125957,34.03717164854926]]],[[[132.41468457823828,34.03023502812608],[132.42747693359243,34.01078233172194],[132.40940617918437,34.02827467887605],[132.41468457823828,34.03023502812608]]],[[[132.324175559167,34.02465557256831],[132.32554173303978,34.02189097747211],[132.32389611451123,34.02216743698173],[132.324175559167,34.02465557256831]]],[[[132.43079922005577,34.00326765959683],[132.43163755402315,34.00216182155835],[132.4352082357361,34.003242526914136],[132.43359366661372,34.00160890253912],[132.43079922005577,34.0013324430295],[132.4291536015272,34.003845711298766],[132.4291536015272,34.00661030639496],[132.43079922005577,34.009952953193086],[132.43219644333473,34.00912357466423],[132.4299608860884,34.00550446835648],[132.43079922005577,34.00326765959683]]],[[[132.33193791071687,34.00326765959683],[132.3350118019306,33.9985678479333],[132.3355706912422,33.994119363096694],[132.3341734679632,33.99132963531781],[132.33137902140527,33.99105317580819],[132.32861562425353,33.99384290358708],[132.3297334028767,33.99716041770251],[132.3300128475325,34.00326765959683],[132.33193791071687,34.00326765959683]]],[[[132.4299608860884,33.99328998456784],[132.43275533264634,33.988565040221616],[132.43163755402315,33.988012121202374],[132.4291536015272,33.99050025678895],[132.4299608860884,33.99328998456784]]],[[[132.35246156821466,33.989947337769706],[132.35357934683785,33.98743406950044],[132.34941872640712,33.98632823146197],[132.34969817106293,33.98884149973124],[132.35246156821466,33.989947337769706]]],[[[132.4299608860884,33.98411655538501],[132.43219644333473,33.98077390858688],[132.43079922005577,33.9796680705484],[132.42887415687142,33.98160328711574],[132.4299608860884,33.98411655538501]]],[[[132.31340141521582,34.12214524873322],[132.314053452746,34.12103941069474],[132.314519193839,34.120788083867815],[132.31833827080152,34.12086348191589],[132.3189592589255,34.11975764387742],[132.3191455553627,34.118802601935094],[132.31302882234144,34.11852614242547],[132.31191104371825,34.120737818502434],[132.31340141521582,34.12214524873322]]]]}},{"type":"Feature","properties":{"level":"county","prefecture":"山口県","district":"熊毛郡","label":"熊毛郡","name":"山口県 熊毛郡","municipalityCount":26},"geometry":{"type":"MultiPolygon","coordinates":[[[[132.00464611996892,34.06665228534778],[132.02734323590067,34.065772641453535],[132.0270948406511,34.014451703395075],[132.0734516041068,34.01641205264511],[132.06000721122246,33.95478671468265],[132.11791435378436,33.954334326394175],[132.14443054667865,33.83327019386353],[132.11751071150377,33.83188789631543],[132.11971521934393,33.87521664127762],[132.04501034802814,33.90856771121081],[132.0583305432877,33.924099709114884],[131.97002603205658,33.91661016967247],[131.89224726952708,33.97800931349069],[131.93469180780167,34.00706269468343],[131.91326771752406,34.08173189496339],[131.9366789697984,34.119355520954336],[131.99741160832446,34.06444060927082],[132.00464611996892,34.06665228534778]]],[[[131.93121427430734,33.93731950021123],[131.93059328618332,33.93550994705736],[131.928357728937,33.93661578509584],[131.92919606290437,33.93827454215356],[131.9272399503138,33.939380380192034],[131.92640161634642,33.94272302699016],[131.92891661824856,33.942170107970924],[131.93121427430734,33.93731950021123]]],[[[131.99753580594927,33.859106591671605],[132.02420724587455,33.852722890267664],[131.99781525060504,33.857447834613886],[131.99753580594927,33.859106591671605]]],[[[131.9853023399067,33.86966231840253],[131.9800239408528,33.86855648036405],[131.98253894275496,33.87076815644101],[131.9853023399067,33.86966231840253]]],[[[132.13555041650562,33.91882184574942],[132.13306646400966,33.916333710162846],[132.13306646400966,33.91799246722056],[132.13555041650562,33.91882184574942]]],[[[132.05112708104943,33.89577517572023],[132.05112708104943,33.89328704013366],[132.05389047820117,33.889944393335526],[132.05000930242625,33.8866017465374],[132.05028874708205,33.89077377186439],[132.0469354112125,33.89328704013366],[132.04137756750282,33.89577517572023],[132.0419364568144,33.8982884439895],[132.04417201406076,33.90022366055683],[132.0486120791473,33.899117822518356],[132.05112708104943,33.89577517572023]]],[[[132.0583305432877,33.886878206047015],[132.0569333200087,33.88439007046044],[132.05444936751277,33.88828563627781],[132.0583305432877,33.886878206047015]]],[[[132.06640338889954,33.874940181768],[132.0683284520839,33.87521664127762],[132.07000512001866,33.87076815644101],[132.0677695627723,33.86772710183519],[132.06137338509524,33.86689772330634],[132.06084554518984,33.8735578842199],[132.0572127646645,33.874940181768],[132.0577716539761,33.87994158562384],[132.06165282975104,33.883837151441206],[132.06612394424374,33.88411361095082],[132.06472672096476,33.878835747585356],[132.06640338889954,33.874940181768]]],[[[132.1038800221822,33.83661284066165],[132.0275295323379,33.794113474228325],[132.0783263608801,33.82716295196921],[132.07248907251463,33.85800075363313],[132.10332113287063,33.841890704027115],[132.1038800221822,33.83661284066165]]],[[[132.11887688537652,33.82384543785377],[132.1205535533113,33.8227144671326],[132.12195077659027,33.818265982296],[132.1208329979671,33.81215874040167],[132.11779015615954,33.811052902363194],[132.11943577468813,33.81328971112284],[132.1199946639997,33.8168836847479],[132.1163929328806,33.81967341252678],[132.11834904547115,33.82105571007488],[132.11887688537652,33.82384543785377]]],[[[131.98225949809915,33.77521369684343],[131.94723576790622,33.780768019718515],[131.99086018361638,33.779109262660796],[131.98225949809915,33.77521369684343]]],[[[131.9383556377332,33.792454717170614],[131.93975286101215,33.78828269184363],[131.9383556377332,33.78690039429553],[131.9325183493677,33.78828269184363],[131.93031384152755,33.789941448901345],[131.93031384152755,33.79328409569947],[131.93388452324047,33.794917720074494],[131.9383556377332,33.792454717170614]]],[[[132.02836786630527,33.78632234259359],[132.02864731096105,33.78549296406474],[132.0225305779398,33.78383420700702],[132.02392780121875,33.785216504555116],[132.02836786630527,33.78632234259359]]],[[[132.052772699578,33.77913439534349],[132.05472881216855,33.77554042171843],[132.05308319364,33.7749623700165],[132.05140652570523,33.77164485590107],[132.0472148558683,33.775188564160736],[132.05056819173785,33.77468591050688],[132.052772699578,33.77913439534349]]],[[[132.146666103925,33.75329799753541],[132.13362535332126,33.71275898035211],[132.1477838825482,33.75664064433354],[132.146666103925,33.75329799753541]]],[[[132.031131263457,33.73997767570829],[132.02973404017803,33.7358056503813],[132.02501453043573,33.73552919087169],[132.02780897699367,33.739148297179426],[132.031131263457,33.73997767570829]]]]}},{"type":"Feature","properties":{"level":"county","prefecture":"山口県","district":"厚狭郡","label":"厚狭郡","name":"山口県 厚狭郡","municipalityCount":16},"geometry":{"type":"MultiPolygon","coordinates":[[[[131.29116181491275,33.99190768701974],[131.28787057785564,33.93186570806692],[131.2325715854145,33.9271407637207],[131.2258959630816,33.96335695948085],[131.17814197634692,33.93131278904768],[131.16982073548547,33.99658236600058],[131.13395867132516,33.99158096214474],[131.03900958716739,34.06087176832846],[131.09160728126918,34.12501037456019],[131.12911496395807,34.08193295642493],[131.31842319355584,34.16673062783004],[131.37931107911288,34.121165074108205],[131.34518778169974,34.10769395618493],[131.29131706194377,33.99620537576019],[131.29116181491275,33.99190768701974]]]]}},{"type":"Feature","properties":{"level":"county","prefecture":"山口県","district":"佐波郡","label":"佐波郡","name":"山口県 佐波郡","municipalityCount":14},"geometry":{"type":"MultiPolygon","coordinates":[[[[131.790870958286,34.192969148561204],[131.73178393828854,34.10477856499258],[131.6454976384604,34.134259201791096],[131.6344750992596,34.079444820838354],[131.6719827819485,34.04270083874165],[131.60951137667527,34.02076000675094],[131.5920926597974,34.04772737528019],[131.53893607638403,33.99741174452944],[131.49118208964933,34.02714370815488],[131.58417506121657,34.1428294465893],[131.602618408499,34.302623043149374],[131.66825685320455,34.310941961120655],[131.75814488415185,34.3818663916794],[131.74203024233435,34.292921827629996],[131.791957687503,34.193245608070825],[131.790870958286,34.192969148561204]]],[[[131.58442345646617,34.02317274428944],[131.5914406222672,33.99937209377947],[131.55616849682468,33.98909282655816],[131.58088382415943,34.01962903602977],[131.58442345646617,34.02317274428944]]]]}},{"type":"Feature","properties":{"level":"county","prefecture":"山口県","district":"大津郡","label":"大津郡","name":"山口県 大津郡","municipalityCount":9},"geometry":{"type":"MultiPolygon","coordinates":[[[[131.2317022020409,34.43230768584362],[131.26116808852413,34.41818311817033],[131.18841932979893,34.39820263542965],[131.1681440675507,34.42708008784354],[131.22449873980264,34.430146275132046],[131.2317022020409,34.43230768584362]]],[[[131.2670053768896,34.41818311817033],[131.27144544197614,34.414865604054896],[131.2736809992225,34.41152295725677],[131.26784371085702,34.40986420019905],[131.26784371085702,34.41318171431449],[131.26616704292223,34.414589144545275],[131.2670053768896,34.41818311817033]]],[[[131.27560606240687,34.40679801291054],[131.27532661775106,34.40958774068943],[131.27756217499743,34.408205443141334],[131.27560606240687,34.40679801291054]]],[[[131.20869459204715,34.372391370304264],[131.28616286051465,34.38711912236218],[131.34937945153666,34.35306433731359],[131.3419896928612,34.31848176592846],[131.27982878165,34.336250572592185],[131.21816466093796,34.281285395543286],[131.10222617818937,34.26190809718723],[130.98017096241952,34.362262899179115],[131.03590464654744,34.37126039958309],[131.017306052234,34.40348049879511],[130.9345283353064,34.39237185304495],[130.97424052583543,34.44208429941107],[131.0175854968898,34.41124649774715],[131.13147471882922,34.41763019915109],[131.153706093668,34.37264269713119],[131.19978341246792,34.39737325690079],[131.2053723055838,34.374326586871604],[131.20869459204715,34.372391370304264]]],[[[131.1681440675507,34.42846238539164],[131.16646739961595,34.429015304410875],[131.16870295686232,34.43097565366091],[131.1681440675507,34.42846238539164]]],[[[131.2578458020608,34.393201231573805],[131.2528468476627,34.390135044285294],[131.25421302153546,34.39403061010266],[131.2578458020608,34.393201231573805]]]]}},{"type":"Feature","properties":{"level":"county","prefecture":"山口県","district":"大島郡","label":"大島郡","name":"山口県 大島郡","municipalityCount":12},"geometry":{"type":"MultiPolygon","coordinates":[[[[132.26999434534903,34.00326765959683],[132.26806928216467,33.9999501454814],[132.27055323466064,34.000503064500634],[132.2719504579396,33.99884430744292],[132.27167101328382,33.99577812015441],[132.2675103928531,33.99328998456784],[132.2675103928531,33.99522520113517],[132.26387761232778,33.99577812015441],[132.26555428026253,33.99771333672175],[132.26499539095093,34.001055983519876],[132.25831976861807,34.00326765959683],[132.25915810258545,34.00605738737572],[132.2613936598318,34.00688676590458],[132.26331872301617,34.009676493683465],[132.2675103928531,34.00799260394306],[132.27027379000484,34.004398630318],[132.26999434534903,34.00326765959683]]],[[[132.32305778054382,33.90633090245115],[132.4719086338638,33.94993610692296],[132.37553127702083,33.91384557457627],[132.36941454399954,33.86383153601783],[132.33165846606107,33.85772429412351],[132.33749575442656,33.88217839438349],[132.28666787647813,33.90215887712417],[132.27915392017786,33.87076815644101],[132.20777133532545,33.85661845608503],[132.17249920988291,33.92354679009564],[132.23388388593912,33.96745358675976],[132.28610898716653,33.954937510778805],[132.32389611451123,33.90298825565303],[132.32305778054382,33.90633090245115]]],[[[132.34830094778394,33.9738372881637],[132.3508159496861,33.971876938913674],[132.35137483899769,33.96938880332709],[132.3552560147726,33.96717712725014],[132.35357934683785,33.96300510192316],[132.35109539434188,33.961899263884675],[132.34941872640712,33.96355802094239],[132.34802150312817,33.969941722346334],[132.34445082141522,33.96966526283671],[132.34333304279204,33.97160047940405],[132.34830094778394,33.9738372881637]]],[[[132.3502570603745,33.96021537414427],[132.35249261762087,33.93910392068241],[132.34749366322276,33.95883307659617],[132.3502570603745,33.96021537414427]]],[[[132.3097065358781,33.928271734441864],[132.3130598717476,33.92633651787453],[132.3091786959727,33.92606005836491],[132.3097065358781,33.928271734441864]]],[[[132.4707908552406,33.96632261603859],[132.47358530179855,33.96300510192316],[132.4763486989503,33.96355802094239],[132.4766281436061,33.961899263884675],[132.4813476533484,33.959385995615406],[132.47886370085246,33.95855661708655],[132.47830481154085,33.95438459175956],[132.47358530179855,33.95355521323071],[132.4702630153352,33.959109536105785],[132.45858843860424,33.96411093996163],[132.46246961437916,33.96438739947125],[132.46498461628133,33.96245218290392],[132.46942468136783,33.96355802094239],[132.4707908552406,33.96632261603859]]],[[[132.49109716689503,33.95855661708655],[132.4919044514562,33.95576688930766],[132.49053827758343,33.95327875372109],[132.4880232756813,33.95327875372109],[132.48553932318532,33.95634494100959],[132.48774383102548,33.95800369806731],[132.49109716689503,33.95855661708655]]],[[[132.46302850369077,33.91995281647059],[132.4671891241215,33.916057250653225],[132.46498461628133,33.915780791143604],[132.4605135017886,33.91967635696097],[132.45830899394844,33.91912343794173],[132.4541483735177,33.92078219499945],[132.45386892886194,33.926889436893774],[132.45858843860424,33.92578359885529],[132.46163128041178,33.92354679009564],[132.46302850369077,33.91995281647059]]],[[[132.3924842528057,33.904948604903055],[132.39496820530167,33.903566307354964],[132.3927636974615,33.900500120066454],[132.39136647418252,33.901053039085696],[132.39108702952672,33.90439568588382],[132.3924842528057,33.904948604903055]]],[[[132.16610303220583,33.94744797133639],[132.168618034108,33.94493470306712],[132.1636190797099,33.939656839701655],[132.15998629918454,33.937721623134316],[132.15666401272122,33.937721623134316],[132.15418006022526,33.94106426993244],[132.15666401272122,33.94578921427867],[132.16417796902147,33.946618592807525],[132.16610303220583,33.94744797133639]]],[[[132.31361876105922,33.868280020854435],[132.3141776503708,33.866344804287095],[132.31222153778023,33.865490293075545],[132.3130598717476,33.862172778960115],[132.3097065358781,33.86244923846973],[132.3086198066611,33.86438445503707],[132.31082431450128,33.86717418281596],[132.31361876105922,33.868280020854435]]],[[[132.33361457865163,33.91522787212436],[132.3358190864918,33.91188522532624],[132.33305568934003,33.912991063364714],[132.33361457865163,33.91522787212436]]],[[[132.37245738580708,33.85216997124842],[132.37245738580708,33.847997945921435],[132.36581281288042,33.846615648373344],[132.36273892166668,33.84772148641182],[132.36081385848232,33.85189351173881],[132.35357934683785,33.854658106835004],[132.3555354594284,33.85717137510427],[132.35857830123595,33.85855367265236],[132.36081385848232,33.85606553706579],[132.36553336822462,33.8532758092869],[132.36525392356882,33.851340592719566],[132.36941454399954,33.8532758092869],[132.37245738580708,33.85216997124842]]],[[[132.40108493832292,33.81442068184401],[132.40108493832292,33.813038384295915],[132.3977626518596,33.81080157553627],[132.39996715969977,33.8069060097189],[132.39856993642078,33.80275911707461],[132.39385042667848,33.80190460586306],[132.39164591883832,33.80748406142084],[132.39608598392482,33.812183873084365],[132.40108493832292,33.81442068184401]]],[[[132.3877647430634,33.782753501651236],[132.3924842528057,33.780818285083896],[132.3927636974615,33.77719917877615],[132.388013138313,33.779687314362725],[132.3877647430634,33.782753501651236]]],[[[132.20333127023892,33.84938024346954],[132.20221349161574,33.846615648373344],[132.19861176049662,33.8474450269022],[132.19833231584082,33.84938024346954],[132.20084731774296,33.850209621998395],[132.20333127023892,33.84938024346954]]],[[[132.18001316618316,33.84523335082524],[132.1780570535926,33.84772148641182],[132.18082045074436,33.84965670297915],[132.18557100989287,33.84772148641182],[132.18389434195808,33.843825920594455],[132.18001316618316,33.84523335082524]]],[[[132.25887865792967,33.81660722523828],[132.25695359474528,33.812988118930534],[132.25695359474528,33.81077644285357],[132.25387970353157,33.80635309069966],[132.25195464034718,33.80662955020928],[132.24943963844504,33.81022352383434],[132.24916019378924,33.81356617063246],[132.25223408500298,33.81605430621904],[132.25583581612213,33.817160144257514],[132.25887865792967,33.81660722523828]]],[[[132.24751457526068,33.776093340737674],[132.1719403205713,33.8038398224304],[132.22112257999117,33.8155013871998],[132.27334768121858,33.78192412312238],[132.25471803749895,33.77136839639145],[132.24751457526068,33.776093340737674]]]]}},{"type":"Feature","properties":{"level":"county","prefecture":"山口県","district":"都濃郡","label":"都濃郡","name":"山口県 都濃郡","municipalityCount":22},"geometry":{"type":"MultiPolygon","coordinates":[[[[131.9588482458248,34.19910152313822],[131.958568801169,34.12332648481978],[131.91326771752406,34.08173189496339],[131.93469180780167,34.00706269468343],[131.8908500462481,33.97856223250992],[131.83170092743822,34.01103365854887],[131.79391380009355,33.98602663926965],[131.8169835088997,33.96966526283671],[131.77779915827605,33.973812155481006],[131.82614308372854,34.02103646626056],[131.78251866801835,34.0301847627607],[131.79642880199572,34.0579815098188],[131.74752598723163,34.0462948123667],[131.74140925421037,34.07157829115555],[131.6767022916908,34.04242437923203],[131.6344750992596,34.079444820838354],[131.6454976384604,34.134259201791096],[131.73178393828854,34.10477856499258],[131.79031206897443,34.17685909895519],[131.7972050371507,34.21423139811921],[131.74203024233435,34.292921827629996],[131.770937239506,34.35618078996748],[131.82033684476926,34.30244711437052],[131.88128682913867,34.308629754312925],[131.89156418259068,34.23504125938875],[131.95341459973992,34.198171613878586],[131.9588482458248,34.19910152313822]]],[[[131.7974844818065,34.02113699699133],[131.79531102337253,34.01935257652015],[131.79391380009355,34.02241876380866],[131.79835386518008,34.02380106135675],[131.7974844818065,34.02113699699133]]],[[[131.73426789078448,33.97971833591379],[131.7325291240373,33.98102523541381],[131.73668974446804,33.981854613942666],[131.73780752309122,33.98019585688495],[131.73529252118908,33.978260640317615],[131.73426789078448,33.97971833591379]]],[[[131.7653793957963,33.980623112490726],[131.76724236016827,33.97964293786571],[131.7650378523281,33.9765767505772],[131.76336118439335,33.97630029106759],[131.76224340577016,33.97936647835609],[131.7653793957963,33.980623112490726]]],[[[131.7342057919721,34.03797589439543],[131.78003471552242,34.04825516161674],[131.727809614295,34.034080328578064],[131.7342057919721,34.03797589439543]]],[[[131.71157077485273,33.99894483817369],[131.7325291240373,33.98213107345229],[131.69114026557352,34.008243930769986],[131.70865213066998,34.03518616661654],[131.71057719385433,34.00741455224112],[131.71157077485273,33.99894483817369]]],[[[131.7014486684317,33.95880794391348],[131.69865422187377,33.95574175662497],[131.69837477721796,33.958531484403856],[131.7014486684317,33.95880794391348]]],[[[131.69977200049695,33.95408299956725],[131.69837477721796,33.95046389325951],[131.6975674926568,33.95353008054801],[131.69977200049695,33.95408299956725]]],[[[131.69905786415436,33.941692586999764],[131.70088977912013,33.93990816652858],[131.6970086033452,33.9360377333939],[131.69477304609885,33.934931895355426],[131.69337582281986,33.93824940947086],[131.68837686842176,33.94214497528823],[131.6914507596355,33.94435665136518],[131.69309637816409,33.942697894307464],[131.69505249075465,33.94352727283633],[131.69617026937783,33.949358055221026],[131.6975674926568,33.94963451473065],[131.6970086033452,33.9460154084229],[131.69905786415436,33.941692586999764]]],[[[131.8484676067859,33.95795343270193],[131.85837236736353,33.98992220508702],[131.86001798589209,33.95161999666337],[131.80502948751294,33.94106426993244],[131.85029952175168,33.955213970288426],[131.8484676067859,33.95795343270193]]],[[[131.802235040955,33.961622804375054],[131.8017072010496,33.95855661708655],[131.79975108845903,33.95717431953845],[131.79919219914746,33.96049183365389],[131.8005894224264,33.96245218290392],[131.802235040955,33.961622804375054]]]]}},{"type":"Feature","properties":{"level":"county","prefecture":"山口県","district":"美祢郡","label":"美祢郡","name":"山口県 美祢郡","municipalityCount":13},"geometry":{"type":"MultiPolygon","coordinates":[[[[131.3419896928612,34.31848176592846],[131.4052683826956,34.25836438892756],[131.37170397459403,34.13873281931039],[131.29373891562733,34.16670549514735],[131.11868236347507,34.088015065636554],[131.0850558565611,34.14149741440659],[131.1284939758341,34.15014305725287],[131.18239574499626,34.280908405302895],[131.27982878165,34.336250572592185],[131.33447573656093,34.32112069761119],[131.3419896928612,34.31848176592846]]]]}},{"type":"Feature","properties":{"level":"county","prefecture":"山口県","district":"豊浦郡","label":"豊浦郡","name":"山口県 豊浦郡","municipalityCount":31},"geometry":{"type":"MultiPolygon","coordinates":[[[[130.87261581934476,34.36653545523687],[130.83843042311923,34.34735921834235],[130.87010081744262,34.37402499467929],[130.87261581934476,34.36653545523687]]],[[[130.9700799054047,34.3640221869676],[130.97451997049123,34.36319280843874],[130.97259490730687,34.36125759187141],[130.96896212678152,34.360704672852165],[130.96591928497398,34.3581914045829],[130.96396317238342,34.35929724262137],[130.9648015063508,34.36153405138103],[130.9700799054047,34.3640221869676]]],[[[131.08418647318751,34.27372045805279],[131.17245993501243,34.2640695078988],[131.1284939758341,34.15014305725287],[131.0850558565611,34.14149741440659],[130.9965029500804,33.99019866459663],[130.90565238754093,33.953806540057634],[130.91065134193903,34.061550350761166],[130.8601029086464,34.11101147030036],[130.93344160608942,34.189048450061144],[130.86677853097927,34.28739263743761],[130.89034503028464,34.34652983981349],[130.98041935766912,34.363494400631055],[131.0856147458727,34.278545933129784],[131.08418647318751,34.27372045805279]]],[[[130.901771211766,34.178492723330216],[130.8970517020237,34.176557506762876],[130.8973311466795,34.17904564234946],[130.901771211766,34.178492723330216]]],[[[130.90593183219673,34.172385481435896],[130.90428621366817,34.17017380535894],[130.89872836995846,34.16989734584932],[130.89761059133528,34.171832562416654],[130.90093287779862,34.176557506762876],[130.90593183219673,34.172385481435896]]],[[[130.77484123922284,34.108774661540714],[130.79983601121336,34.093493990463564],[130.77595901784602,34.104326176704106],[130.77484123922284,34.108774661540714]]],[[[130.86677853097927,33.9707459681925],[130.8659401970119,33.96991658966364],[130.8603823533022,33.96991658966364],[130.8598234639906,33.97602383155797],[130.8612206872696,33.97936647835609],[130.8659401970119,33.98074877590419],[130.86845519891403,33.97768258861568],[130.8662196416677,33.975470912538725],[130.86677853097927,33.9707459681925]]],[[[130.91707856902232,33.93797294996124],[130.91012350203366,33.91186009264354],[130.87261581934476,33.94963451473065],[130.91415992483957,33.94083807578821],[130.91707856902232,33.93797294996124]]],[[[130.93067820893765,33.9329715461054],[130.93039876428188,33.93075987002844],[130.9281632070355,33.9329715461054],[130.9287220963471,33.9360377333939],[130.93123709824926,33.9343538436535],[130.93067820893765,33.9329715461054]]]]}},{"type":"Feature","properties":{"level":"county","prefecture":"山梨県","district":"西山梨郡","label":"西山梨郡","name":"山梨県 西山梨郡","municipalityCount":12},"geometry":{"type":"MultiPolygon","coordinates":[[[[138.62487631218153,35.64744776135213],[138.57569405276166,35.59884115302449],[138.56482676059187,35.63661557511159],[138.59572091976028,35.65290155349645],[138.52359314915904,35.69705967698749],[138.58715128364923,35.8059093257295],[138.62813649983246,35.82124026217203],[138.5932059178581,35.74310275168048],[138.63207977441976,35.650463683275255],[138.62487631218153,35.64744776135213]],[[138.59252283092172,35.63867645509239],[138.59044252070638,35.63943043557317],[138.58559881333926,35.63747008632314],[138.58783437058563,35.63674123852505],[138.588983198615,35.638626189727006],[138.59252283092172,35.63867645509239]]]]}},{"type":"Feature","properties":{"level":"county","prefecture":"山梨県","district":"西八代郡","label":"西八代郡","name":"山梨県 西八代郡","municipalityCount":22},"geometry":{"type":"MultiPolygon","coordinates":[[[[138.59631085847806,35.54998321786991],[138.65024367704643,35.520753907898325],[138.66449535449195,35.420524769319904],[138.60913426323842,35.393180410550265],[138.58187288459533,35.445732850060665],[138.5324732793321,35.40999417527167],[138.52384154440864,35.21491429221106],[138.46074915101144,35.27631343602929],[138.43907666548427,35.35045484997271],[138.45084439043384,35.52995246976384],[138.53470883657843,35.58366101267811],[138.54132236009892,35.55196869980263],[138.5936716589511,35.54958109494683],[138.59631085847806,35.54998321786991]]]]}},{"type":"Feature","properties":{"level":"county","prefecture":"山梨県","district":"中巨摩郡","label":"中巨摩郡","name":"山梨県 中巨摩郡","municipalityCount":41},"geometry":{"type":"MultiPolygon","coordinates":[[[[138.52523876768763,35.70748974030495],[138.57569405276166,35.59884115302449],[138.4790372512629,35.563806193350885],[138.41942239136006,35.58431446242811],[138.34968542503617,35.54802286861988],[138.32624312335562,35.54882711446605],[138.3486297452254,35.5902206428609],[138.31003533331955,35.60263618811108],[138.31090471669313,35.643702991630924],[138.2179738439383,35.64488422771748],[138.1808387541238,35.716210781199315],[138.22719551757953,35.75343228426718],[138.33003115091196,35.67338468989098],[138.51881154060433,35.67486751816985],[138.51229116530246,35.80223995405637],[138.66095572218524,35.87389323241321],[138.52871630118196,35.70781646517996],[138.52523876768763,35.70748974030495]]]]}},{"type":"Feature","properties":{"level":"county","prefecture":"山梨県","district":"東山梨郡","label":"東山梨郡","name":"山梨県 東山梨郡","municipalityCount":29},"geometry":{"type":"MultiPolygon","coordinates":[[[[138.86265266485657,35.85876335743221],[138.86796211331668,35.78306371716185],[138.81629590140085,35.77559931040212],[138.85992031711103,35.68874075901621],[138.80049175364536,35.62022906599596],[138.72827083482554,35.66036596025617],[138.62223711265457,35.65755109979459],[138.5945720917309,35.750743087219064],[138.66095572218524,35.87389323241321],[138.72901602057433,35.90922978427912],[138.86243531901317,35.85871309206682],[138.86265266485657,35.85876335743221]],[[138.80536651041865,35.667403111410124],[138.80701212894724,35.66551816020817],[138.80452817645127,35.662803830477365],[138.80794361113323,35.65870720319846],[138.80769521588363,35.656093404198415],[138.81055176125398,35.65451004518878],[138.8136877512801,35.6578526919869],[138.8141534923731,35.660114633429245],[138.81719633418064,35.66189905390043],[138.81132799640895,35.667403111410124],[138.8140913935607,35.67149973868903],[138.80536651041865,35.667403111410124]]]]}},{"type":"Feature","properties":{"level":"county","prefecture":"山梨県","district":"東八代郡","label":"東八代郡","name":"山梨県 東八代郡","municipalityCount":31},"geometry":{"type":"MultiPolygon","coordinates":[[[[138.84613438075849,35.64488422771748],[138.79633113321464,35.6365653097462],[138.84110437695418,35.67486751816985],[138.8505123470326,35.649131651092546],[138.84613438075849,35.64488422771748]]],[[[138.80536651041865,35.667403111410124],[138.8140913935607,35.67149973868903],[138.81132799640895,35.667403111410124],[138.81719633418064,35.66189905390043],[138.8141534923731,35.660114633429245],[138.8136877512801,35.6578526919869],[138.81055176125398,35.65451004518878],[138.80769521588363,35.656093404198415],[138.80794361113323,35.65870720319846],[138.80452817645127,35.662803830477365],[138.80701212894724,35.66551816020817],[138.80536651041865,35.667403111410124]]],[[[138.72171941011746,35.66114507341965],[138.77453445006265,35.640385477515494],[138.79164267287854,35.56076513874507],[138.65039892407742,35.51620489233095],[138.5378758760108,35.555336479283454],[138.60034728128397,35.63633911560197],[138.7134292186622,35.66277869779467],[138.72171941011746,35.66114507341965]]]]}},{"type":"Feature","properties":{"level":"county","prefecture":"山梨県","district":"南巨摩郡","label":"南巨摩郡","name":"山梨県 南巨摩郡","municipalityCount":23},"geometry":{"type":"MultiPolygon","coordinates":[[[[138.4218131956374,35.564660704562435],[138.4790372512629,35.563806193350885],[138.45084439043384,35.52995246976384],[138.43907666548427,35.35045484997271],[138.46074915101144,35.27631343602929],[138.52800216483936,35.22381126188428],[138.49182960661707,35.16869528873922],[138.39871243742505,35.20048813234546],[138.35782036946043,35.31790802588568],[138.27653302403039,35.30735229915475],[138.23303280594502,35.37083745563647],[138.26880172188672,35.5139680835713],[138.22943107482587,35.64840280329446],[138.31090471669313,35.643702991630924],[138.31003533331955,35.60263618811108],[138.3486297452254,35.5902206428609],[138.32624312335562,35.54882711446605],[138.41932924314145,35.56599273674515],[138.4218131956374,35.564660704562435]]]]}},{"type":"Feature","properties":{"level":"county","prefecture":"山梨県","district":"南都留郡","label":"南都留郡","name":"山梨県 南都留郡","municipalityCount":25},"geometry":{"type":"MultiPolygon","coordinates":[[[[139.00504524168704,35.578986333697266],[139.0912383932966,35.59489532184173],[139.12986385460866,35.56644512503362],[139.0857736978055,35.51208313236934],[138.93732648676615,35.44879903734917],[138.8879268815029,35.38634432085785],[138.68054789749706,35.3576679299055],[138.63894169318985,35.39828234513688],[138.66449535449195,35.420524769319904],[138.65039892407742,35.51620489233095],[138.9401519827303,35.60459653736111],[138.95685656326557,35.56928511817789],[138.99958054619594,35.57958951808189],[139.00504524168704,35.578986333697266]]]]}},{"type":"Feature","properties":{"level":"county","prefecture":"山梨県","district":"北巨摩郡","label":"北巨摩郡","name":"山梨県 北巨摩郡","municipalityCount":42},"geometry":{"type":"MultiPolygon","coordinates":[[[[138.6215850751244,35.87045005488431],[138.5481532294628,35.800455533585186],[138.51229116530246,35.80223995405637],[138.51881154060433,35.67486751816985],[138.33003115091196,35.67338468989098],[138.18518567099173,35.79108104294082],[138.2382180567803,35.882388079163334],[138.28364333805004,35.85931627645145],[138.3704574777836,35.97138290857812],[138.44460345978777,35.950271455116265],[138.45453926977157,35.89988042631744],[138.59100141001795,35.919760378327354],[138.62105723521898,35.87062598366316],[138.6215850751244,35.87045005488431]]]]}},{"type":"Feature","properties":{"level":"county","prefecture":"山梨県","district":"北都留郡","label":"北都留郡","name":"山梨県 北都留郡","municipalityCount":18},"geometry":{"type":"MultiPolygon","coordinates":[[[[139.0646911509961,35.6983917091702],[139.13064008976363,35.672831770871746],[139.1217910089968,35.58818489556279],[138.77257833747208,35.58670206728392],[138.8505123470326,35.649131651092546],[138.8599513665172,35.73028508350721],[138.81629590140085,35.77559931040212],[138.86796211331668,35.78306371716185],[138.86265266485657,35.85876335743221],[138.94574087584618,35.85408867845137],[138.99256338039487,35.755392633517204],[139.06397701465352,35.69952267989137],[139.0646911509961,35.6983917091702]]]]}},{"type":"Feature","properties":{"level":"county","prefecture":"滋賀県","district":"愛知郡","label":"愛知郡","name":"滋賀県 愛知郡","municipalityCount":15},"geometry":{"type":"MultiPolygon","coordinates":[[[[136.2197582585693,35.20641944546094],[136.35473002731814,35.13109679543097],[136.39139937603963,35.151554799142815],[136.38916381879326,35.19679362798964],[136.4299006397269,35.181161099354796],[136.45452281884303,35.16246238343143],[136.44197885873845,35.08578256853606],[136.24323160965605,35.098198113786246],[136.19162749655266,35.190158599758774],[136.11238941193176,35.217075702922635],[136.18669064096696,35.24590288997114],[136.20653121152836,35.21330580051873],[136.2197582585693,35.20641944546094]]]]}},{"type":"Feature","properties":{"level":"county","prefecture":"滋賀県","district":"伊香郡","label":"伊香郡","name":"滋賀県 伊香郡","municipalityCount":13},"geometry":{"type":"MultiPolygon","coordinates":[[[[136.2932832524495,35.618444645524775],[136.3236806211187,35.61650942895744],[136.32187975555917,35.54435349694675],[136.28232281206112,35.535431394590844],[136.25354001251426,35.46757315132061],[136.20851837352512,35.44872363930109],[136.16573229178235,35.51454613527323],[136.1479409820301,35.44233993789715],[136.131267450901,35.484009925801615],[136.0941323610865,35.46146590942628],[136.11360033877355,35.58278136878386],[136.1690235288395,35.565464950408604],[136.17750001673193,35.59499585257251],[136.13449658914575,35.66981584894862],[136.15036283571365,35.6977131267375],[136.26934416026975,35.66873514359284],[136.29079929995356,35.619902341120955],[136.2932832524495,35.618444645524775]]]]}},{"type":"Feature","properties":{"level":"county","prefecture":"滋賀県","district":"蒲生郡","label":"蒲生郡","name":"滋賀県 蒲生郡","municipalityCount":26},"geometry":{"type":"MultiPolygon","coordinates":[[[[136.0690444408774,35.21207429906679],[136.0748817292429,35.211244920537936],[136.07516117389866,35.20820386593212],[136.06656048838144,35.20320246207628],[136.06295875726232,35.20513767864361],[136.06016431070435,35.20375538109551],[136.05600369027366,35.19903043674929],[136.05100473587555,35.198201058220434],[136.05072529121975,35.200136274787766],[136.05460646699467,35.20124211282624],[136.05488591165047,35.21013908249945],[136.0621204232949,35.2093097039706],[136.0690444408774,35.21207429906679]]],[[[136.12366034638214,35.18606197247986],[136.20625176687258,35.09415175187272],[136.38419591380136,35.03081739148716],[136.41776032190293,35.04936531131436],[136.42164149767785,35.02219688132357],[136.35488527434913,35.02340325009283],[136.33628668003567,34.983643346072995],[136.24857210752236,34.95644978339952],[136.16523550128315,35.030088543689075],[136.09372871880592,35.02438342471784],[136.04023059192434,35.14391446360423],[136.0846001933833,35.202649543057035],[136.12338090172636,35.18701701442219],[136.12366034638214,35.18606197247986]]]]}},{"type":"Feature","properties":{"level":"county","prefecture":"滋賀県","district":"栗太郡","label":"栗太郡","name":"滋賀県 栗太郡","municipalityCount":15},"geometry":{"type":"MultiPolygon","coordinates":[[[[135.985521538201,35.05730723904525],[136.03889546745776,35.02616784518902],[136.06125103992133,34.96416551698617],[136.04054108598635,34.922319600302856],[135.8850146103335,34.87564820854254],[135.86312477896294,34.903696282427575],[135.91342481700596,34.91244245600463],[135.9065939476421,35.035718264612235],[135.93158871963263,35.07570436277629],[135.98275814104923,35.05537202247791],[135.985521538201,35.05730723904525]]],[[[135.9121517913518,35.003221705890596],[135.90879845548227,35.003221705890596],[135.90935734479385,35.01015832631378],[135.9113134573844,35.0135009731119],[135.9168713010941,35.01294805409267],[135.9177096350615,35.0090524882753],[135.91435629919195,35.00405108441946],[135.9121517913518,35.003221705890596]]]]}},{"type":"Feature","properties":{"level":"county","prefecture":"滋賀県","district":"犬上郡","label":"犬上郡","name":"滋賀県 犬上郡","municipalityCount":20},"geometry":{"type":"MultiPolygon","coordinates":[[[[136.26875422155197,35.26208833762523],[136.39326234041158,35.285989518865975],[136.37870016890406,35.242384314394165],[136.41797766774633,35.20370511573013],[136.37643356225152,35.185936309066406],[136.38646252045393,35.14451764798886],[136.3407267451222,35.136047933921425],[136.18669064096696,35.244520592423044],[136.2569864966024,35.30044081141426],[136.2725732985145,35.26515452491374],[136.26875422155197,35.26208833762523]]]]}},{"type":"Feature","properties":{"level":"county","prefecture":"滋賀県","district":"甲賀郡","label":"甲賀郡","name":"滋賀県 甲賀郡","municipalityCount":25},"geometry":{"type":"MultiPolygon","coordinates":[[[[136.142165792477,35.025036874467844],[136.24857210752236,34.95644978339952],[136.33628668003567,34.983643346072995],[136.35488527434913,35.02340325009283],[136.42133100361585,35.00136188737134],[136.34799230617287,34.89567895664861],[136.25068346714392,34.85772860578266],[136.1109611392466,34.9018867292737],[136.0855627249755,34.877533159744495],[136.1263926941277,34.862026294523105],[136.090779025217,34.81256517498391],[136.0118824840643,34.79567601221443],[136.02759348360118,34.821814002214815],[135.94618194054635,34.85177215998449],[135.9431390987388,34.878060946081035],[136.04054108598635,34.922319600302856],[136.05522745511865,35.05595007417985],[136.14092381622902,35.026394039333255],[136.142165792477,35.025036874467844]]]]}},{"type":"Feature","properties":{"level":"county","prefecture":"滋賀県","district":"高島郡","label":"高島郡","name":"滋賀県 高島郡","municipalityCount":17},"geometry":{"type":"MultiPolygon","coordinates":[[[[136.06013326129818,35.45304646072424],[136.03600787268124,35.3775981472808],[136.0796012389852,35.32484464630886],[136.01716088311818,35.27978174624088],[135.83462142407188,35.274076627269636],[135.76407717318682,35.34454866953992],[135.81366307488727,35.4133116893871],[135.8905724540432,35.40318321826195],[135.93966156524448,35.52055284643678],[135.98170246123846,35.48662372480166],[136.0265378037904,35.529500081475376],[136.09354242236873,35.53734147847549],[136.10350928175873,35.455107340705034],[136.0637660418235,35.45734414946468],[136.06013326129818,35.45304646072424]]]]}},{"type":"Feature","properties":{"level":"county","prefecture":"滋賀県","district":"坂田郡","label":"坂田郡","name":"滋賀県 坂田郡","municipalityCount":19},"geometry":{"type":"MultiPolygon","coordinates":[[[[136.4134755038474,35.370988251732626],[136.3917409195078,35.28712048958714],[136.267356998273,35.26000232496174],[136.25515458163665,35.40348481045426],[136.3564998434715,35.40066994999268],[136.35718293040787,35.426707409262306],[136.42567792048376,35.44960328319534],[136.41179883591263,35.418589552752564],[136.4443386136096,35.389435640829056],[136.4135065532536,35.37101338441532],[136.4134755038474,35.370988251732626]]]]}},{"type":"Feature","properties":{"level":"county","prefecture":"滋賀県","district":"滋賀郡","label":"滋賀郡","name":"滋賀県 滋賀郡","municipalityCount":14},"geometry":{"type":"MultiPolygon","coordinates":[[[[135.9178648820925,35.176586951104724],[135.92823538376308,35.11734921799807],[135.83474562169667,35.01772326380428],[135.81474980410425,35.04519328598738],[135.85675965069206,35.15361567912361],[135.83008821076677,35.21747782584572],[135.84753797705082,35.2666624858753],[136.01778187124216,35.28098811501013],[135.9163124117825,35.18153808959518],[135.9178648820925,35.176586951104724]]],[[[135.85635600841147,34.968639134505466],[135.89004461413782,35.00432754392908],[135.91342481700596,34.91244245600463],[135.8711976245748,34.91503112232198],[135.85641810722387,34.96846320572662],[135.85635600841147,34.968639134505466]]]]}},{"type":"Feature","properties":{"level":"county","prefecture":"滋賀県","district":"神崎郡","label":"神崎郡","name":"滋賀県 神崎郡","municipalityCount":13},"geometry":{"type":"MultiPolygon","coordinates":[[[[136.19706114263755,35.17540571501817],[136.24323160965605,35.098198113786246],[136.34389378455455,35.07442259595897],[136.37242818885179,35.105964112738285],[136.44120262358348,35.06539996287229],[136.38419591380136,35.03081739148716],[136.31281332894892,35.051853446900935],[136.20625176687258,35.09415175187272],[136.09841717914202,35.19704495481657],[136.11285515302475,35.21607039561493],[136.19675064857555,35.17997986326824],[136.19706114263755,35.17540571501817]]]]}},{"type":"Feature","properties":{"level":"county","prefecture":"滋賀県","district":"東浅井郡","label":"東浅井郡","name":"滋賀県 東浅井郡","municipalityCount":12},"geometry":{"type":"MultiPolygon","coordinates":[[[[136.35746237506368,35.42379201806995],[136.3564998434715,35.40066994999268],[136.27999410659615,35.41625221326215],[136.21823683766553,35.38621865744439],[136.18712533265375,35.449000098810714],[136.2776654011312,35.488357879907454],[136.28561404911824,35.53824625505243],[136.37329757222537,35.55960903534121],[136.42567792048376,35.44960328319534],[136.35718293040787,35.426707409262306],[136.35746237506368,35.42379201806995]]],[[[136.1512632684934,35.44982947733957],[136.15182215780501,35.44538099250296],[136.15045598393223,35.44316931642601],[136.1479409820301,35.44233993789715],[136.1463264129077,35.446637626637596],[136.1466990057821,35.449754079291495],[136.1512632684934,35.44982947733957]]],[[[136.14573647418993,35.42399307953149],[136.14489814022255,35.42039910590644],[136.13989918582445,35.419544594694884],[136.14350091694357,35.42426953904111],[136.14573647418993,35.42399307953149]]]]}},{"type":"Feature","properties":{"level":"county","prefecture":"滋賀県","district":"野洲郡","label":"野洲郡","name":"滋賀県 野洲郡","municipalityCount":13},"geometry":{"type":"MultiPolygon","coordinates":[[[[136.06149943517093,35.05554795125676],[136.04122417292274,35.02533846666016],[135.95012521513365,35.061529529737626],[135.9418660730846,35.119586026757716],[136.04023059192434,35.14391446360423],[136.07795562045663,35.092015473843844],[136.06581530263264,35.0550955629683],[136.06149943517093,35.05554795125676]]],[[[135.94571619945336,35.11264940633454],[135.94742391679432,35.1076480024787],[135.94158662842884,35.109030300026795],[135.9429838517078,35.11403170388264],[135.94571619945336,35.11264940633454]]],[[[135.94158662842884,35.108753840517174],[135.94770336145012,35.10737154296908],[135.94602669351534,35.10319951764209],[135.94018940514985,35.10458181519019],[135.94158662842884,35.108753840517174]]],[[[135.93990996049405,35.104305355680566],[135.94714447213852,35.102923058132475],[135.94770336145012,35.09847457329587],[135.9387921818709,35.10040978986321],[135.93990996049405,35.104305355680566]]],[[[135.9385127372151,35.100133330353586],[135.94770336145012,35.098198113786246],[135.94658558282694,35.09402608845926],[135.9374260079981,35.0959613050266],[135.9385127372151,35.100133330353586]]]]}},{"type":"Feature","properties":{"level":"county","prefecture":"鹿児島県","district":"姶良郡","label":"姶良郡","name":"鹿児島県 姶良郡","municipalityCount":18},"geometry":{"type":"MultiPolygon","coordinates":[[[[130.86137593430058,31.93394309741211],[130.9140978260272,31.88561294859408],[130.87559656233992,31.84341517435307],[130.91117918184443,31.66693347648505],[130.86882779178845,31.665576311619645],[130.88332786448356,31.62217216860938],[130.8130630582543,31.608801581416873],[130.81157268675673,31.683194322187212],[130.71715144250433,31.7279053646975],[130.62797754789966,31.713202745322278],[130.61127296736436,31.672889922283215],[130.56528879678305,31.708377270245283],[130.57413787754987,31.74720726500548],[130.4738172461196,31.730142173457146],[130.52458302525562,31.83135148666058],[130.61931476357,31.889483381728752],[130.62186081487837,31.929871602815894],[130.70575631042917,31.998031438278453],[130.7033655061518,32.05855093820243],[130.7768594506258,32.01647882737488],[130.79952551715138,31.950203943114275],[130.86097229202,31.934018495460187],[130.86137593430058,31.93394309741211]]],[[[130.72295768146364,31.710413017543388],[130.71907650568872,31.705688073197166],[130.71907650568872,31.71096593656263],[130.72242984155824,31.71151885558187],[130.72295768146364,31.710413017543388]]],[[[130.7146364406022,31.699580831302846],[130.71215248810623,31.699580831302846],[130.71243193276203,31.701817640062494],[130.71519532991377,31.700963128850944],[130.7146364406022,31.699580831302846]]]]}},{"type":"Feature","properties":{"level":"county","prefecture":"鹿児島県","district":"伊佐郡","label":"伊佐郡","name":"鹿児島県 伊佐郡","municipalityCount":6},"geometry":{"type":"MultiPolygon","coordinates":[[[[130.7035207531828,32.06948365517375],[130.70575631042917,31.998031438278453],[130.62630087996487,31.934873006671737],[130.5308550053079,32.01157795424981],[130.49881201811013,32.000243114355406],[130.47763632308212,32.03158356967318],[130.51352943664864,32.06470844546214],[130.47651854445894,32.138648797944015],[130.5403561236049,32.13673871405937],[130.6095652500234,32.18707947749281],[130.7205979265925,32.10079897780883],[130.7035207531828,32.070111972241065],[130.7035207531828,32.06948365517375]]]]}},{"type":"Feature","properties":{"level":"county","prefecture":"鹿児島県","district":"肝属郡","label":"肝属郡","name":"鹿児島県 肝属郡","municipalityCount":17},"geometry":{"type":"MultiPolygon","coordinates":[[[[130.91645758089834,31.54300421812743],[130.90971985975307,31.474090402184096],[131.02072148691593,31.39489731901945],[131.0165919158914,31.356821304740038],[131.10877760289745,31.3301555284031],[131.07906332116463,31.273255134786865],[131.1321267563594,31.28046821471967],[131.0651842365935,31.227413121555415],[131.01715080520302,31.227966040574653],[130.96241070207344,31.137965903852155],[130.74773510761077,31.060758302620236],[130.66020683153462,30.994081295436548],[130.67799814128688,31.061864140658713],[130.65300336929636,31.070183058629993],[130.74438177174122,31.131582202448215],[130.80325144589528,31.332945256181986],[130.7557458544102,31.42515706898144],[130.6982423541289,31.462931491068545],[130.6982423541289,31.555419763377614],[130.7668615418296,31.563462221839274],[130.80095378983654,31.631948782176835],[130.82234683070794,31.574771929050982],[130.91024769965844,31.544160321531294],[130.91645758089834,31.54300421812743]]],[[[130.69436117835397,31.52847752753106],[130.69436117835397,31.530965663117634],[130.69631729094453,31.531518582136876],[130.69436117835397,31.52847752753106]]],[[[130.67355807620038,30.997147482725055],[130.6724402975772,30.995187133475028],[130.67023578973703,30.9963181041962],[130.67327863154458,30.998529780273152],[130.67355807620038,30.997147482725055]]]]}},{"type":"Feature","properties":{"level":"county","prefecture":"鹿児島県","district":"熊毛郡","label":"熊毛郡","name":"鹿児島県 熊毛郡","municipalityCount":5},"geometry":{"type":"MultiPolygon","coordinates":[[[[130.8813407024868,30.481651028015442],[130.95328217665082,30.59301394502672],[130.9399309319851,30.669140840902855],[131.05658355107624,30.839666092972706],[131.07825603660345,30.69608307674941],[131.03466267029947,30.5666246281994],[130.96244175147964,30.478886432919246],[130.96772015053355,30.37277624659074],[130.87218112765797,30.344728172705707],[130.8491114188518,30.464410007688258],[130.87826681127305,30.478861300236552],[130.8813407024868,30.481651028015442]]],[[[130.8607859955828,30.753561522067574],[130.83631906349765,30.728026716451808],[130.86134488489438,30.75577319814453],[130.8607859955828,30.753561522067574]]],[[[130.2477775689879,30.459408603832415],[130.26333332149383,30.43359733870703],[130.20971099698744,30.421910641254932],[130.1438862558447,30.488034729419383],[130.24526256708577,30.45857922530356],[130.2477775689879,30.459408603832415]]],[[[130.40768201091487,30.303636236503166],[130.37834032205643,30.392203810312182],[130.49859467226673,30.469134952034484],[130.67107412370441,30.376118893388863],[130.65387275266994,30.29999199751273],[130.55442150461326,30.230826854742467],[130.44276783992018,30.236381177617552],[130.40693682516607,30.302505265781996],[130.40768201091487,30.303636236503166]]],[[[130.95772224173734,30.367221923715654],[130.95856057570472,30.369157140282994],[130.96048563888908,30.368327761754134],[130.95772224173734,30.367221923715654]]]]}},{"type":"Feature","properties":{"level":"county","prefecture":"鹿児島県","district":"薩摩郡","label":"薩摩郡","name":"鹿児島県 薩摩郡","municipalityCount":22},"geometry":{"type":"MultiPolygon","coordinates":[[[[130.54007667894913,32.00589796796126],[130.5725543578337,31.954451366489337],[130.6193458129762,31.948972441662335],[130.61931476357,31.889483381728752],[130.52458302525562,31.83135148666058],[130.4738172461196,31.730142173457146],[130.41327090403075,31.716997780408875],[130.35573635434326,31.757210072717164],[130.17356948817132,31.780382406159816],[130.21992625162704,31.928564703315878],[130.26311597565044,31.928288243806257],[130.26799073242373,31.967419830758764],[130.2960283462218,31.952340221143153],[130.46552705466436,32.03135737552895],[130.53340105661624,32.00906468598054],[130.54007667894913,32.00589796796126]]],[[[129.89192032453653,31.81177312684298],[129.84497362236303,31.829567066189398],[129.86552832926702,31.859801683468696],[129.8208171843399,31.843716766545377],[129.8352551582226,31.88201897496903],[129.91051891884996,31.8426109285069],[129.90440218582867,31.868422193632284],[129.93163251506556,31.86648697706495],[129.93051473644238,31.825395040862414],[129.89663983427883,31.813155424391077],[129.89192032453653,31.81177312684298]]],[[[129.84497362236303,31.829265473997086],[129.84301750977247,31.825118581352793],[129.84385584373985,31.823736283804696],[129.83997466796492,31.82067009651619],[129.83885688934174,31.823736283804696],[129.8352551582226,31.825395040862414],[129.83913633399754,31.82705379792013],[129.8410924465881,31.82677733841051],[129.84497362236303,31.829265473997086]]],[[[129.83885688934174,31.81901133945847],[129.82274224752425,31.774551623775118],[129.83218126700888,31.8164980711892],[129.83885688934174,31.81901133945847]]],[[[129.93079418109818,31.86678856925726],[129.93107362575398,31.867617947786123],[129.93719035877527,31.870659002391935],[129.9397053606774,31.8687237858246],[129.93079418109818,31.86678856925726]]],[[[129.95802451033506,31.864828220007233],[129.95858339964664,31.8673414882765],[129.96330290938897,31.86593405804571],[129.96302346473317,31.865104679516854],[129.95802451033506,31.864828220007233]]],[[[129.98385761629297,31.863445922459135],[129.9821809483582,31.86427530098799],[129.98441650560454,31.86565759853609],[129.98385761629297,31.863445922459135]]],[[[129.97609526474312,31.86037973517063],[129.97581582008732,31.862063624911038],[129.97829977258328,31.862893003439893],[129.97609526474312,31.86037973517063]]],[[[129.95162833265798,31.85233727670897],[129.95162833265798,31.850100467949318],[129.94886493550624,31.849547548930083],[129.94746771222725,31.85095497916087],[129.95026215878522,31.85316665523783],[129.95162833265798,31.85233727670897]]],[[[129.6686129951504,31.662887114571525],[129.69668165835466,31.71594220773578],[129.77610603941275,31.741502146034236],[129.80162865130865,31.785107350506046],[129.71332414007753,31.621493586176676],[129.66473181937548,31.634009662157634],[129.66665688255983,31.662610655061908],[129.6686129951504,31.662887114571525]]]]}},{"type":"Feature","properties":{"level":"county","prefecture":"鹿児島県","district":"鹿児島郡","label":"鹿児島郡","name":"鹿児島県 鹿児島郡","municipalityCount":8},"geometry":{"type":"MultiPolygon","coordinates":[[[[130.61127296736436,31.672889922283215],[130.60214444194173,31.63124506706144],[130.51893203332733,31.594727279108973],[130.56544404381404,31.5637135486662],[130.51439882002222,31.494020619559393],[130.52104339294888,31.43405403865465],[130.49064602427967,31.419502215375587],[130.43280098053017,31.496508755145967],[130.47105384896784,31.5740179485702],[130.46133538482744,31.660977030686883],[130.50856153165674,31.665425515523488],[130.50151331644946,31.744191343082356],[130.5318175369001,31.75230919959209],[130.58497412031346,31.740094715803448],[130.5625874984437,31.716369463341557],[130.60493888849967,31.673719300812074],[130.61127296736436,31.672889922283215]]],[[[130.61186290608217,31.56791070667588],[130.59102875452234,31.588745700628113],[130.6304615003956,31.62151871885937],[130.71715144250433,31.602091155137927],[130.7193559503445,31.561527005271937],[130.67992320447127,31.54375819860821],[130.6143468585781,31.563185762329653],[130.61186290608217,31.56791070667588]]],[[[130.72131206293506,31.61596439598429],[130.72187095224666,31.620136421311273],[130.72519323870998,31.620136421311273],[130.72323712611941,31.61541147696505],[130.72131206293506,31.61596439598429]]],[[[130.6160235265129,31.54375819860821],[130.6143468585781,31.541521389848562],[130.61381901867273,31.543481739098592],[130.61546463720128,31.545969874685166],[130.6160235265129,31.54375819860821]]]]}},{"type":"Feature","properties":{"level":"county","prefecture":"鹿児島県","district":"出水郡","label":"出水郡","name":"鹿児島県 出水郡","municipalityCount":9},"geometry":{"type":"MultiPolygon","coordinates":[[[[130.24103984784264,32.2533794944361],[130.20940050292546,32.25451046515728],[130.21384056801196,32.28200562002307],[130.25740288490974,32.3069875066196],[130.2427165157774,32.25368108662842],[130.24103984784264,32.2533794944361]]],[[[130.23520255947716,32.30394645201378],[130.2329670022308,32.30173477593683],[130.2329670022308,32.30366999250417],[130.23520255947716,32.30394645201378]]],[[[130.17105448626918,32.2533794944361],[130.18965308058262,32.2678307869844],[130.16105657747298,32.22812114832996],[130.16881892902282,32.25061489933991],[130.17105448626918,32.2533794944361]]],[[[130.1813318397212,32.26451327286897],[130.1813318397212,32.26172354509008],[130.17909628247483,32.26534265139782],[130.1813318397212,32.26451327286897]]],[[[130.2224412535292,32.2533794944361],[130.2221618088734,32.25451046515728],[130.22967576517365,32.250338439830294],[130.23023465448526,32.24699579303217],[130.2271607632715,32.245889954993686],[130.2268813186157,32.248956142282196],[130.2232795874966,32.25061489933991],[130.2224412535292,32.2533794944361]]],[[[130.19549036894813,32.226160799079935],[130.20967994758124,32.209522963137374],[130.19188863782898,32.22198877375295],[130.19549036894813,32.226160799079935]]],[[[130.18356739696753,32.241441470157085],[130.1807729504096,32.2403356321186],[130.18272906300015,32.243100227214796],[130.18716912808668,32.244231197935974],[130.1860513494635,32.24199438917632],[130.18356739696753,32.241441470157085]]],[[[130.14764323399484,32.20507447830077],[130.1760534406673,32.2286740673492],[130.20967994758124,32.1548091129154],[130.15826213091503,32.08953953596251],[130.09079177124372,32.180369051213866],[130.1227105608167,32.200047941762236],[130.10550918978225,32.213393396272046],[130.14326526772072,32.205878724146935],[130.14764323399484,32.20507447830077]]],[[[130.18189072903277,32.22671371809917],[130.180214061098,32.22505496104145],[130.1796551717864,32.22784468882034],[130.18189072903277,32.22671371809917]]],[[[130.21883952241006,32.22563301274339],[130.21548618654055,32.22369779617605],[130.21772174378688,32.22731690248379],[130.21883952241006,32.22563301274339]]],[[[130.47580440811635,32.122387952241844],[130.51352943664864,32.06470844546214],[130.45677112211612,32.0092154820767],[130.2960283462218,31.952340221143153],[130.26799073242373,31.967419830758764],[130.26311597565044,31.928288243806257],[130.21992625162704,31.928564703315878],[130.17409732807673,31.993407024662996],[130.2068855010233,32.06091341037554],[130.1760534406673,32.106202504587756],[130.21076667679822,32.125077149289964],[130.30934854148134,32.108137721155096],[130.36073530874137,32.16833049620407],[130.40268305651676,32.12020140884758],[130.47493502474276,32.12211149273222],[130.47580440811635,32.122387952241844]]],[[[130.26299177802562,32.147872492492226],[130.26187399940244,32.14980770905956],[130.2655067799278,32.1503606280788],[130.26827017707953,32.14870187102108],[130.26299177802562,32.147872492492226]]],[[[130.26187399940244,32.14729444079029],[130.26243288871405,32.1459121432422],[130.2593900469065,32.144529845694095],[130.26187399940244,32.14729444079029]]],[[[130.16273324540774,32.036760902307876],[130.16301269006354,32.03314179600013],[130.16077713281717,32.032035957961654],[130.16161546678455,32.03731382132712],[130.16273324540774,32.036760902307876]]],[[[130.1702161523018,32.02592871606733],[130.17217226489237,32.02452128583654],[130.1696572629902,32.021480231230726],[130.1646583085921,32.020927312211484],[130.1654966425595,32.0253506643654],[130.16245380075196,32.02814039214428],[130.1654966425595,32.02896977067314],[130.16717331049426,32.02562712387502],[130.1702161523018,32.02592871606733]]],[[[130.1957698136039,31.98174545989359],[130.1974464815387,31.980363162345494],[130.1957698136039,31.9789808647974],[130.1957698136039,31.98174545989359]]]]}},{"type":"Feature","properties":{"level":"county","prefecture":"鹿児島県","district":"川辺郡","label":"川辺郡","name":"鹿児島県 川辺郡","municipalityCount":8},"geometry":{"type":"MultiPolygon","coordinates":[[[[130.49328522380662,31.419653011471745],[130.494434051836,31.339203294172467],[130.42531807363613,31.306581072037364],[130.40938972825583,31.25043465890191],[130.28801759942235,31.269610895796426],[130.27746080131456,31.246564225767237],[130.21443050672977,31.249328820863433],[130.22970681457986,31.280996001056213],[130.19887475422385,31.295447293604504],[130.22470786018175,31.309898586152798],[130.17332109292175,31.32460120552802],[130.20967994758124,31.34712008922066],[130.10634752374963,31.412640993000487],[130.159969848256,31.439859688356663],[130.22442841552598,31.399044211663742],[130.31093206119752,31.447374360481774],[130.38097952158338,31.41201267593317],[130.4428609881388,31.475774291924502],[130.4835046608538,31.46112193791467],[130.49064602427967,31.419502215375587],[130.49328522380662,31.419653011471745]]],[[[130.20135870671982,31.415455853462063],[130.2007998174082,31.4129425851928],[130.19915419887965,31.413495504212037],[130.20135870671982,31.415455853462063]]],[[[129.47585828146447,31.205170697372388],[129.47697606008765,31.200998672045404],[129.4755788368087,31.19823407694921],[129.4755477874025,31.19489143015108],[129.47337432896853,31.197932484756898],[129.47281543965693,31.201551591064643],[129.4689032144758,31.203486807631982],[129.47309488431273,31.207105913939728],[129.47197710568955,31.21155439877633],[129.4747405028413,31.208488211487825],[129.47585828146447,31.205170697372388]]],[[[129.4533474619699,31.1965501872088],[129.4336310890333,31.175715193256565],[129.45198128809713,31.19933991498769],[129.4533474619699,31.1965501872088]]],[[[129.46700920069765,30.862411170809583],[129.46728864535345,30.85909365669415],[129.46089246767636,30.859923035223005],[129.46309697551652,30.862134711299966],[129.46700920069765,30.862411170809583]]],[[[129.43394158309528,30.845748202184335],[129.4272659607624,30.84157617685735],[129.4286631840414,30.846024661693953],[129.43533880637426,30.84740695924205],[129.43394158309528,30.845748202184335]]],[[[129.42394367429907,30.82853231453985],[129.42534089757805,30.831573369145662],[129.42645867620124,30.829914612087947],[129.42394367429907,30.82853231453985]]],[[[130.16857053377322,31.36154624908626],[130.16608658127728,31.359887492028545],[130.16608658127728,31.353227331114983],[130.16248485015814,31.350161143826476],[130.16304373946974,31.352674412095745],[130.16080818222338,31.352397952586124],[130.15913151428862,31.35571546670156],[130.16220540550236,31.359334573009306],[130.16748380455624,31.362400760297813],[130.16857053377322,31.36154624908626]]]]}},{"type":"Feature","properties":{"level":"county","prefecture":"鹿児島県","district":"大島郡","label":"大島郡","name":"鹿児島県 大島郡","municipalityCount":21},"geometry":{"type":"MultiPolygon","coordinates":[[[[129.93889807611623,30.85019668702094],[129.9602911169876,30.825189667741718],[129.91138830222354,30.819082425847398],[129.9394569654278,30.851026065549796],[129.93889807611623,30.85019668702094]]],[[[130.43025492922183,30.815513584905037],[130.44413401379296,30.801062292356747],[130.39582113774668,30.808275372289543],[130.4274604826639,30.816342963433897],[130.43025492922183,30.815513584905037]]],[[[130.30385279658404,30.806616615231828],[130.31385070538025,30.781056676933368],[130.26134615949707,30.782991893500707],[130.30329390727246,30.808551831799164],[130.30385279658404,30.806616615231828]]],[[[129.92337337301652,29.987215761402293],[129.94364863526474,29.95195460758446],[129.90446428464108,29.964445550882722],[129.92057892645857,29.993901054998545],[129.92337337301652,29.987215761402293]]],[[[129.5373050563331,29.914180185497358],[129.55230191952742,29.893621651054744],[129.53090887865602,29.914431512324285],[129.5373050563331,29.914180185497358]]],[[[129.6211695024777,29.877788060958352],[129.61837505591976,29.877210009256423],[129.6164499927354,29.881934953602645],[129.61921338988714,29.885277600400773],[129.62200783644508,29.884448221871914],[129.6211695024777,29.877788060958352]]],[[[129.85394690075464,29.883065924323816],[129.91672880008986,29.81948023711133],[129.85978418912015,29.822521291717145],[129.85006572497971,29.882789464814195],[129.85394690075464,29.883065924323816]]],[[[129.5373050563331,29.677254385753436],[129.53618727770993,29.67614854771496],[129.5331444359024,29.678360223791916],[129.532306101935,29.680295440359252],[129.52814548150428,29.68197933009966],[129.52507159029054,29.685296844215095],[129.52646881356952,29.69085116709018],[129.52954270478324,29.694746732907547],[129.5331444359024,29.696681949474883],[129.5370256116773,29.696129030455644],[129.53898172426787,29.694193813888305],[129.5378639456447,29.69029824807094],[129.5384228349563,29.686980733955508],[129.53982005823525,29.686427814936266],[129.5384228349563,29.681426411080423],[129.5367461670215,29.679466061830396],[129.5373050563331,29.677254385753436]]],[[[129.742821075967,29.668633875589848],[129.69751999232204,29.603138104492714],[129.6845102911245,29.65362966402232],[129.73893990019204,29.672252981897593],[129.742821075967,29.668633875589848]]],[[[129.59648522454918,29.476167791529285],[129.61756777135858,29.44701387960577],[129.59397022264702,29.47699717005814],[129.59648522454918,29.476167791529285]]],[[[129.34706534454935,29.22589653727555],[129.3439914533356,29.224790699237072],[129.34262527946282,29.226172996785166],[129.34287367471242,29.228937591881362],[129.34482978730298,29.230621481621775],[129.3484315184221,29.230043429919842],[129.3484315184221,29.22672591580441],[129.34706534454935,29.22589653727555]]],[[[129.3284357008297,29.227831753842885],[129.33067125807605,29.227555294333264],[129.33123014738766,29.22393618802552],[129.3281562561739,29.218934784169676],[129.32595174833375,29.21810540564082],[129.32095279393565,29.220342214400468],[129.31899668134508,29.22255389047742],[129.31899668134508,29.224790699237072],[129.32511341436637,29.228384672862127],[129.3284357008297,29.227831753842885]]],[[[129.21566425751345,29.158390151563005],[129.21982487794418,29.126748104052915],[129.1868193591542,29.15338874770716],[129.21038585845955,29.158666611072626],[129.21566425751345,29.158390151563005]]],[[[129.0031621214847,28.83541004627934],[129.00232378751733,28.83458066775048],[129.0037210107963,28.82847342585616],[129.00095761364457,28.827644047327297],[128.99732483311922,28.829579263894637],[128.9984426117424,28.830685101933113],[128.99788372243083,28.835133586769718],[129.00067816898877,28.83654101700051],[129.0031621214847,28.83541004627934]]],[[[128.99928094570978,28.805703215336585],[128.9723300611287,28.80208410902884],[128.9937231020001,28.806532593865448],[128.99928094570978,28.805703215336585]]],[[[130.34080158996133,30.804656265981798],[130.34247825789612,30.803826887452942],[130.3383176374654,30.802721049414462],[130.34080158996133,30.804656265981798]]],[[[128.88548487198898,27.854330644687778],[128.8838082040542,27.8518425091012],[128.8843670933658,27.855712942235876],[128.88548487198898,27.854330644687778]]],[[[129.42974991325838,28.19369725908707],[129.39932149518293,28.15489239700957],[129.33762632506472,28.16962014906748],[129.3695761640439,28.111287192537766],[129.29570962669553,28.148207103413316],[129.28319671599718,28.197115303933277],[129.26382188652875,28.182714276750367],[129.29375351410496,28.223228161250972],[129.2554074974487,28.23295450945304],[129.24568903330828,28.204051924356456],[129.1349668508012,28.255171800953374],[129.27403714116835,28.261253910165003],[129.29375351410496,28.284024120684574],[129.24876292452203,28.274021312972884],[129.21069635252155,28.306794331204145],[129.33930299299948,28.368469934531987],[129.40012877974414,28.355702531724106],[129.39457093603443,28.386540333388027],[129.44986992847558,28.38236830806104],[129.46263123442353,28.413759028744202],[129.49958002780082,28.3818153890418],[129.54401172807218,28.462365637071848],[129.62203888585128,28.47792276765862],[129.58844342834354,28.414588407273058],[129.62039326732273,28.450704072302443],[129.6206727119785,28.419036892109666],[129.6520636616461,28.422354406225097],[129.64762359655958,28.46847287896617],[129.66678108018462,28.438740915340727],[129.6740155918291,28.46208917756223],[129.64566748396902,28.50124589719743],[129.68981973958458,28.53070140131325],[129.7104054958948,28.421801487205858],[129.61204097705507,28.39958419570553],[129.53736715514552,28.306543004377218],[129.4584706139928,28.295434358627052],[129.44570930804485,28.24848650735712],[129.406804402077,28.24934101856867],[129.47706920830626,28.211566596481568],[129.43040195078856,28.19573300638518],[129.42974991325838,28.19369725908707]]],[[[129.98348502341858,28.350550331772105],[130.0348096918662,28.36794214819544],[129.97345606521617,28.283345538251872],[129.9189954067424,28.2904580874539],[129.9142758970001,28.315992893069666],[129.97873446427008,28.347936532772064],[129.98348502341858,28.350550331772105]]],[[[129.1868193591542,28.306517871694524],[129.22125315062934,28.283747661174953],[129.1826587387235,28.304859114636805],[129.1868193591542,28.306517871694524]]],[[[129.27987442953383,28.175174471942565],[129.280681714095,28.173490582202156],[129.27735942763167,28.173767041711773],[129.27987442953383,28.175174471942565]]],[[[129.21544691167006,28.076000906037237],[129.21988697675658,28.13905880691318],[129.17573472114103,28.183769849423463],[129.20933017864877,28.20128732926026],[129.24236674684494,28.18766541524083],[129.2029340009717,28.181281713836885],[129.22128420003554,28.158209911125002],[129.270404360643,28.16765979981745],[129.24544063805868,28.12211937877831],[129.27459603047993,28.142124994201687],[129.26155527987618,28.115987004201298],[129.3537409668822,28.108497464758877],[129.3181272979715,28.061901471046642],[129.3226605112766,28.096006521460613],[129.28378665471496,28.062102532508185],[129.25211626039155,28.11098560034545],[129.21740302426062,28.07489506799876],[129.21544691167006,28.076000906037237]]],[[[129.16933854346394,28.198774060990992],[129.17073576674292,28.198497601481375],[129.17266082992728,28.19518008736594],[129.17045632208712,28.19404911664477],[129.16989743277554,28.191284521548575],[129.16433958906583,28.193496197625528],[129.16573681234482,28.196009465894797],[129.16877965415236,28.196838844423656],[129.16933854346394,28.198774060990992]]],[[[129.1501500104327,28.132122186489998],[129.1507088997443,28.128226620672635],[129.14766605793676,28.127120782634154],[129.14654827931358,28.12877953969187],[129.14738661328096,28.131820594297686],[129.1501500104327,28.132122186489998]]],[[[129.16406014441003,28.123225216816788],[129.1660162570006,28.121290000249452],[129.17017687743132,28.12015902952828],[129.17238138527148,28.117117974922465],[129.17573472114103,28.1146047066532],[129.1765420057022,28.109879762306974],[129.17349916389466,28.109050383778115],[129.1718224959599,28.11377532812434],[129.16710298621757,28.11656505590323],[129.16378069975426,28.11515762567244],[129.1618245871637,28.11628859639361],[129.15989952397933,28.12071194854752],[129.1604584132909,28.12239583828793],[129.16406014441003,28.123225216816788]]],[[[129.17266082992728,28.06851136659482],[129.14850439190414,28.014878221728633],[129.17073576674292,28.069064285614058],[129.17266082992728,28.06851136659482]]],[[[129.21656469029324,28.054889452575384],[129.26851034686484,28.03433091813277],[129.26487756633952,28.00960035836317],[129.21460857770268,28.01987962558448],[129.21293190976792,28.054612993065767],[129.21656469029324,28.054889452575384]]],[[[129.19017269502373,28.047676372642584],[129.19017269502373,28.045992482902175],[129.1873782484658,28.0435043473156],[129.18461485131405,28.04405726633484],[129.18849602708897,28.047676372642584],[129.19017269502373,28.047676372642584]]],[[[129.27406819057455,28.023775191401842],[129.27850825566105,28.022392893853745],[129.27850825566105,28.01794440901714],[129.27406819057455,28.01960316607486],[129.27155318867239,28.01905024705562],[129.2709942993608,28.022945812872983],[129.27406819057455,28.02571040796918],[129.27406819057455,28.023775191401842]]],[[[129.25683577013388,28.000452061863033],[129.25239570504735,28.000728521372654],[129.25627688082227,28.00294019744961],[129.25683577013388,28.000452061863033]]],[[[128.9981631670866,27.695793682262334],[128.9363127499374,27.661035182098352],[128.88101375749625,27.721856274214645],[128.90684686345415,27.76350112943642],[128.8788092496561,27.827111949331602],[128.9004817351833,27.89321090481336],[128.9721437646915,27.89155214775564],[128.96882147822816,27.817109141619913],[129.0365712825553,27.771040934244226],[129.00157860176856,27.698533144675835],[128.9981631670866,27.695793682262334]]],[[[128.57766105892804,27.40103757964255],[128.71384375451865,27.433835730556503],[128.5549639429963,27.329937220304952],[128.5224862641117,27.38882309585391],[128.5744008712771,27.400786252815625],[128.57766105892804,27.40103757964255]]],[[[128.4388081144043,27.021760265127277],[128.39524579750653,27.04802391854113],[128.44051583174527,27.065491133012543],[128.44303083364744,27.020528763675337],[128.4388081144043,27.021760265127277]]]]}},{"type":"Feature","properties":{"level":"county","prefecture":"鹿児島県","district":"日置郡","label":"日置郡","name":"鹿児島県 日置郡","municipalityCount":13},"geometry":{"type":"MultiPolygon","coordinates":[[[[130.4738172461196,31.730142173457146],[130.51352943664864,31.725417229110924],[130.52132283760469,31.689854483100774],[130.46133538482744,31.660977030686883],[130.44590382994633,31.475774291924502],[130.38097952158338,31.41201267593317],[130.31093206119752,31.447374360481774],[130.27243079751025,31.425458661173753],[130.32465589873766,31.51958055785785],[130.32884756857456,31.630139229022962],[130.18049350575382,31.77900010861172],[130.35573635434326,31.757210072717164],[130.41327090403075,31.716997780408875],[130.4694392798455,31.729262529562902],[130.4738172461196,31.730142173457146]]],[[[130.180214061098,31.73954179678421],[130.17800955325785,31.73788303972649],[130.17717121929047,31.739290469957282],[130.180214061098,31.74122568652462],[130.180214061098,31.73954179678421]]]]}},{"type":"Feature","properties":{"level":"county","prefecture":"鹿児島県","district":"揖宿郡","label":"揖宿郡","name":"鹿児島県 揖宿郡","municipalityCount":5},"geometry":{"type":"MultiPolygon","coordinates":[[[[130.61024833695978,31.288485540498634],[130.66911801111385,31.267374087036778],[130.63965212463063,31.18936223995869],[130.58606084953044,31.155483383688956],[130.51855944045295,31.165737518227573],[130.4888451587201,31.23460106880552],[130.4044839220763,31.264609491940583],[130.494434051836,31.339203294172467],[130.51300159674324,31.43543633620275],[130.60633611177866,31.29155172778714],[130.61024833695978,31.288485540498634]],[[130.53815161576478,31.23899928827674],[130.58494307090726,31.234048149786283],[130.53771692407798,31.242115740930632],[130.53815161576478,31.23899928827674]]],[[[130.68159987240603,31.27767848694078],[130.68104098309442,31.27544167818113],[130.6777186966311,31.272677083084936],[130.67467585482356,31.27237549089262],[130.6721608529214,31.27488875916189],[130.672719742233,31.278231405960017],[130.6771598073195,31.280443082036975],[130.67995425387744,31.279613703508115],[130.68159987240603,31.27767848694078]]]]}},{"type":"Feature","properties":{"level":"county","prefecture":"鹿児島県","district":"囎唹郡","label":"囎唹郡","name":"鹿児島県 囎唹郡","municipalityCount":11},"geometry":{"type":"MultiPolygon","coordinates":[[[[131.0749337501401,31.455617880404972],[131.02072148691593,31.39489731901945],[130.98392794056963,31.396807402904095],[130.90111917423582,31.48464612891502],[130.9240957348234,31.511412435982727],[130.90521769585413,31.558712144810357],[130.82076331099177,31.57615422659908],[130.82343355992492,31.604755219503353],[130.88332786448356,31.62217216860938],[130.86882779178845,31.665576311619645],[130.91055819372045,31.663213839446534],[130.8871469414461,31.806872253717906],[130.98982732774752,31.778070199352094],[130.97852534389094,31.75155521911131],[131.0168092617348,31.747332928418942],[131.0542548456113,31.63348187582109],[131.07872177769642,31.660147652158024],[131.1894129107973,31.622247566657457],[131.19885193028193,31.514026234982765],[131.16019541956368,31.461725122299296],[131.08654622805867,31.461825653030065],[131.0749337501401,31.455617880404972]]],[[[131.11517378057454,31.428499715779566],[131.11377655729555,31.429882013327664],[131.1173782884147,31.433224660125795],[131.11877551169366,31.429605553818046],[131.11793717772628,31.427117418231468],[131.11933440100526,31.42515706898144],[131.11629155919772,31.426288039702612],[131.11517378057454,31.428499715779566]]]]}},{"type":"Feature","properties":{"level":"county","prefecture":"秋田県","district":"河辺郡","label":"河辺郡","name":"秋田県 河辺郡","municipalityCount":15},"geometry":{"type":"MultiPolygon","coordinates":[[[[140.50501100577415,39.69335728658558],[140.48867901811326,39.664052578565915],[140.44331583565594,39.68659659494125],[140.3625252807251,39.662494352238966],[140.31682055479956,39.61853729020946],[140.29623479848937,39.646560231411804],[140.22829869772505,39.54349109968911],[140.1682491461354,39.53265891344857],[140.12713973232738,39.59971291087264],[140.1471355499198,39.62944487449809],[140.0632090049628,39.64927456114262],[140.04603868333453,39.74942830167295],[140.1360509119066,39.69443799194136],[140.18492267726447,39.73268993499963],[140.262390945732,39.702606113816486],[140.31182160040146,39.76305021569239],[140.30182369160525,39.794139344183236],[140.40077814916276,39.83485429014539],[140.45859214350605,39.82397183853945],[140.50628403142832,39.76898152880786],[140.50457631408736,39.6946641860856],[140.50501100577415,39.69335728658558]]]]}},{"type":"Feature","properties":{"level":"county","prefecture":"秋田県","district":"山本郡","label":"山本郡","name":"秋田県 山本郡","municipalityCount":26},"geometry":{"type":"MultiPolygon","coordinates":[[[[140.2364336421493,40.43678204063514],[140.3352018032696,40.43939583963517],[140.35314836005287,40.35489976042237],[140.32309253485184,40.27231376509422],[140.252734580404,40.22302857433387],[140.24388549963714,40.01711650503272],[140.0891352591393,39.97476793469555],[140.0589862857197,40.06155108803338],[139.99949562344162,40.09336906432232],[139.96201899015895,40.05752985880255],[139.94525231081127,40.0731623874374],[140.01405779494914,40.217976905112636],[140.02545292702433,40.34992348924922],[139.93599958776383,40.42793533632731],[140.01942934222166,40.41984261250026],[140.06814586054853,40.46887647643369],[140.10760965582796,40.435902396740886],[140.2356263575881,40.436555846490904],[140.2364336421493,40.43678204063514]]]]}},{"type":"Feature","properties":{"level":"county","prefecture":"秋田県","district":"鹿角郡","label":"鹿角郡","name":"秋田県 鹿角郡","municipalityCount":10},"geometry":{"type":"MultiPolygon","coordinates":[[[[140.94594362321192,40.258515922295935],[140.85916053288457,40.171179849938866],[140.88359641556352,40.157331741775195],[140.84447416375227,40.074594950350885],[140.8479206478404,39.95933646752224],[140.75669749242655,39.96403627918578],[140.6971136819299,40.04838156230242],[140.744153532322,40.15137529597703],[140.69903874511425,40.17809133767935],[140.72924981734627,40.19010476000645],[140.7224499973886,40.33054619089316],[140.67587588808948,40.41288085939439],[140.80376839222484,40.448770330279544],[140.82000723166715,40.49534119130908],[140.8789700540398,40.510822923847776],[140.82814217609138,40.4801861836454],[140.86009201507056,40.4162989042406],[140.98515902324178,40.42708082511576],[140.9952500802566,40.35525161798007],[140.9620582650294,40.34713376147033],[140.94631621608633,40.25894317790171],[140.94594362321192,40.258515922295935]]]]}},{"type":"Feature","properties":{"level":"county","prefecture":"秋田県","district":"仙北郡","label":"仙北郡","name":"秋田県 仙北郡","municipalityCount":40},"geometry":{"type":"MultiPolygon","coordinates":[[[[140.78218905491627,39.603985466930396],[140.72952926200207,39.56492927802597],[140.72437506057298,39.48053372954394],[140.65615951515286,39.38915129527335],[140.57962272887133,39.37982706999436],[140.5612104309951,39.34667706152271],[140.48352481668417,39.40940823752365],[140.33200371443107,39.3755796466193],[140.2888139904077,39.39397677035034],[140.30641900372277,39.41664645013914],[140.27083638421823,39.43200251926437],[140.27536959752337,39.49186856943834],[140.22730511672668,39.54793958452572],[140.29623479848937,39.646560231411804],[140.31682055479956,39.61853729020946],[140.42900205939802,39.682876957902735],[140.49169081051463,39.66530921270055],[140.51559885328817,39.74779467729793],[140.48035777725184,39.79652694903904],[140.5400968347795,39.88343576579034],[140.61874498068258,39.88577310528076],[140.63439388140708,39.93224343557953],[140.73213741212282,39.99982521934015],[140.75669749242655,39.96403627918578],[140.85394423264307,39.957049393397206],[140.87962209156998,39.88333523505957],[140.78218905491627,39.86770270642472],[140.78675331762759,39.82336865415483],[140.8482621913086,39.79325970028899],[140.77479929624081,39.73454975351889],[140.8225532829755,39.688179953950886],[140.79445357036502,39.60272883279576],[140.78218905491627,39.603985466930396]]]]}},{"type":"Feature","properties":{"level":"county","prefecture":"秋田県","district":"南秋田郡","label":"南秋田郡","name":"秋田県 南秋田郡","municipalityCount":36},"geometry":{"type":"MultiPolygon","coordinates":[[[[140.1210229993061,39.97833677563791],[140.15822018793298,40.010682538263396],[140.23537796233853,40.00766661634027],[140.29275726499503,39.926865041483296],[140.31265993436884,39.76860453856747],[140.28015120607807,39.710271582037755],[140.18492267726447,39.73268993499963],[140.13918690193276,39.6939856036529],[140.08093821590268,39.71067370496084],[140.0062643939931,39.84608859930901],[139.92435606043907,39.89942015198288],[139.75575778477628,39.85636786653032],[139.69269644078528,39.99522593840739],[139.82490481238236,39.96217646066651],[139.98806944196025,40.09419844285118],[140.0589862857197,40.06155108803338],[140.06861160164152,39.98683162238804],[140.1170486753126,39.97934208294562],[140.1210229993061,39.97833677563791]],[[140.10869638504494,39.72185774875908],[140.1270155347026,39.70516964745114],[140.13375325584786,39.731031177941915],[140.10792014988996,39.72499933409567],[140.10869638504494,39.72185774875908]]],[[[139.698254284495,40.01327120458074],[139.6974159505276,40.01633739186924],[139.70073823699093,40.01327120458074],[139.698254284495,40.01327120458074]]]]}},{"type":"Feature","properties":{"level":"county","prefecture":"秋田県","district":"平鹿郡","label":"平鹿郡","name":"秋田県 平鹿郡","municipalityCount":25},"geometry":{"type":"MultiPolygon","coordinates":[[[[140.52149824046603,39.358288360926736],[140.6754101469965,39.38580864847522],[140.70934714797247,39.33011462362823],[140.69357404962315,39.29960354683932],[140.78759165159497,39.226794165078616],[140.69872825105224,39.18678293423187],[140.5921045901635,39.21754533784771],[140.53550152266197,39.172959958750894],[140.523826945931,39.20311917798211],[140.42359946271932,39.22898070847288],[140.38562603893746,39.29716567661813],[140.26189415523282,39.37799238415779],[140.48352481668417,39.40940823752365],[140.5187969421267,39.360273842859456],[140.52149824046603,39.358288360926736]]]]}},{"type":"Feature","properties":{"level":"county","prefecture":"秋田県","district":"北秋田郡","label":"北秋田郡","name":"秋田県 北秋田郡","municipalityCount":32},"geometry":{"type":"MultiPolygon","coordinates":[[[[140.56937642482552,40.40074177365383],[140.55344807944525,40.42069712371182],[140.58971378588615,40.436128590885126],[140.6340523379389,40.40235026534616],[140.67587588808948,40.41288085939439],[140.7224499973886,40.33054619089316],[140.72924981734627,40.19010476000645],[140.69903874511425,40.17809133767935],[140.744153532322,40.15137529597703],[140.6971136819299,40.04838156230242],[140.73213741212282,39.99982521934015],[140.63439388140708,39.93224343557953],[140.61874498068258,39.88577310528076],[140.5400968347795,39.88343576579034],[140.5126802091054,39.81009859769309],[140.47492413116694,39.79572270319288],[140.45859214350605,39.82397183853945],[140.37211954724071,39.83575906672232],[140.31092116762167,39.79718039878905],[140.29564485977156,39.91987815569473],[140.2475493295687,39.9601658460511],[140.2361231480873,40.04521484428314],[140.252734580404,40.22302857433387],[140.32309253485184,40.27231376509422],[140.35643959711,40.36656132519178],[140.34308835244425,40.46103507943357],[140.43139286367537,40.481643879241574],[140.43968305513062,40.45040395465457],[140.56661302767378,40.39850496489418],[140.56937642482552,40.40074177365383]]]]}},{"type":"Feature","properties":{"level":"county","prefecture":"秋田県","district":"由利郡","label":"由利郡","name":"秋田県 由利郡","municipalityCount":31},"geometry":{"type":"MultiPolygon","coordinates":[[[[140.18858650719602,39.5342422724582],[140.24444438894875,39.54203340409293],[140.27083638421823,39.43200251926437],[140.30641900372277,39.41664645013914],[140.28601954384976,39.39571092545614],[140.32017389066908,39.38259166509056],[140.2622046492948,39.379776804628975],[140.2688492222215,39.355976154119006],[140.3196771001699,39.34876307418621],[140.35553916433022,39.29686408442582],[140.3304822935273,39.273566087569705],[140.34768366456177,39.246749515136614],[140.2207847414248,39.2220440880497],[140.3409459434165,39.08934352343233],[140.31070382177828,39.01359361779659],[140.20184460364317,39.03490613271998],[140.19808762549303,39.06127031686461],[140.1524449983799,39.0482515872298],[140.06243276980783,39.092887231692],[140.06243276980783,39.13350164692338],[139.99443457023114,39.10552897108643],[139.8695538584971,39.118271241211616],[139.91106691458572,39.26585035398305],[139.96853936546083,39.29641169613735],[140.01185328710898,39.37781645537895],[140.0632090049628,39.64927456114262],[140.1471355499198,39.62944487449809],[140.12713973232738,39.59971291087264],[140.15626407534242,39.53776084803518],[140.18585415945046,39.538414297785195],[140.18858650719602,39.5342422724582]]]]}},{"type":"Feature","properties":{"level":"county","prefecture":"秋田県","district":"雄勝郡","label":"雄勝郡","name":"秋田県 雄勝郡","municipalityCount":25},"geometry":{"type":"MultiPolygon","coordinates":[[[[140.41456408551528,39.246699249771225],[140.53550152266197,39.172959958750894],[140.5921045901635,39.21754533784771],[140.8059418506588,39.18333975670297],[140.7495250795945,39.140086409788864],[140.752878415464,39.0860260093169],[140.81019561930813,39.05724908763378],[140.7639941028834,39.000197897921396],[140.77355731999282,38.95810065441115],[140.56214191318108,38.87315218690988],[140.46421208602814,38.917712433324006],[140.4455203434961,38.98041847664225],[140.33178636858767,39.030734107393],[140.3409459434165,39.08934352343233],[140.2207847414248,39.2220440880497],[140.34768366456177,39.246749515136614],[140.34951557952752,39.29661275759889],[140.38562603893746,39.29716567661813],[140.41158334252015,39.247981016588554],[140.41456408551528,39.246699249771225]]]]}},{"type":"Feature","properties":{"level":"county","prefecture":"新潟県","district":"刈羽郡","label":"刈羽郡","name":"新潟県 刈羽郡","municipalityCount":32},"geometry":{"type":"MultiPolygon","coordinates":[[[[138.72175045952366,37.48743659396612],[138.69104259679244,37.442248030484684],[138.71904916118433,37.38298516469534],[138.6991775412167,37.35224789376218],[138.75425918781445,37.33184015541573],[138.74767671370017,37.265012352135884],[138.72746355026436,37.23020358660652],[138.67471060913155,37.237190472395085],[138.64400274640036,37.172674875922965],[138.57656343613525,37.16526073452863],[138.504901406627,37.22595616323146],[138.5422227928787,37.2608403268089],[138.49238849592865,37.35154417864679],[138.55625712448082,37.38077348861838],[138.65542892788173,37.520762531216626],[138.7196390999021,37.48977393345655],[138.72175045952366,37.48743659396612]]]]}},{"type":"Feature","properties":{"level":"county","prefecture":"新潟県","district":"岩船郡","label":"岩船郡","name":"新潟県 岩船郡","municipalityCount":24},"geometry":{"type":"MultiPolygon","coordinates":[[[[139.70548879613946,38.40716711710485],[139.75057253394098,38.35928935657529],[139.8489060033745,38.342852582094274],[139.89988912835395,38.2757985846702],[139.7864656475075,38.19230781276511],[139.69893737143138,38.20261221266911],[139.6713965481325,38.076999064571076],[139.6924169961295,38.057320174022706],[139.6553750545336,38.035605536176234],[139.6249776858644,37.91838670409756],[139.56303412049658,37.93949815755941],[139.52341507818613,38.08333250060963],[139.4301116125569,38.09743193560023],[139.40840807762353,38.14656633026442],[139.45026267718032,38.23847655087157],[139.45609996554583,38.3942991835662],[139.54785096086508,38.5529869420878],[139.72175868498795,38.49623734456772],[139.70558194435804,38.4073430458837],[139.70548879613946,38.40716711710485]],[[139.44181723869409,38.10326271798493],[139.44439433940863,38.10270979896569],[139.44520162396984,38.10419262724456],[139.44181723869409,38.10326271798493]]],[[[139.24670277013703,38.45205408839398],[139.21475293115785,38.43732633633607],[139.2647424751389,38.488722672442606],[139.25058394591196,38.45843778979793],[139.24670277013703,38.45205408839398]]]]}},{"type":"Feature","properties":{"level":"county","prefecture":"新潟県","district":"古志郡","label":"古志郡","name":"新潟県 古志郡","municipalityCount":30},"geometry":{"type":"MultiPolygon","coordinates":[[[[138.91664758223735,37.52023474488008],[139.11024062989063,37.51556006589924],[139.08757456336508,37.4679587648793],[139.12427496149277,37.41239040344578],[138.96902793049574,37.38373914517612],[138.93282432286722,37.28735530704968],[138.86224902257598,37.28293195489577],[138.7933193408133,37.37356040868558],[138.86696853231828,37.47977112574486],[138.84402302113693,37.49708754412012],[138.81794151992943,37.44332873584047],[138.79704526955723,37.481882271091045],[138.82707004535206,37.542954690034264],[138.8717811902792,37.502842928456744],[138.912859554681,37.520109081466614],[138.91664758223735,37.52023474488008]]]]}},{"type":"Feature","properties":{"level":"county","prefecture":"新潟県","district":"佐渡郡","label":"佐渡郡","name":"新潟県 佐渡郡","municipalityCount":25},"geometry":{"type":"MultiPolygon","coordinates":[[[[138.4842846009106,38.336217553863406],[138.4845640455664,38.331769069026805],[138.48288737763164,38.331492609517184],[138.48065182038528,38.334558796805695],[138.4842846009106,38.336217553863406]]],[[[138.43323937711878,38.09165141858091],[138.48065182038528,38.06209538373432],[138.5723407168921,38.07848189284995],[138.5001508474785,37.920422451395666],[138.3595901856138,37.830447447355866],[138.21626612659733,37.80961245340363],[138.20598877314532,37.82873842493276],[138.26709400454575,37.84597944525994],[138.28429537558023,37.91931661335718],[138.3431960991405,37.96458057488671],[138.29820550955756,38.00735640082965],[138.25486053850318,37.96458057488671],[138.22707131995472,37.97958478645424],[138.2393047859973,38.08677567813853],[138.32431806017127,38.19844018734212],[138.4370584540813,38.262327466746925],[138.4581720502969,38.3214898018055],[138.51483721661083,38.332045528536426],[138.49260584177205,38.20427096972682],[138.43345672296218,38.093737431244406],[138.43323937711878,38.09165141858091]]]]}},{"type":"Feature","properties":{"level":"county","prefecture":"新潟県","district":"三島郡","label":"三島郡","name":"新潟県 三島郡","municipalityCount":21},"geometry":{"type":"MultiPolygon","coordinates":[[[[138.81974238548898,37.64476718762232],[138.8518785209054,37.61370319181417],[138.91444307439718,37.62943625117978],[138.828933009724,37.58957581642919],[138.83402511234073,37.528302336024424],[138.79682792371383,37.47853962429292],[138.82216423917254,37.468210091706226],[138.8194629408332,37.38773524172426],[138.7933193408133,37.37356040868558],[138.82259893085933,37.3422450860505],[138.76462968948505,37.35712363420457],[138.75236517403627,37.33078458274264],[138.6991775412167,37.35224789376218],[138.71904916118433,37.38298516469534],[138.69104259679244,37.442248030484684],[138.72175045952366,37.48743659396612],[138.66021053643644,37.52350199363013],[138.74761461488777,37.604630293362106],[138.78565013748204,37.707146506065556],[138.8084093522262,37.70681978119055],[138.7879477935408,37.66487333377647],[138.81592330852646,37.64836116124738],[138.81974238548898,37.64476718762232]],[[138.7874199536354,37.65914308212254],[138.81284941731272,37.638785609141465],[138.78984180731896,37.659595470411006],[138.7874199536354,37.65914308212254]]]]}},{"type":"Feature","properties":{"level":"county","prefecture":"新潟県","district":"西蒲原郡","label":"西蒲原郡","name":"新潟県 西蒲原郡","municipalityCount":35},"geometry":{"type":"MultiPolygon","coordinates":[[[[139.0225881561897,37.875259020596914],[139.0131491367051,37.747961982758476],[138.97952262979112,37.68407470335367],[138.92077715326187,37.65544857776671],[138.93270012524243,37.631019610189426],[138.8518785209054,37.61370319181417],[138.7879477935408,37.66487333377647],[138.81126589759654,37.70119006026739],[138.78620902679364,37.72101974691192],[138.84147696982856,37.816272614317185],[138.99951844738354,37.907705313953166],[139.01703031248002,37.880989272250844],[139.0225881561897,37.875259020596914]]],[[[138.8135325042491,37.64253037886267],[138.81284941731272,37.638785609141465],[138.80809885816421,37.63669959647797],[138.80238576742352,37.640494631564565],[138.80198212514293,37.6444907281127],[138.79996391373996,37.6472301905262],[138.7982251469928,37.645646831516565],[138.79539965102865,37.64873815148776],[138.79123903059792,37.65112575634357],[138.79549279924726,37.652131063651275],[138.79682792371383,37.65338769778591],[138.7927915009079,37.654971056795546],[138.7885066828524,37.65439300509362],[138.78723365719821,37.65532291435325],[138.7874199536354,37.65914308212254],[138.78984180731896,37.659595470411006],[138.79428187240546,37.65786131530521],[138.80046070423916,37.65431760704554],[138.80499391754427,37.650949827564716],[138.8135325042491,37.64253037886267]]],[[[138.881872247294,37.62031308736234],[138.85650488242908,37.61377858986224],[138.8822758895746,37.620539281506574],[138.881872247294,37.62031308736234]]]]}},{"type":"Feature","properties":{"level":"county","prefecture":"新潟県","district":"西頸城郡","label":"西頸城郡","name":"新潟県 西頸城郡","municipalityCount":19},"geometry":{"type":"MultiPolygon","coordinates":[[[[138.02885191077772,36.91870911731341],[137.86609092348044,36.915115143688354],[137.87646142515104,36.86620694316839],[137.7624480055868,36.766153733368824],[137.71130963357638,36.94401772878494],[137.63489704491965,36.97998259771817],[137.91204404465554,37.06055797843091],[138.1015696200967,37.17410743883645],[138.14035032843978,36.99762574096843],[138.10833839064819,36.947460906313836],[138.03326092645804,36.92117212021729],[138.02885191077772,36.91870911731341]]]]}},{"type":"Feature","properties":{"level":"county","prefecture":"新潟県","district":"中蒲原郡","label":"中蒲原郡","name":"新潟県 中蒲原郡","municipalityCount":37},"geometry":{"type":"MultiPolygon","coordinates":[[[[139.1594849881229,37.88488483806821],[139.19115538244628,37.867116031404485],[139.1544549843186,37.85000067449077],[139.17712105084416,37.82484285911539],[139.15184683419784,37.81152253728827],[139.22366411073708,37.74107562770068],[139.29569873311968,37.72808203074857],[139.2802050794262,37.70171784660394],[139.34804803197187,37.62968757800671],[139.28101236398737,37.50993034497608],[139.2323889938791,37.55886367817873],[139.0762415301023,37.5998299509678],[139.0646290521837,37.62812935167976],[139.1113584085138,37.65157814463204],[139.09502642085292,37.736903602373694],[138.96691657087416,37.68073205655555],[139.0131491367051,37.747961982758476],[139.01429796473445,37.89845648672226],[139.07698671585106,37.91657715094368],[139.09810031206666,37.9563621876462],[139.13731571209652,37.947163625780675],[139.15728048028274,37.89071562045291],[139.1594849881229,37.88488483806821]]]]}},{"type":"Feature","properties":{"level":"county","prefecture":"新潟県","district":"中魚沼郡","label":"中魚沼郡","name":"新潟県 中魚沼郡","municipalityCount":23},"geometry":{"type":"MultiPolygon","coordinates":[[[[138.83359042065393,37.20592541512539],[138.87466878505575,37.1399521230571],[138.69035950985605,36.84564840872578],[138.588672704553,36.914109836380646],[138.56588244040265,37.021250462699555],[138.67014634642024,37.069404682738735],[138.69153938729164,37.14497865959564],[138.63978002715723,37.16508480574978],[138.67471060913155,37.237190472395085],[138.7814895170513,37.263630054587786],[138.83939665961321,37.207760100961956],[138.83359042065393,37.20592541512539]]]]}},{"type":"Feature","properties":{"level":"county","prefecture":"新潟県","district":"中頸城郡","label":"中頸城郡","name":"新潟県 中頸城郡","municipalityCount":49},"geometry":{"type":"MultiPolygon","coordinates":[[[[138.53393260142346,37.310075252203866],[138.5422227928787,37.2608403268089],[138.504901406627,37.22595616323146],[138.536509702138,37.19841074300028],[138.37182365165637,37.16636657256711],[138.39905398089323,37.12580242270111],[138.35126894475235,37.092200025941],[138.42317936951017,37.005366607237775],[138.2958147052802,36.909761882274815],[138.28662408104518,36.84564840872578],[138.21378217410137,36.871158081658855],[138.11237481345412,36.849493709177764],[138.05223211364586,36.79995719159048],[138.0034534965066,36.82642190646588],[138.03285728417745,36.88618742590908],[138.01602850601736,36.91142063933253],[138.10833839064819,36.947460906313836],[138.14035032843978,36.99762574096843],[138.09629122104283,37.17161930324988],[138.2546121432536,37.18438670605776],[138.48791738143592,37.351896036204494],[138.5322559334887,37.31213613218466],[138.53393260142346,37.310075252203866]],[[138.25352541403663,37.128541885114615],[138.23138718741643,37.09878478880648],[138.26752869623255,37.097829746864164],[138.26249869242824,37.123238889066464],[138.25352541403663,37.128541885114615]]],[[[138.24629090239216,37.18493962507699],[138.24681874229753,37.188282271875124],[138.25265603066305,37.20466878099076],[138.25293547531882,37.20466878099076],[138.24681874229753,37.18772935285588],[138.24629090239216,37.18493962507699]]]]}},{"type":"Feature","properties":{"level":"county","prefecture":"新潟県","district":"東蒲原郡","label":"東蒲原郡","name":"新潟県 東蒲原郡","municipalityCount":11},"geometry":{"type":"MultiPolygon","coordinates":[[[[139.58858778179868,37.66721067326689],[139.5460190458993,37.62888333216054],[139.58507919889814,37.51289600153382],[139.42840389521595,37.514253166399214],[139.39750973604754,37.45984090836956],[139.25120493403594,37.452451899657916],[139.29836898205284,37.48497359106224],[139.27607550840168,37.509704150831844],[139.34811013078428,37.60050853340051],[139.27834211505422,37.73255564826786],[139.36161662248102,37.821801804509576],[139.52412921452873,37.793150546239914],[139.7146483709683,37.85291606568312],[139.74150610733076,37.817830840644135],[139.58989185685905,37.667512265459195],[139.58858778179868,37.66721067326689]]]]}},{"type":"Feature","properties":{"level":"county","prefecture":"新潟県","district":"東頸城郡","label":"東頸城郡","name":"新潟県 東頸城郡","municipalityCount":14},"geometry":{"type":"MultiPolygon","coordinates":[[[[138.61872852975404,37.17755061636535],[138.69153938729164,37.14497865959564],[138.67014634642024,37.069404682738735],[138.56588244040265,37.021250462699555],[138.42317936951017,37.005366607237775],[138.35126894475235,37.092200025941],[138.39905398089323,37.12580242270111],[138.38293933907573,37.17692229929803],[138.55184810880053,37.20396506587536],[138.57656343613525,37.16526073452863],[138.61751760291224,37.18162211096156],[138.61872852975404,37.17755061636535]]]]}},{"type":"Feature","properties":{"level":"county","prefecture":"新潟県","district":"南蒲原郡","label":"南蒲原郡","name":"新潟県 南蒲原郡","municipalityCount":22},"geometry":{"type":"MultiPolygon","coordinates":[[[[139.1639250532094,37.55853695330373],[139.2323889938791,37.55886367817873],[139.29836898205284,37.48497359106224],[139.13650842753532,37.397687784070555],[139.08757456336508,37.4679587648793],[139.11024062989063,37.51556006589924],[138.87454458743093,37.50216434602404],[138.8200839289572,37.557481380630634],[138.84082493229837,37.60523347774673],[139.09502642085292,37.736903602373694],[139.1113584085138,37.65157814463204],[139.0646290521837,37.62812935167976],[139.1592676422795,37.558888810861426],[139.1639250532094,37.55853695330373]]]]}},{"type":"Feature","properties":{"level":"county","prefecture":"新潟県","district":"南魚沼郡","label":"南魚沼郡","name":"新潟県 南魚沼郡","municipalityCount":18},"geometry":{"type":"MultiPolygon","coordinates":[[[[139.017185559511,37.1876790874905],[139.02513420749807,37.15055811515341],[139.07838393913005,37.131180816797354],[139.0911141956718,37.019742501737994],[138.96660607681218,36.97912808650662],[138.97915003691674,36.89118882976492],[138.9230127105082,36.883397698130196],[138.9290673447171,36.832654811773665],[138.82172954748575,36.81762546752344],[138.82691479832104,36.772286107945845],[138.78940711563217,36.744866351128124],[138.72727725382717,36.764117986070715],[138.69591735356576,36.73850778240687],[138.67964746471728,36.82124457383119],[138.87466878505575,37.1399521230571],[138.84781104869325,37.17368018323067],[138.8724953266218,37.19433924840406],[138.90506615372496,37.17259947787489],[138.95937156516771,37.217235122337094],[139.00262338800349,37.18745289334626],[139.017185559511,37.1876790874905]]]]}},{"type":"Feature","properties":{"level":"county","prefecture":"新潟県","district":"北蒲原郡","label":"北蒲原郡","name":"新潟県 北蒲原郡","municipalityCount":36},"geometry":{"type":"MultiPolygon","coordinates":[[[[139.43200562633507,38.100749449715664],[139.52341507818613,38.08333250060963],[139.5680330748947,37.931732158607375],[139.60647223976954,37.93525073418435],[139.6818291486155,37.84673342574072],[139.52412921452873,37.793150546239914],[139.36549779825594,37.8237872864423],[139.2839620575763,37.734490864835195],[139.22366411073708,37.74107562770068],[139.15085325319944,37.81473952067293],[139.19115538244628,37.867116031404485],[139.13731571209652,37.947163625780675],[139.09810031206666,37.9563621876462],[139.27728643524344,38.022938664099115],[139.4105815360575,38.15312596044721],[139.4310430947429,38.10162909360991],[139.43200562633507,38.100749449715664]]],[[[139.44181723869409,38.10326271798493],[139.44520162396984,38.10419262724456],[139.44439433940863,38.10270979896569],[139.44181723869409,38.10326271798493]]]]}},{"type":"Feature","properties":{"level":"county","prefecture":"新潟県","district":"北魚沼郡","label":"北魚沼郡","name":"新潟県 北魚沼郡","municipalityCount":18},"geometry":{"type":"MultiPolygon","coordinates":[[[[139.19658902853118,37.19403765621175],[139.22074546655432,37.20914239851005],[139.2537820347505,37.16505967306709],[139.24086548177155,36.94127826637144],[139.18270994396005,36.96171113740059],[139.02299179847031,37.18571873824047],[138.95937156516771,37.217235122337094],[138.8411975251728,37.1667435628075],[138.81154534225234,37.25194335713569],[138.74767671370017,37.265012352135884],[138.7518062847247,37.32666282278103],[138.80021230898956,37.359285044916135],[138.89609287533332,37.279815502241874],[138.93282432286722,37.28735530704968],[138.96902793049574,37.38373914517612],[139.19724106606137,37.41075677907075],[139.2380399858074,37.37263049942595],[139.1648875848016,37.239779138712436],[139.1966821767498,37.19876260055797],[139.19658902853118,37.19403765621175]]]]}},{"type":"Feature","properties":{"level":"county","prefecture":"神奈川県","district":"愛甲郡","label":"愛甲郡","name":"神奈川県 愛甲郡","municipalityCount":17},"geometry":{"type":"MultiPolygon","coordinates":[[[[139.35397846855597,35.52774079368689],[139.37658243626913,35.51278684748474],[139.37046570324787,35.41700619374293],[139.16339721330402,35.45402663534925],[139.2535336395009,35.54845012422565],[139.35078037971743,35.53005300049461],[139.35397846855597,35.52774079368689]]]]}},{"type":"Feature","properties":{"level":"county","prefecture":"神奈川県","district":"鎌倉郡","label":"鎌倉郡","name":"神奈川県 鎌倉郡","municipalityCount":16},"geometry":{"type":"MultiPolygon","coordinates":[[[[139.53726311335106,35.443219581791396],[139.57511233950814,35.43100509800275],[139.55955658700225,35.36998294442492],[139.5927173528232,35.36173942450172],[139.59315204451,35.32042129415495],[139.47426386817247,35.29855586021231],[139.49720937935382,35.35721554161704],[139.4677124434644,35.50238191684997],[139.53418922213731,35.4473162090703],[139.53726311335106,35.443219581791396]]]]}},{"type":"Feature","properties":{"level":"county","prefecture":"神奈川県","district":"橘樹郡","label":"橘樹郡","name":"神奈川県 橘樹郡","municipalityCount":19},"geometry":{"type":"MultiPolygon","coordinates":[[[[139.64314158849103,35.59821283595717],[139.70222860848853,35.53701475360049],[139.7961841116479,35.51851709913867],[139.75147296672077,35.533244851196585],[139.76479316198032,35.51158047871549],[139.66816740988776,35.467698814734064],[139.63888781984173,35.506704738273115],[139.60066600081026,35.48071754436888],[139.6029326074628,35.43831870866632],[139.5619473912796,35.43550384820474],[139.56800202548848,35.496249542272956],[139.61867465640591,35.51535038111939],[139.62510188348918,35.561619649956626],[139.49488067388887,35.61738907285169],[139.52574378365108,35.642647418957836],[139.6397572032153,35.600223450572585],[139.64314158849103,35.59821283595717]]]]}},{"type":"Feature","properties":{"level":"county","prefecture":"神奈川県","district":"久良岐郡","label":"久良岐郡","name":"神奈川県 久良岐郡","municipalityCount":5},"geometry":{"type":"MultiPolygon","coordinates":[[[[139.64242745214847,35.411351340137074],[139.62205904168164,35.396020403694536],[139.65317054669345,35.38714856670402],[139.6567722778126,35.34160814566488],[139.59622593572374,35.31642519760681],[139.5927173528232,35.36173942450172],[139.55955658700225,35.36998294442492],[139.57511233950814,35.43100509800275],[139.6400366478711,35.41479451766597],[139.64242745214847,35.411351340137074]]],[[[139.63817368349913,35.32660393409735],[139.63345417375683,35.32300996047229],[139.63261583978945,35.325774555568486],[139.6298213932315,35.328840742857],[139.63373361841263,35.33077595942433],[139.63817368349913,35.32660393409735]]]]}},{"type":"Feature","properties":{"level":"county","prefecture":"神奈川県","district":"高座郡","label":"高座郡","name":"神奈川県 高座郡","municipalityCount":19},"geometry":{"type":"MultiPolygon","coordinates":[[[[139.45551002682802,35.51997479473485],[139.49599845251205,35.341381951520646],[139.47457436223448,35.31245423374136],[139.37447107664758,35.3147413078664],[139.37571305289555,35.516028963552095],[139.3003561440496,35.583912339505034],[139.320507208673,35.60617989637075],[139.3998073921063,35.58441499315889],[139.45523058217225,35.52027638692716],[139.45551002682802,35.51997479473485]]]]}},{"type":"Feature","properties":{"level":"county","prefecture":"神奈川県","district":"三浦郡","label":"三浦郡","name":"神奈川県 三浦郡","municipalityCount":13},"geometry":{"type":"MultiPolygon","coordinates":[[[[139.67819636809017,35.25170853967315],[139.74678450638467,35.253266766000095],[139.71731861990142,35.247159524105776],[139.7248325762017,35.21189837028794],[139.65789005643575,35.186891351008725],[139.67872420799557,35.14104933777727],[139.6148245300372,35.138837661700315],[139.6298213932315,35.1632666292776],[139.59898933287548,35.196064780191556],[139.62733744073554,35.215492343913],[139.55284991526318,35.301546649452746],[139.6606534535875,35.328011364328134],[139.62128280652666,35.281164043788976],[139.67499827925164,35.25133154943276],[139.67819636809017,35.25170853967315]]],[[[139.60206322408922,35.221046666788084],[139.603429397962,35.22300701603811],[139.60454717658519,35.22049374776884],[139.60206322408922,35.221046666788084]]],[[[139.6178984212509,35.13572120904642],[139.62177959702586,35.13660085294067],[139.62733744073554,35.13383625784447],[139.62594021745656,35.131599449084824],[139.63010083788728,35.129664232517484],[139.62845521935873,35.12883485398863],[139.62010292909108,35.13190104127713],[139.61817786590672,35.13049361104635],[139.61510397469297,35.13217750078675],[139.6098255756391,35.132453960296374],[139.60898724167168,35.13549501490219],[139.61206113288543,35.137178904642596],[139.6178984212509,35.13572120904642]]]]}},{"type":"Feature","properties":{"level":"county","prefecture":"神奈川県","district":"足柄下郡","label":"足柄下郡","name":"神奈川県 足柄下郡","municipalityCount":27},"geometry":{"type":"MultiPolygon","coordinates":[[[[139.23546288509283,35.29026207492373],[139.1434945439302,35.232733364240175],[139.1601680750593,35.14049641875803],[139.0284254445552,35.15072542061395],[138.976076145703,35.23554822470176],[138.99961159560215,35.28955835980833],[139.07130467451657,35.271990614606146],[139.18801939242016,35.32097421317418],[139.2329168337845,35.319818109770324],[139.2367980095594,35.29046313638527],[139.23546288509283,35.29026207492373]]],[[[139.17951185512152,35.31421352152985],[139.17851827412312,35.31079547668365],[139.17674845796975,35.31159972252981],[139.17951185512152,35.31421352152985]]]]}},{"type":"Feature","properties":{"level":"county","prefecture":"神奈川県","district":"足柄上郡","label":"足柄上郡","name":"神奈川県 足柄上郡","municipalityCount":22},"geometry":{"type":"MultiPolygon","coordinates":[[[[139.1587398023741,35.36128703621325],[139.25120493403594,35.35409908896314],[139.24927987085158,35.329846050164704],[139.03062995239537,35.274076627269636],[139.00461055000025,35.28991021736603],[139.0016919058175,35.399086590983046],[138.91580924826997,35.40552055775237],[138.93732648676615,35.44879903734917],[139.0660262754627,35.50941906800392],[139.16283832399242,35.47456003710917],[139.16057171733988,35.36344844692482],[139.1587398023741,35.36128703621325]],[[139.17951185512152,35.31421352152985],[139.17674845796975,35.31159972252981],[139.17851827412312,35.31079547668365],[139.17951185512152,35.31421352152985]]]]}},{"type":"Feature","properties":{"level":"county","prefecture":"神奈川県","district":"中郡","label":"中郡","name":"神奈川県 中郡","municipalityCount":27},"geometry":{"type":"MultiPolygon","coordinates":[[[[139.23614597202922,35.44070631352213],[139.37046570324787,35.41700619374293],[139.37447107664758,35.3147413078664],[139.23425195825106,35.286140314962125],[139.25120493403594,35.35409908896314],[139.16032332209028,35.35648669381895],[139.153740847976,35.40929046015627],[139.16339721330402,35.45402663534925],[139.23120911644352,35.44098277303175],[139.23614597202922,35.44070631352213]]]]}},{"type":"Feature","properties":{"level":"county","prefecture":"神奈川県","district":"津久井郡","label":"津久井郡","name":"神奈川県 津久井郡","municipalityCount":22},"geometry":{"type":"MultiPolygon","coordinates":[[[[139.16979339098108,35.65139359253489],[139.2522295644405,35.601656013486064],[139.31355214168434,35.604244679803415],[139.32454363147895,35.54088518673516],[139.24977666135078,35.546917030581405],[139.16283832399242,35.47456003710917],[139.07518585029152,35.49547042910948],[139.12973965698387,35.56596760406246],[139.11980384700004,35.66041622562156],[139.1695760451377,35.65149412326566],[139.16979339098108,35.65139359253489]]]]}},{"type":"Feature","properties":{"level":"county","prefecture":"神奈川県","district":"都筑郡","label":"都筑郡","name":"神奈川県 都筑郡","municipalityCount":12},"geometry":{"type":"MultiPolygon","coordinates":[[[[139.5677846796451,35.57154705962023],[139.62510188348918,35.561619649956626],[139.6193577433423,35.51658188257134],[139.57334252335477,35.50409093927307],[139.56523862833674,35.44357143934909],[139.51059167342578,35.44550665591643],[139.46836448099458,35.56290141677395],[139.50757988102444,35.57514103324529],[139.44930014558815,35.611859882659296],[139.56542492477394,35.57855907809149],[139.5677846796451,35.57154705962023]]]]}},{"type":"Feature","properties":{"level":"county","prefecture":"青森県","district":"下北郡","label":"下北郡","name":"青森県 下北郡","municipalityCount":9},"geometry":{"type":"MultiPolygon","coordinates":[[[[140.91390063601415,41.55425651119988],[140.9119755728298,41.55174324293061],[140.9105783495508,41.552019702440234],[140.90946057092762,41.555638808747986],[140.91309335145297,41.555638808747986],[140.91390063601415,41.55425651119988]]],[[[141.1925690566538,41.387023640562774],[141.31611464392125,41.35178761942763],[141.4647171019916,41.42927168016917],[141.39581846963512,41.13235416683782],[141.36846394277345,41.11207209190482],[141.32834810996383,41.11234855141444],[141.3229455132851,41.15411907004969],[141.276060909924,41.15075129056886],[141.1878184975053,41.27927982985924],[141.0580940784042,41.18319758392512],[140.98115364984204,41.19900604133882],[140.81087870624452,41.12735276298198],[140.76560867200578,41.14399059892453],[140.80088079744831,41.328162897696515],[140.91281390679717,41.54646537956515],[141.00251564130724,41.48536782793924],[141.11249263806553,41.46289920961198],[141.18611078016434,41.39205017710131],[141.1925690566538,41.387023640562774]]]]}},{"type":"Feature","properties":{"level":"county","prefecture":"青森県","district":"三戸郡","label":"三戸郡","name":"青森県 三戸郡","municipalityCount":32},"geometry":{"type":"MultiPolygon","coordinates":[[[[141.52383517139526,40.52982323196345],[141.57612237143508,40.54299275769441],[141.68249763707425,40.45022802587572],[141.58705176241727,40.407050077009686],[141.5390183310268,40.34798827268189],[141.44158529437306,40.37603634656692],[141.35098312708317,40.33107397722971],[141.31583519926545,40.37256803635533],[141.0158358365668,40.21805230316072],[140.94578837618093,40.25831486083439],[140.9620582650294,40.34713376147033],[140.9952500802566,40.35525161798007],[140.9791043890329,40.41715341545215],[141.01866133253094,40.46870054765484],[141.19011615356405,40.49707534641488],[141.30366383203528,40.568075175021704],[141.46363037277462,40.60602552588766],[141.52364887495807,40.531884111944244],[141.52383517139526,40.52982323196345]]]]}},{"type":"Feature","properties":{"level":"county","prefecture":"青森県","district":"上北郡","label":"上北郡","name":"青森県 上北郡","municipalityCount":17},"geometry":{"type":"MultiPolygon","coordinates":[[[[141.39581846963512,41.13235416683782],[141.39808507628769,40.84599238023739],[141.46251259415146,40.60147651032028],[141.30366383203528,40.568075175021704],[141.19011615356405,40.49707534641488],[141.0312984408541,40.47458159540493],[140.98515902324178,40.42708082511576],[140.89179345880018,40.423461718808014],[140.87592721223226,40.45020289319302],[140.90784600180527,40.432685413356225],[140.90452371534192,40.46379967452977],[140.94451535052676,40.463246755510525],[140.85142923074093,40.54495310694444],[140.8580738036676,40.605145881993415],[140.87757283076084,40.657371596628806],[140.95497900041596,40.64699179867674],[140.9789491420019,40.6976090216198],[140.9057035927775,40.75104110502444],[141.01673626934658,40.819854390237005],[141.047009440391,40.87708150872824],[141.12835888463343,40.87155231853585],[141.17614392077434,40.90239012019977],[141.27866906004476,41.152912701280435],[141.3229455132851,41.15411907004969],[141.34266188622175,41.10694502463552],[141.3919993926726,41.129589571741626],[141.39581846963512,41.13235416683782]]]]}},{"type":"Feature","properties":{"level":"county","prefecture":"青森県","district":"西津軽郡","label":"西津軽郡","name":"青森県 西津軽郡","municipalityCount":21},"geometry":{"type":"MultiPolygon","coordinates":[[[[140.3884515349016,41.0400166906249],[140.4154024194827,41.02687229757663],[140.3669963952178,41.01206914747064],[140.3924569083013,40.980628161422096],[140.37569022895363,40.95167531096013],[140.4291262570228,40.909251342574876],[140.39969141994578,40.86652578199731],[140.43723015204085,40.8095751230157],[140.42002878100638,40.73658981247615],[140.3305754417459,40.760013472745726],[140.28679577900473,40.720278701408596],[140.29229152390204,40.69298460800434],[140.33197266502486,40.6927835465428],[140.15471160503245,40.58569318558928],[140.16362278461168,40.550281235675286],[140.11953262780852,40.51218008871318],[140.1472286981384,40.43813920550053],[140.06814586054853,40.46887647643369],[140.01942934222166,40.41984261250026],[139.93599958776383,40.42793533632731],[139.94012915878835,40.5526688405311],[139.86073582713647,40.61572674140703],[139.9276472974962,40.64211605823435],[140.0373758990049,40.762627271745764],[140.1156825014398,40.74096289926467],[140.23929018751966,40.7892930480827],[140.29539646452196,40.89429739637273],[140.32178845979146,41.03732749357678],[140.38506714962585,41.03918731209605],[140.3884515349016,41.0400166906249]]]]}},{"type":"Feature","properties":{"level":"county","prefecture":"青森県","district":"中津軽郡","label":"中津軽郡","name":"青森県 中津軽郡","municipalityCount":16},"geometry":{"type":"MultiPolygon","coordinates":[[[[140.42002878100638,40.73658981247615],[140.5387306609067,40.57433321301218],[140.49464050410356,40.55483025124266],[140.46427418484055,40.48365449385699],[140.3612833044771,40.47840176317422],[140.3352018032696,40.43939583963517],[140.1472286981384,40.43813920550053],[140.11953262780852,40.51218008871318],[140.16362278461168,40.550281235675286],[140.15471160503245,40.58569318558928],[140.33197266502486,40.6927835465428],[140.29229152390204,40.69298460800434],[140.28679577900473,40.720278701408596],[140.3305754417459,40.760013472745726],[140.408757846556,40.737972110024245],[140.42002878100638,40.73658981247615]],[[140.43220014823655,40.60016961082026],[140.47809117059927,40.58001319930074],[140.4965345178817,40.609921091705026],[140.43844107888265,40.60069739715681],[140.43220014823655,40.60016961082026]]]]}},{"type":"Feature","properties":{"level":"county","prefecture":"青森県","district":"東津軽郡","label":"東津軽郡","name":"青森県 東津軽郡","municipalityCount":23},"geometry":{"type":"MultiPolygon","coordinates":[[[[140.587819772108,41.217051307512165],[140.64116265195855,41.179553344934675],[140.66208995173696,40.940767726671496],[140.74145223398264,40.79808948702514],[140.86034041032016,40.888768206180345],[140.87201498705113,40.944034975421545],[140.8378295908256,40.95318327192169],[140.8792184492894,41.009581011884066],[141.0789592793702,40.896006418795835],[140.9057035927775,40.75104110502444],[140.9789491420019,40.6976090216198],[140.95497900041596,40.64699179867674],[140.87757283076084,40.657371596628806],[140.87664134857485,40.613841790205086],[140.84425681790887,40.60592499515689],[140.7072978871633,40.72573249355291],[140.61508115075105,40.74598943580321],[140.57347494644387,40.80967565374647],[140.587819772108,40.93395676966178],[140.4614486888764,41.11732482258759],[140.36317731825528,41.152812170549666],[140.376528562921,41.19920710280036],[140.33871038617013,41.260103592964725],[140.4673170266481,41.18179015369432],[140.58229297780449,41.220946873329524],[140.587819772108,41.217051307512165]]],[[[140.87145609773955,41.01541179426877],[140.87226338230073,41.01709568400918],[140.87726233669883,41.011817820643714],[140.87754178135464,41.01013393090331],[140.87145609773955,41.012370739662956],[140.87145609773955,41.01541179426877]]],[[[140.85506201126626,40.93513800574834],[140.85754596376222,40.933202789181],[140.8533853433315,40.930965980421355],[140.8522675647083,40.933202789181],[140.85506201126626,40.93513800574834]]],[[[140.8519881200525,40.895126774901584],[140.8486658335892,40.89374447735349],[140.8472686103102,40.89485031539197],[140.8481069442776,40.89736358366124],[140.8519881200525,40.895126774901584]]]]}},{"type":"Feature","properties":{"level":"county","prefecture":"青森県","district":"南津軽郡","label":"南津軽郡","name":"青森県 南津軽郡","municipalityCount":29},"geometry":{"type":"MultiPolygon","coordinates":[[[[140.66320773036014,40.73553423980305],[140.8629175110347,40.609644632195405],[140.85142923074093,40.54495310694444],[140.8792805481018,40.51052133165547],[140.82000723166715,40.49534119130908],[140.80376839222484,40.448770330279544],[140.66146896361298,40.40446141069235],[140.58971378588615,40.436128590885126],[140.55913012077974,40.397072401980694],[140.43968305513062,40.45040395465457],[140.49464050410356,40.55483025124266],[140.5387306609067,40.57433321301218],[140.4607035031276,40.694869559206296],[140.47601086038392,40.714925439995056],[140.52702503476954,40.689214705600435],[140.52022521481186,40.72970345741835],[140.57704562815678,40.76431116148618],[140.57925013599694,40.80904733667915],[140.65258883343995,40.734327871033805],[140.66320773036014,40.73553423980305]]]]}},{"type":"Feature","properties":{"level":"county","prefecture":"青森県","district":"北津軽郡","label":"北津軽郡","name":"青森県 北津軽郡","municipalityCount":23},"geometry":{"type":"MultiPolygon","coordinates":[[[[140.57493426853523,40.903621621651716],[140.57704562815678,40.76431116148618],[140.52022521481186,40.72970345741835],[140.52702503476954,40.689214705600435],[140.47601086038392,40.714925439995056],[140.4623491216562,40.682730473465725],[140.41788637197862,40.72651160671638],[140.43723015204085,40.8095751230157],[140.39969141994578,40.86652578199731],[140.4291262570228,40.909251342574876],[140.38034763988355,40.94159710520036],[140.3669963952178,41.01206914747064],[140.4154024194827,41.02687229757663],[140.32178845979146,41.03732749357678],[140.31868351917151,41.09317231451993],[140.24789087303688,41.124010116183854],[140.32147796572946,41.1478861647419],[140.3420947714459,41.24902007989725],[140.376528562921,41.19920710280036],[140.36317731825528,41.152812170549666],[140.4614486888764,41.11732482258759],[140.587819772108,40.93395676966178],[140.57946748184034,40.907089931863304],[140.57493426853523,40.903621621651716]]]]}},{"type":"Feature","properties":{"level":"county","prefecture":"静岡県","district":"安倍郡","label":"安倍郡","name":"静岡県 安倍郡","municipalityCount":24},"geometry":{"type":"MultiPolygon","coordinates":[[[[138.3908879870628,35.219111450220744],[138.41321251012016,35.01073637801571],[138.464102486881,35.02599191641017],[138.50356628216045,34.98550316459226],[138.50244850353727,35.01189248141957],[138.53300111923747,35.01023372436185],[138.3484744981944,34.89851894979288],[138.26060467865008,34.99191199867889],[138.18875635270464,35.01543618967924],[138.20968365248305,35.07075322428584],[138.18366425008796,35.13657572025797],[138.23970842827788,35.17719013548935],[138.18360215127555,35.19267186802804],[138.1980711745645,35.24633014557692],[138.14575292511847,35.25628268792322],[138.08297102578328,35.32481951362617],[138.15152811467158,35.39104413252139],[138.12019926381637,35.43143235360853],[138.1646620134939,35.493560345224836],[138.14010193319018,35.499893781263395],[138.14140600825056,35.55508515245653],[138.18950153845344,35.57677465762031],[138.2186569308747,35.644557502842474],[138.26880172188672,35.5139680835713],[138.23284650950782,35.37666823802117],[138.24893010191911,35.331454541857035],[138.28417117795544,35.30433637723163],[138.35782036946043,35.31790802588568],[138.3907327400318,35.220141890211146],[138.3908879870628,35.219111450220744]],[[138.35825506114722,34.983542815342226],[138.39827774573826,34.97627947004404],[138.3643717941685,34.983869540217235],[138.35825506114722,34.983542815342226]]]]}},{"type":"Feature","properties":{"level":"county","prefecture":"静岡県","district":"庵原郡","label":"庵原郡","name":"静岡県 庵原郡","municipalityCount":15},"geometry":{"type":"MultiPolygon","coordinates":[[[[138.58308381143712,35.19561239190308],[138.63931428606423,35.115037011190346],[138.5733342978905,35.11006074001719],[138.4956486835796,35.01435548432346],[138.421751096825,35.00143728541942],[138.39868138801884,35.20026193820123],[138.49182960661707,35.16869528873922],[138.53480198479704,35.2254448862593],[138.57634609029185,35.19586371873001],[138.58308381143712,35.19561239190308]]]]}},{"type":"Feature","properties":{"level":"county","prefecture":"静岡県","district":"引佐郡","label":"引佐郡","name":"静岡県 引佐郡","municipalityCount":11},"geometry":{"type":"MultiPolygon","coordinates":[[[[137.74447039939736,34.90010230880252],[137.80228439374065,34.820155245157096],[137.78188493386764,34.803693337993394],[137.648651931866,34.77745481726223],[137.62058326866173,34.801054406310655],[137.55836025863812,34.76049025644467],[137.57183570092866,34.79524875660865],[137.5489212391535,34.80077794680104],[137.54749296646833,34.76988987977173],[137.49293915977597,34.786854440589295],[137.49995632557702,34.83128902358996],[137.58726725580976,34.84958561659023],[137.69730635138046,34.97193151593821],[137.73863311103187,34.89884567466789],[137.74447039939736,34.90010230880252]]]]}},{"type":"Feature","properties":{"level":"county","prefecture":"静岡県","district":"賀茂郡","label":"賀茂郡","name":"静岡県 賀茂郡","municipalityCount":23},"geometry":{"type":"MultiPolygon","coordinates":[[[[138.96629558275018,34.84174421959011],[139.03457322698267,34.88351473822535],[139.08248246074837,34.85267693656143],[139.04655829777565,34.76664776370438],[138.97852904879275,34.70859126668428],[138.9862914003426,34.65722006326044],[138.94769698843675,34.67358143969337],[138.84324678598193,34.60054586378844],[138.7926983526893,34.6233412069907],[138.78909662157017,34.66943454704908],[138.73907602818292,34.69079732733786],[138.77686315552762,34.7596860105985],[138.75326560681606,34.798867862916396],[138.76820037119796,34.860317272100005],[138.82880881209923,34.88291155384073],[138.9131079499306,34.82726779435913],[138.96275595044347,34.83825077669583],[138.96629558275018,34.84174421959011]]],[[[138.7668652467314,34.67496373724147],[138.766026912764,34.67164622312603],[138.76518857879663,34.67330498018375],[138.7668652467314,34.67496373724147]]],[[[138.82241263442214,34.60637664617314],[138.8243687470127,34.60637664617314],[138.8246481916685,34.60333559156732],[138.82241263442214,34.60637664617314]]]]}},{"type":"Feature","properties":{"level":"county","prefecture":"静岡県","district":"志太郡","label":"志太郡","name":"静岡県 志太郡","municipalityCount":28},"geometry":{"type":"MultiPolygon","coordinates":[[[[138.18875635270464,35.01543618967924],[138.26060467865008,34.99191199867889],[138.3484744981944,34.89851894979288],[138.29497637131283,34.76664776370438],[138.22536360261375,34.822467451964826],[138.15748960066185,34.827242661676436],[138.08033182625633,34.9310909065626],[138.0716379925205,34.99648614692896],[138.13587921394708,35.14142632801766],[138.15839003344163,35.1340875846714],[138.14410730658992,35.16975086141231],[138.17919313559523,35.1584662868833],[138.18223597740277,35.19629097433579],[138.21455840925637,35.203780513778206],[138.23970842827788,35.17719013548935],[138.18366425008796,35.13657572025797],[138.20968365248305,35.07075322428584],[138.18832166101785,35.02224714668896],[138.18875635270464,35.01543618967924]]]]}},{"type":"Feature","properties":{"level":"county","prefecture":"静岡県","district":"周智郡","label":"周智郡","name":"静岡県 周智郡","municipalityCount":14},"geometry":{"type":"MultiPolygon","coordinates":[[[[138.03527913786098,35.125919462796276],[138.05704477160677,35.104732611286344],[138.04735735687257,35.03901064604498],[138.0135756029276,35.02330271936205],[138.0358380271726,34.998873751784764],[138.01531436967477,34.92098756812014],[137.90673459619546,34.74847683411757],[137.8727975952195,34.83714493865735],[137.92120361948437,34.896608865908235],[137.90757293016284,34.92887923048564],[137.8724871011575,34.92689374855292],[137.86056412917694,34.97798849246715],[137.90111465367335,35.096036703074674],[137.84873430541495,35.10086217815167],[137.8034642711762,35.182493131537505],[138.013948195802,35.303255671875846],[138.00053485232385,35.26105789763483],[138.03636586707796,35.21094332834562],[137.9984234927023,35.15585248788326],[138.03071487514967,35.12692477010398],[138.03527913786098,35.125919462796276]]]]}},{"type":"Feature","properties":{"level":"county","prefecture":"静岡県","district":"駿東郡","label":"駿東郡","name":"静岡県 駿東郡","municipalityCount":27},"geometry":{"type":"MultiPolygon","coordinates":[[[[138.99318436851888,35.28488368082749],[138.97439947776823,35.24813969873079],[139.0015987575989,35.18980674220107],[138.90711541453413,35.15447019033516],[138.91158652902683,35.0368743680161],[138.75242727284868,35.13104653006558],[138.81182478690815,35.221147197518846],[138.7301958980099,35.36447888691522],[138.998183322917,35.40258003387733],[139.0188622274458,35.32959472333778],[138.99383640604907,35.285109874971724],[138.99318436851888,35.28488368082749]]]]}},{"type":"Feature","properties":{"level":"county","prefecture":"静岡県","district":"小笠郡","label":"小笠郡","name":"静岡県 小笠郡","municipalityCount":46},"geometry":{"type":"MultiPolygon","coordinates":[[[[138.07042706567873,34.84357890542668],[138.1336126072945,34.806809790647286],[138.14556662868128,34.69763341703027],[138.18322955840117,34.664433143193236],[138.16025299781361,34.612785480259774],[137.97001328602983,34.6652625217221],[137.93837394111264,34.7019813711361],[138.00963232834027,34.73724252495394],[137.93741140952045,34.792534426877836],[138.00584430078396,34.9383039864954],[138.0569826727944,34.90726512336994],[138.04717106043537,34.860417802830774],[138.07111015261512,34.84709748100366],[138.07042706567873,34.84357890542668]]]]}},{"type":"Feature","properties":{"level":"county","prefecture":"静岡県","district":"榛原郡","label":"榛原郡","name":"静岡県 榛原郡","municipalityCount":16},"geometry":{"type":"MultiPolygon","coordinates":[[[[138.1082141930234,34.86838486324436],[138.29497637131283,34.76664776370438],[138.22663662826793,34.72718945187687],[138.19552512325612,34.66468447002016],[138.22663662826793,34.59443862189411],[138.16025299781361,34.612785480259774],[138.18322955840117,34.664433143193236],[138.14556662868128,34.69763341703027],[138.1336126072945,34.806809790647286],[138.04804044380896,34.859186301378834],[138.0569826727944,34.90726512336994],[138.01205418202383,34.940490529889665],[138.0358380271726,34.998873751784764],[138.0135756029276,35.02330271936205],[138.04735735687257,35.03901064604498],[138.05704477160677,35.104732611286344],[137.99938602429447,35.14600047626773],[138.03636586707796,35.21094332834562],[138.00053485232385,35.26105789763483],[138.0612053920375,35.34713733585727],[138.14575292511847,35.25628268792322],[138.2026354372758,35.23984591344221],[138.18872530329847,35.165478305354554],[138.14410730658992,35.16975086141231],[138.15839003344163,35.1340875846714],[138.13587921394708,35.14142632801766],[138.0716379925205,34.99648614692896],[138.10386727615548,34.873562195879046],[138.1082141930234,34.86838486324436]]],[[[138.21983680831028,34.61972210068295],[138.21915372137389,34.61833980313486],[138.2133164330084,34.62082793872143],[138.21108087576204,34.619445641173336],[138.21024254179466,34.62165731725029],[138.2174770534391,34.6261058020869],[138.22107878455824,34.62221023626953],[138.21983680831028,34.61972210068295]]]]}},{"type":"Feature","properties":{"level":"county","prefecture":"静岡県","district":"田方郡","label":"田方郡","name":"静岡県 田方郡","municipalityCount":29},"geometry":{"type":"MultiPolygon","coordinates":[[[[139.0138322236415,35.18236746812404],[139.03041260655198,35.14974524598894],[139.111544704951,35.14132579728689],[139.06851022795863,35.05687998343947],[139.10018062228204,35.044941959160454],[139.09406388926075,34.9774607061306],[139.14684787979974,34.95358465757255],[139.13181996719922,34.879418110946446],[139.07354023176293,34.8517470273018],[139.03457322698267,34.88351473822535],[138.92205017891604,34.826488681195656],[138.82880881209923,34.88291155384073],[138.75851295646376,34.86132257940771],[138.78962446147557,34.909702993591125],[138.76214573698908,34.97215771008244],[138.78353877786049,35.02548926275632],[138.89407466393038,35.01799972331389],[138.92409943972518,35.07381941157435],[138.90711541453413,35.15447019033516],[139.00901956568057,35.183448173479825],[139.0138322236415,35.18236746812404]]],[[[139.1696070945439,35.04247895625657],[139.17212209644606,35.04275541576619],[139.17628271687676,35.03941276896806],[139.17184265179026,35.03632144899686],[139.16740258670373,35.03637171436225],[139.16712314204796,35.04024214749692],[139.1640492508342,35.04303187527581],[139.1696070945439,35.04247895625657]]],[[[138.8863123123805,35.035768529977624],[138.89047293281124,35.03328039439105],[138.89047293281124,35.03076712612178],[138.88687120169212,35.03134517782371],[138.88575342306893,35.03272747537181],[138.8863123123805,35.035768529977624]]]]}},{"type":"Feature","properties":{"level":"county","prefecture":"静岡県","district":"磐田郡","label":"磐田郡","name":"静岡県 磐田郡","municipalityCount":43},"geometry":{"type":"MultiPolygon","coordinates":[[[[137.8985996517712,35.099580411334344],[137.86193030304972,34.964944630149645],[137.92120361948437,34.896608865908235],[137.8725491999699,34.82236692123405],[137.90673459619546,34.74847683411757],[137.93747350833286,34.79029761811819],[138.00963232834027,34.73724252495394],[137.94806135584685,34.72857174942496],[137.97001328602983,34.6652625217221],[137.7989621072773,34.645231773616025],[137.82432947214224,34.85501427605185],[137.78054980940107,34.84938455512869],[137.7161533409435,34.90854689018727],[137.70137382359258,35.00387515564061],[137.81585298424977,35.152786300594755],[137.84873430541495,35.10086217815167],[137.88652143275965,35.09922855377665],[137.8985996517712,35.099580411334344]]]]}},{"type":"Feature","properties":{"level":"county","prefecture":"静岡県","district":"浜名郡","label":"浜名郡","name":"静岡県 浜名郡","municipalityCount":41},"geometry":{"type":"MultiPolygon","coordinates":[[[[137.82265280420745,34.77494154899296],[137.7989621072773,34.645231773616025],[137.59891078313453,34.67637116747226],[137.65085643970613,34.76049025644467],[137.58363447528444,34.710501350568926],[137.6172609821984,34.77577092752182],[137.794708338628,34.810127304762716],[137.77418468113018,34.853179590215284],[137.82432947214224,34.85501427605185],[137.8266581776072,34.78215462892576],[137.82265280420745,34.77494154899296]],[[137.721680135247,34.73108501769423],[137.7218664316842,34.69672864045333],[137.74316632433698,34.707435163280415],[137.72248741980817,34.727868034309566],[137.721680135247,34.73108501769423]]],[[[137.52991900255947,34.74815010924256],[137.59670627529437,34.67775346502036],[137.4849594623827,34.67393329725107],[137.47909112461102,34.77916383968533],[137.54749296646833,34.76988987977173],[137.52920486621687,34.7507890409253],[137.52991900255947,34.74815010924256]]],[[[137.60760461687036,34.7177898285498],[137.60279195890945,34.72216291533833],[137.60530696081162,34.72382167239604],[137.61058535986552,34.71942345292483],[137.60760461687036,34.7177898285498]]],[[[137.60493436793723,34.712788424693954],[137.59891078313453,34.71190878079972],[137.59863133847875,34.71995123926137],[137.60251251425368,34.72216291533833],[137.60754251805798,34.717463103674795],[137.60493436793723,34.712788424693954]]],[[[137.59307349476904,34.71995123926137],[137.59779300451135,34.719674779751756],[137.59807244916715,34.7116323212901],[137.5905895422731,34.71133072909778],[137.59307349476904,34.71995123926137]]],[[[137.616422648231,34.71314028225166],[137.61918604538275,34.71303975152088],[137.6175404268542,34.70552507939577],[137.61390764632884,34.70607799841501],[137.616422648231,34.71314028225166]]],[[[137.56751983346695,34.701327921386095],[137.5750337897672,34.70077500236685],[137.5755926790788,34.695522271684084],[137.56587421493836,34.695798731193705],[137.56751983346695,34.701327921386095]]],[[[137.59850714085394,34.69212935952057],[137.59751355985557,34.69079732733786],[137.58947176364993,34.69303413609751],[137.58947176364993,34.69441643364561],[137.59447071804803,34.69441643364561],[137.5955884966712,34.697206161424496],[137.6003080064135,34.69496935266484],[137.59850714085394,34.69212935952057]]],[[[137.6058658501232,34.70052367553993],[137.61058535986552,34.698864918482215],[137.60807035796336,34.695798731193705],[137.60418918218843,34.697206161424496],[137.6058658501232,34.70052367553993]]],[[[137.59698571995017,34.69914137799183],[137.6014257850367,34.69690456923218],[137.60058745106932,34.695798731193705],[137.5961473859828,34.69748262093411],[137.59698571995017,34.69914137799183]]],[[[137.61170313848868,34.69690456923218],[137.61474598029622,34.695798731193705],[137.61334875701726,34.69248121707827],[137.61058535986552,34.69303413609751],[137.61170313848868,34.69690456923218]]],[[[137.60229516841028,34.695044750712924],[137.60307140356525,34.69635165021295],[137.60754251805798,34.694139974135986],[137.6064247394348,34.69303413609751],[137.60229516841028,34.695044750712924]]],[[[137.60198467434827,34.69469289315523],[137.6064247394348,34.692204757568646],[137.60530696081162,34.69024440831862],[137.6003080064135,34.69192829805903],[137.60198467434827,34.69469289315523]]],[[[137.6000285617577,34.6913502463571],[137.6064247394348,34.68886211077052],[137.6058658501232,34.687479813222424],[137.60251251425368,34.68830919175129],[137.6000285617577,34.6913502463571]]]]}},{"type":"Feature","properties":{"level":"county","prefecture":"静岡県","district":"富士郡","label":"富士郡","name":"静岡県 富士郡","municipalityCount":22},"geometry":{"type":"MultiPolygon","coordinates":[[[[138.73168626950746,35.36013093280938],[138.81166953987713,35.21923711363421],[138.75242727284868,35.13104653006558],[138.68489481436498,35.14491977091194],[138.63931428606423,35.115037011190346],[138.6154062432907,35.179326413518226],[138.56389527840588,35.19141523389341],[138.51480616720463,35.261862143481],[138.5324732793321,35.40999417527167],[138.58187288459533,35.445732850060665],[138.60913426323842,35.393180410550265],[138.7301958980099,35.36447888691522],[138.73168626950746,35.36013093280938]]]]}},{"type":"Feature","properties":{"level":"county","prefecture":"石川県","district":"羽咋郡","label":"羽咋郡","name":"石川県 羽咋郡","municipalityCount":40},"geometry":{"type":"MultiPolygon","coordinates":[[[[136.84937811748088,37.19697818008679],[136.8212473554642,37.12424419637417],[136.77638096350606,37.11979571153756],[136.86226362105361,37.04321642737296],[136.852824601569,36.9661596222372],[136.79342708750954,36.9142857651595],[136.88567487332799,36.913783111505644],[136.88561277451558,36.88518211860137],[136.8487260799507,36.758764724657176],[136.79389282860254,36.72702214641632],[136.7216408603765,36.7823894463883],[136.7697674399856,36.99662043366072],[136.7228207378121,37.053520827276955],[136.72533573971424,37.13769018161476],[136.6695089073677,37.14741652981682],[136.6959630014496,37.219547329144824],[136.7435927905595,37.19049394795208],[136.81516167184913,37.22731332809686],[136.8473599060779,37.19838561031759],[136.84937811748088,37.19697818008679]]]]}},{"type":"Feature","properties":{"level":"county","prefecture":"石川県","district":"河北郡","label":"河北郡","name":"石川県 河北郡","municipalityCount":18},"geometry":{"type":"MultiPolygon","coordinates":[[[[136.79389282860254,36.72702214641632],[136.82382445617876,36.66987042597316],[136.78333603049472,36.61533250453004],[136.8171177844397,36.552802389990646],[136.7689912048306,36.42937578528688],[136.77777818678504,36.47813318971068],[136.69288911023585,36.520607423461314],[136.65190389405265,36.636293161895736],[136.61970565982386,36.63790165358807],[136.72434215871587,36.78985385314803],[136.78793134261224,36.729258955175965],[136.79389282860254,36.72702214641632]]]]}},{"type":"Feature","properties":{"level":"county","prefecture":"石川県","district":"江沼郡","label":"江沼郡","name":"石川県 江沼郡","municipalityCount":25},"geometry":{"type":"MultiPolygon","coordinates":[[[[136.41819501358972,36.354932779151156],[136.43834607821313,36.30883943909277],[136.4709790041287,36.313941373679384],[136.4979298887098,36.18513637487939],[136.4614157870193,36.13655489923443],[136.34380063633594,36.17337427937921],[136.33153612088716,36.2300987442166],[136.24391469659244,36.29536832116949],[136.372148744196,36.383659435468886],[136.414500134252,36.3571947205935],[136.41819501358972,36.354932779151156]]]]}},{"type":"Feature","properties":{"level":"county","prefecture":"石川県","district":"鹿島郡","label":"鹿島郡","name":"石川県 鹿島郡","municipalityCount":32},"geometry":{"type":"MultiPolygon","coordinates":[[[[136.86170473174204,37.10685237995084],[136.8589413345903,37.07131476662338],[136.9158548961538,37.091018789854445],[136.9733273470289,37.04711199319033],[137.0566950026743,37.107983350672],[137.0516960482762,36.95912247108325],[136.79429647088313,36.9132553251691],[136.852824601569,36.9661596222372],[136.86226362105361,37.04321642737296],[136.77638096350606,37.11979571153756],[136.8212473554642,37.12424419637417],[136.84937811748088,37.19697818008679],[136.9005785883037,37.136584343576274],[136.864188684238,37.10964210772972],[136.86170473174204,37.10685237995084]]],[[[136.89253679209804,37.10381132534502],[136.89225734744224,37.10157451658537],[136.8897423455401,37.10408778485464],[136.8894629008843,37.108812729200864],[136.89253679209804,37.10853626969124],[136.89253679209804,37.10381132534502]]],[[[136.96419882160626,37.146034232268725],[137.05393160552256,37.1485223678553],[137.04169813948,37.117408106681765],[136.9466869565098,37.091018789854445],[136.90141692227107,37.152141474163045],[136.96140437504832,37.14241512596098],[136.96419882160626,37.146034232268725]]]]}},{"type":"Feature","properties":{"level":"county","prefecture":"石川県","district":"珠洲郡","label":"珠洲郡","name":"石川県 珠洲郡","municipalityCount":11},"geometry":{"type":"MultiPolygon","coordinates":[[[[137.2871126460801,37.44192130560968],[137.24833193773705,37.41960348337858],[137.2674894213621,37.33631377293503],[137.22110160850016,37.29353794699208],[137.14276395665905,37.33631377293503],[137.13195876330167,37.40387042401296],[137.17095681748813,37.42440382577288],[137.08581934568934,37.46599841562927],[137.3280357634509,37.52877985699559],[137.3605134423355,37.4504412850425],[137.29608592447173,37.44267528609046],[137.2871126460801,37.44192130560968]]]]}},{"type":"Feature","properties":{"level":"county","prefecture":"石川県","district":"石川郡","label":"石川郡","name":"石川県 石川郡","municipalityCount":44},"geometry":{"type":"MultiPolygon","coordinates":[[[[136.64674969262356,36.57828693024102],[136.63967042801008,36.55317938023103],[136.67779909882296,36.56353404550042],[136.69288911023585,36.520607423461314],[136.77777818678504,36.47813318971068],[136.79234035829256,36.29896229479455],[136.85176892175824,36.247892683563016],[136.80705777683107,36.19192219920641],[136.74452427274548,36.25530682495736],[136.6384284517621,36.29835911040992],[136.61523454533113,36.45395554896032],[136.48020067776994,36.474765410229864],[136.6131542351158,36.63885669553039],[136.65190389405265,36.636293161895736],[136.64758802659094,36.578161266827564],[136.64674969262356,36.57828693024102]]]]}},{"type":"Feature","properties":{"level":"county","prefecture":"石川県","district":"能美郡","label":"能美郡","name":"石川県 能美郡","municipalityCount":25},"geometry":{"type":"MultiPolygon","coordinates":[[[[136.5449697391019,36.48147583650881],[136.63193912586644,36.43756903984469],[136.6070375020945,36.379160685266896],[136.6384284517621,36.29835911040992],[136.80426333027313,36.20169881277387],[136.7542737862921,36.08628953384907],[136.66165340759926,36.06806833889687],[136.560090799921,36.15301680639814],[136.49687420889902,36.149699292282705],[136.4709790041287,36.313941373679384],[136.4449906511398,36.30378776987154],[136.44098527774008,36.35211791868957],[136.38025263921404,36.367247793670565],[136.47939339320874,36.4897444891147],[136.5442556027593,36.48177742870112],[136.5449697391019,36.48147583650881]]]]}},{"type":"Feature","properties":{"level":"county","prefecture":"石川県","district":"鳳至郡","label":"鳳至郡","name":"石川県 鳳至郡","municipalityCount":25},"geometry":{"type":"MultiPolygon","coordinates":[[[[136.9222200244247,37.85095571643309],[136.91805940399396,37.848718907673444],[136.91945662727292,37.84761306963496],[136.91526495743602,37.84650723159648],[136.91361933890744,37.843993963327215],[136.91194267097268,37.84844244816382],[136.91417822821904,37.85178509496195],[136.91694162537078,37.85372031152929],[136.92361724770365,37.85510260907738],[136.9222200244247,37.85095571643309]]],[[[136.99369575749571,37.42385090675364],[137.08581934568934,37.46599841562927],[137.17095681748813,37.42440382577288],[137.13167931864587,37.40253839183025],[137.17465169682586,37.31331736827122],[137.09777336707612,37.27798081640531],[137.0569744473301,37.207961162423494],[137.00530823541428,37.18380865435583],[136.94584862254243,37.21602875356785],[136.96168381970412,37.23631082850084],[136.92364829710985,37.23324464121234],[136.8889971597913,37.168930106201756],[136.821682047151,37.198310212269504],[136.8214336519014,37.225729969087226],[136.7435927905595,37.19049394795208],[136.6959630014496,37.219547329144824],[136.75669563997565,37.36461317364699],[136.98195908195234,37.41960348337858],[136.99369575749571,37.42385090675364]]],[[[136.95572233371382,37.64260577691075],[136.95718165580521,37.645697096881946],[136.96025554701896,37.64486771835309],[136.96053499167473,37.64207799057421],[136.95572233371382,37.64260577691075]]],[[[136.93526077502844,37.619584239564254],[136.93274577312627,37.62292688636238],[136.9355402196842,37.62207237515083],[136.93526077502844,37.619584239564254]]],[[[136.91330884484546,37.61986069907387],[136.91163217691067,37.62179591564121],[136.91414717881284,37.621519456131594],[136.91330884484546,37.61986069907387]]]]}},{"type":"Feature","properties":{"level":"county","prefecture":"千葉県","district":"安房郡","label":"安房郡","name":"千葉県 安房郡","municipalityCount":43},"geometry":{"type":"MultiPolygon","coordinates":[[[[140.18790342025963,35.17017811701809],[140.21181146303317,35.114383561440334],[140.12866115323115,35.11885717895963],[140.08370161305442,35.06218297948763],[139.99980611750362,35.028857042237135],[139.9281440879954,34.9094516667642],[139.83732457486212,34.904173803398734],[139.75290123940596,34.96554781453427],[139.85704094779874,34.99387234792892],[139.81037369028104,35.03720109289111],[139.84201303519825,35.082741513930245],[139.81645937389612,35.154696384479394],[139.93159057208354,35.13929004998878],[140.10348008480344,35.18166375300865],[140.18219032951893,35.169625197998855],[140.18790342025963,35.17017811701809]]],[[[139.81509320002334,35.1083014522287],[139.81313708743278,35.10857791173832],[139.81425486605596,35.11136763951721],[139.81593153399075,35.11109118000759],[139.81509320002334,35.1083014522287]]]]}},{"type":"Feature","properties":{"level":"county","prefecture":"千葉県","district":"夷隅郡","label":"夷隅郡","name":"千葉県 夷隅郡","municipalityCount":23},"geometry":{"type":"MultiPolygon","coordinates":[[[[140.30520807688097,35.33726019155905],[140.37444825270566,35.34273911638605],[140.36053811872833,35.32456818679924],[140.4028584593781,35.3085838006067],[140.39419567504848,35.20247361427819],[140.32560753675398,35.13913925389262],[140.21181146303317,35.114383561440334],[140.2052289889189,35.16585529559495],[140.16154247439633,35.17429987697969],[140.13934214896375,35.22788275648049],[140.2733513861204,35.36025659622285],[140.30480443460038,35.337938773991745],[140.30520807688097,35.33726019155905]]]]}},{"type":"Feature","properties":{"level":"county","prefecture":"千葉県","district":"印旛郡","label":"印旛郡","name":"千葉県 印旛郡","municipalityCount":31},"geometry":{"type":"MultiPolygon","coordinates":[[[[140.31747259232975,35.86439307835537],[140.40170963134875,35.837827832749205],[140.4032621016587,35.74335407850741],[140.3658475671884,35.72591199671869],[140.40524926365546,35.6887910243816],[140.3200807424505,35.65805375344844],[140.30884085740632,35.612915455332384],[140.33709581704778,35.5853951677839],[140.2830698502608,35.57393466447604],[140.26630317091312,35.62641170593836],[140.1577854962462,35.646341923313656],[140.1116460786339,35.71736688460318],[140.11897373849695,35.77866549769063],[140.0694499356089,35.79907323603709],[140.01517557357232,35.76795897486355],[140.05727856837873,35.835364829845325],[140.31303252724322,35.86434281298999],[140.31747259232975,35.86439307835537]]]]}},{"type":"Feature","properties":{"level":"county","prefecture":"千葉県","district":"海上郡","label":"海上郡","name":"千葉県 海上郡","municipalityCount":17},"geometry":{"type":"MultiPolygon","coordinates":[[[[140.7893925171545,35.757654574959545],[140.8641284378765,35.74214770973816],[140.86440788253228,35.69381756092014],[140.82056612097873,35.713521584151195],[140.61206935834971,35.6753701718237],[140.63796456312002,35.70990247784345],[140.59856286665297,35.72199129821863],[140.65851927002402,35.72963163375721],[140.63579110468606,35.75270343646909],[140.68776781066387,35.78278725765223],[140.78818159031275,35.75843368812302],[140.7893925171545,35.757654574959545]]]]}},{"type":"Feature","properties":{"level":"county","prefecture":"千葉県","district":"君津郡","label":"君津郡","name":"千葉県 君津郡","municipalityCount":42},"geometry":{"type":"MultiPolygon","coordinates":[[[[140.09214705154065,35.38810360864634],[140.12962368482334,35.347112203174575],[140.10155502161908,35.317304841501056],[140.16660352760684,35.16954979995077],[140.10348008480344,35.18166375300865],[139.93159057208354,35.13929004998878],[139.8177013501441,35.154872313258245],[139.8692433644351,35.23828768711526],[139.84785032356373,35.2896588905391],[139.77926218526923,35.31549528834718],[139.8398085273581,35.33439506573208],[139.84592526037937,35.375210542424995],[139.89731202763937,35.35854757379975],[139.90398764997227,35.4304773116662],[140.00620229518069,35.479083919993855],[140.0326253398564,35.42371662002187],[140.08096926530888,35.432211466772],[140.09251964441506,35.395819342233],[140.09214705154065,35.38810360864634]]],[[[139.76814649784984,35.3157717478568],[139.77146878431319,35.3157717478568],[139.77035100569,35.31411299079908],[139.76730816388246,35.3143894503087],[139.76814649784984,35.3157717478568]]],[[[139.7392395006782,35.31159972252981],[139.7442384550763,35.312730693250984],[139.74287228120355,35.31077034400096],[139.7392395006782,35.31159972252981]]]]}},{"type":"Feature","properties":{"level":"county","prefecture":"千葉県","district":"香取郡","label":"香取郡","name":"千葉県 香取郡","municipalityCount":41},"geometry":{"type":"MultiPolygon","coordinates":[[[[140.62070109327314,35.87540119337477],[140.7065527014145,35.83626960642226],[140.73496290808697,35.77549877967135],[140.51916953500108,35.73350206689188],[140.47743913306908,35.681402015669946],[140.39068709214794,35.79470014924856],[140.40170963134875,35.837827832749205],[140.31741049351734,35.8577831828072],[140.45843689647506,35.92654620265438],[140.502651250903,35.90591227016368],[140.51122088701405,35.9587411691837],[140.62014220396156,35.87575305093246],[140.62070109327314,35.87540119337477]]]]}},{"type":"Feature","properties":{"level":"county","prefecture":"千葉県","district":"山武郡","label":"山武郡","name":"千葉県 山武郡","municipalityCount":32},"geometry":{"type":"MultiPolygon","coordinates":[[[[140.46722387842948,35.691756680939335],[140.53655720247275,35.61113103486121],[140.41561976532608,35.47166977859951],[140.22864024119326,35.507936239725055],[140.22367233620133,35.54297119939865],[140.33864828735773,35.586325077043526],[140.30884085740632,35.612915455332384],[140.3200807424505,35.65805375344844],[140.40524926365546,35.6887910243816],[140.3658475671884,35.72591199671869],[140.3932641928625,35.72772154987256],[140.39652438051343,35.772507990430924],[140.4250587848107,35.76991932411357],[140.460455107878,35.69140482338164],[140.46722387842948,35.691756680939335]]]]}},{"type":"Feature","properties":{"level":"county","prefecture":"千葉県","district":"市原郡","label":"市原郡","name":"千葉県 市原郡","municipalityCount":21},"geometry":{"type":"MultiPolygon","coordinates":[[[[140.1423539413651,35.54797260325449],[140.22367233620133,35.54297119939865],[140.2563363115231,35.494314325705616],[140.17405538509468,35.469005714234086],[140.23103104547062,35.304110183087396],[140.1990812064914,35.308081146952844],[140.1412361627419,35.23120027059592],[140.10155502161908,35.317304841501056],[140.12962368482334,35.347112203174575],[140.08770698645415,35.42746138974309],[140.0326253398564,35.42371662002187],[140.0117601388904,35.48491470237855],[140.07199598691724,35.54990781982183],[140.13797597509097,35.55108905590839],[140.1423539413651,35.54797260325449]]]]}},{"type":"Feature","properties":{"level":"county","prefecture":"千葉県","district":"千葉郡","label":"千葉郡","name":"千葉県 千葉郡","municipalityCount":18},"geometry":{"type":"MultiPolygon","coordinates":[[[[140.09689761068915,35.782912921065694],[140.1577854962462,35.646341923313656],[140.26630317091312,35.62641170593836],[140.2887208421891,35.57003909865867],[140.25925495570587,35.544931548648684],[140.11530990856542,35.550611534937225],[140.09087402588648,35.56435911237013],[140.1267360900468,35.56936051622597],[140.08143500640188,35.588260293610865],[140.11366429003684,35.57215024400486],[140.11754546581176,35.59685567109176],[139.98729320680525,35.65433411640993],[140.04411362015017,35.75194945598831],[140.0210128619378,35.765495971959666],[140.0895389014199,35.78399362642148],[140.09689761068915,35.782912921065694]]]]}},{"type":"Feature","properties":{"level":"county","prefecture":"千葉県","district":"匝瑳郡","label":"匝瑳郡","name":"千葉県 匝瑳郡","municipalityCount":14},"geometry":{"type":"MultiPolygon","coordinates":[[[[140.61076528328934,35.68838890145852],[140.62501696073485,35.67258044404482],[140.53655720247275,35.61113103486121],[140.47743913306908,35.681402015669946],[140.51916953500108,35.73350206689188],[140.62917758116558,35.760444302738435],[140.65851927002402,35.72963163375721],[140.59856286665297,35.72199129821863],[140.63796456312002,35.70990247784345],[140.61455331084568,35.69665755406441],[140.61076528328934,35.68838890145852]]],[[[140.6347664742815,35.67793370545836],[140.63181678069253,35.68280944590074],[140.64364660445452,35.68861509560275],[140.64569586526366,35.683387497602666],[140.6347664742815,35.67793370545836]]],[[[140.6288981365098,35.674691589391],[140.62545165242165,35.68004485080454],[140.6287428894788,35.6815779444488],[140.63197202772352,35.6764006118141],[140.6288981365098,35.674691589391]]]]}},{"type":"Feature","properties":{"level":"county","prefecture":"千葉県","district":"長生郡","label":"長生郡","name":"千葉県 長生郡","municipalityCount":26},"geometry":{"type":"MultiPolygon","coordinates":[[[[140.3788883177922,35.4875033686959],[140.41561976532608,35.47166977859951],[140.39140122849054,35.38038787505969],[140.4089751923994,35.29594206121227],[140.36053811872833,35.32456818679924],[140.37444825270566,35.34273911638605],[140.30613955906696,35.33693346668404],[140.29452708114837,35.36221694547288],[140.2252558559175,35.31672678979912],[140.17405538509468,35.469005714234086],[140.262856686825,35.50210545734035],[140.37475874676764,35.49154973060942],[140.3788883177922,35.4875033686959]]]]}},{"type":"Feature","properties":{"level":"county","prefecture":"千葉県","district":"東葛飾郡","label":"東葛飾郡","name":"千葉県 東葛飾郡","municipalityCount":41},"geometry":{"type":"MultiPolygon","coordinates":[[[[139.91361296589406,35.97118184711658],[140.1464524629834,35.84571949511471],[140.04967146385988,35.832198111826045],[140.0049292695265,35.668810541640916],[139.95453608326488,35.689067483891215],[139.89759147229518,35.61655969432283],[139.87231725564885,35.63294620343846],[139.91889136494797,35.698617903314435],[139.87945861907474,35.768486761200094],[139.90016857300972,35.86482033396115],[139.77901379001963,36.099358528849265],[139.9128988295515,35.97143317394351],[139.91361296589406,35.97118184711658]]],[[[139.97145800964356,35.67072062552556],[139.97117856498778,35.6698912469967],[139.959535037663,35.67155000405442],[139.9584172590398,35.672932301602515],[139.96065281628617,35.675722029381404],[139.9600939269746,35.678511757160294],[139.96276417590772,35.680446973727626],[139.96698689515085,35.67878821666991],[139.97089912033198,35.680446973727626],[139.97754369325864,35.67934113568915],[139.97810258257024,35.675722029381404],[139.97089912033198,35.6771043269295],[139.97145800964356,35.67433973183331],[139.97838202722602,35.67323389379483],[139.97894091653762,35.6698912469967],[139.97145800964356,35.67072062552556]]]]}},{"type":"Feature","properties":{"level":"county","prefecture":"大阪府","district":"三島郡","label":"三島郡","name":"大阪府 三島郡","municipalityCount":32},"geometry":{"type":"MultiPolygon","coordinates":[[[[135.62811182343964,34.93372983824533],[135.6826966795382,34.88783755964849],[135.64056263532558,34.816561271532045],[135.57337172031006,34.75770052866578],[135.4879237544493,34.74980886630028],[135.5142536509064,34.7693118280698],[135.483204244707,34.898343021014036],[135.62376490657172,34.934911074331886],[135.62811182343964,34.93372983824533]]]]}},{"type":"Feature","properties":{"level":"county","prefecture":"大阪府","district":"西成郡","label":"西成郡","name":"大阪府 西成郡","municipalityCount":20},"geometry":{"type":"MultiPolygon","coordinates":[[[[135.52779119200935,34.733447489867345],[135.46004138768225,34.68647450591472],[135.40719529833086,34.6968543038668],[135.54878059060013,34.768457316858246],[135.53244860293927,34.732743774751945],[135.52779119200935,34.733447489867345]]],[[[135.5083542637285,34.647594245789136],[135.48379418342478,34.6144191046348],[135.49997092405468,34.649629993087245],[135.5083542637285,34.647594245789136]]]]}},{"type":"Feature","properties":{"level":"county","prefecture":"大阪府","district":"泉南郡","label":"泉南郡","name":"大阪府 泉南郡","municipalityCount":40},"geometry":{"type":"MultiPolygon","coordinates":[[[[135.4153923415675,34.473248825949995],[135.4515338503836,34.423662042997336],[135.4258559914567,34.40823057582403],[135.42666327601788,34.340849853524944],[135.33842086359917,34.33527039796717],[135.29290243411083,34.299255263668556],[135.20804440696787,34.30820249870715],[135.18454000647492,34.27889779068748],[135.09868839833354,34.28902626181264],[135.10222803064028,34.31966300201501],[135.2682802549947,34.37902639853513],[135.37580434866325,34.47297236644038],[135.37080539426515,34.50046752130618],[135.4150818475055,34.47355041814231],[135.4153923415675,34.473248825949995]]]]}},{"type":"Feature","properties":{"level":"county","prefecture":"大阪府","district":"泉北郡","label":"泉北郡","name":"大阪府 泉北郡","municipalityCount":38},"geometry":{"type":"MultiPolygon","coordinates":[[[[135.48040979814905,34.597454543817236],[135.42330994014833,34.60491895057696],[135.46882836963667,34.60202869206731],[135.48040979814905,34.597454543817236]]],[[[135.43768581521866,34.54108193653755],[135.40219634393276,34.599917546721116],[135.4521858879138,34.564631260220594],[135.52198495305007,34.594338091163344],[135.49441308034497,34.572196197711094],[135.5453962053244,34.46231610897868],[135.5197183463975,34.38835062381412],[135.46553713257953,34.34730895297697],[135.4353571097537,34.348640985159676],[135.44231217674238,34.45970230997864],[135.37080539426515,34.50046752130618],[135.430265007137,34.52937010640276],[135.43768581521866,34.54108193653755]]]]}},{"type":"Feature","properties":{"level":"county","prefecture":"大阪府","district":"中河内郡","label":"中河内郡","name":"大阪府 中河内郡","municipalityCount":40},"geometry":{"type":"MultiPolygon","coordinates":[[[[135.67313346242878,34.70007128725146],[135.6506847417466,34.60949309882703],[135.68086476457242,34.58260112834586],[135.63342127189972,34.57023584846106],[135.59948427092377,34.61117698856744],[135.5671928884764,34.56000684660514],[135.52241964473686,34.57689600937462],[135.52397211504683,34.6092669046828],[135.5666339991648,34.60881451639433],[135.54288120342227,34.65636555204888],[135.5655472699478,34.687655742001276],[135.67015271943362,34.70077500236685],[135.67313346242878,34.70007128725146]]]]}},{"type":"Feature","properties":{"level":"county","prefecture":"大阪府","district":"東成郡","label":"東成郡","name":"大阪府 東成郡","municipalityCount":24},"geometry":{"type":"MultiPolygon","coordinates":[[[[135.5821897516707,34.69667837508795],[135.54288120342227,34.65636555204888],[135.5666339991648,34.60881451639433],[135.50121290030265,34.586471561480536],[135.42330994014833,34.610749732961665],[135.4934505487528,34.61434370658672],[135.5245310043584,34.64844875700069],[135.52130186611367,34.73219085573271],[135.5564497939314,34.74608922926176],[135.55275491459366,34.69602492533794],[135.58200345523352,34.696829171184106],[135.5821897516707,34.69667837508795]]]]}},{"type":"Feature","properties":{"level":"county","prefecture":"大阪府","district":"南河内郡","label":"南河内郡","name":"大阪府 南河内郡","municipalityCount":47},"geometry":{"type":"MultiPolygon","coordinates":[[[[135.63342127189972,34.57023584846106],[135.6715499427126,34.579811400566975],[135.650281099466,34.54412299114337],[135.68480803915975,34.483603491219384],[135.6755553161123,34.39945926956428],[135.5036658033924,34.33645163405373],[135.48537770314095,34.36284095088104],[135.5453962053244,34.46231610897868],[135.49441308034497,34.572196197711094],[135.5671928884764,34.56000684660514],[135.59948427092377,34.61117698856744],[135.63059577593557,34.57232186112455],[135.63342127189972,34.57023584846106]]]]}},{"type":"Feature","properties":{"level":"county","prefecture":"大阪府","district":"豊能郡","label":"豊能郡","name":"大阪府 豊能郡","municipalityCount":23},"geometry":{"type":"MultiPolygon","coordinates":[[[[135.48190016964662,34.96512055892849],[135.47742905515392,34.93923389575503],[135.5254935359506,34.923551101754796],[135.4777084998097,34.88994870499468],[135.5142536509064,34.7693118280698],[135.46696540526472,34.730708027453844],[135.41598228028528,34.817692242253216],[135.44513767270652,34.89545276250438],[135.41908722090523,34.90975325895651],[135.4671517017019,34.92877869975487],[135.34649370921102,34.96449224186117],[135.35469075244765,35.0227749330255],[135.33056536383071,35.03493915144877],[135.37599064510044,35.044137713314285],[135.38157953821633,35.010309122409936],[135.48190016964662,34.99515411474625],[135.48516035729756,34.96625152964966],[135.48190016964662,34.96512055892849]]]]}},{"type":"Feature","properties":{"level":"county","prefecture":"大阪府","district":"北河内郡","label":"北河内郡","name":"大阪府 北河内郡","municipalityCount":32},"geometry":{"type":"MultiPolygon","coordinates":[[[[135.70381027575377,34.85137003706141],[135.74603746818497,34.803643072628006],[135.70983386055647,34.780470739185354],[135.70402762159716,34.7236206109345],[135.55275491459366,34.69602492533794],[135.5569465844306,34.75096496970414],[135.67993328238643,34.88135332751378],[135.7034687322856,34.85147056779218],[135.70381027575377,34.85137003706141]]]]}},{"type":"Feature","properties":{"level":"county","prefecture":"大分県","district":"宇佐郡","label":"宇佐郡","name":"大分県 宇佐郡","municipalityCount":27},"geometry":{"type":"MultiPolygon","coordinates":[[[[131.3412755565186,33.57080958850384],[131.4259162378182,33.573297724090416],[131.44848915612516,33.52730491476281],[131.40604461785057,33.49025934047379],[131.43311970005644,33.43511823464605],[131.3989964026433,33.325388942009795],[131.35273278740618,33.30937942313456],[131.2157738566606,33.36145434167379],[131.22508867852042,33.40923157147259],[131.25533080015865,33.4129763411938],[131.2578458020608,33.550452115522766],[131.278897299464,33.58076213085015],[131.33897790045984,33.573297724090416],[131.3412755565186,33.57080958850384]]]]}},{"type":"Feature","properties":{"level":"county","prefecture":"大分県","district":"下毛郡","label":"下毛郡","name":"大分県 下毛郡","municipalityCount":26},"geometry":{"type":"MultiPolygon","coordinates":[[[[131.1782972233779,33.596520322898456],[131.24508449611284,33.611047013494826],[131.278897299464,33.58076213085015],[131.2524742547883,33.534995515666765],[131.27302896169232,33.498904983320074],[131.24070652983872,33.476612293771666],[131.25533080015865,33.4129763411938],[131.22508867852042,33.40923157147259],[131.19816884334554,33.348385346673595],[131.09893494113223,33.388446842885735],[131.02519260140866,33.35846355243336],[130.9287531457533,33.452208458877074],[130.97675552773757,33.50709823787789],[131.17748993881673,33.50732443202212],[131.17708629653615,33.59413271804265],[131.1782972233779,33.596520322898456]]]]}},{"type":"Feature","properties":{"level":"county","prefecture":"大分県","district":"玖珠郡","label":"玖珠郡","name":"大分県 玖珠郡","municipalityCount":8},"geometry":{"type":"MultiPolygon","coordinates":[[[[131.30367472561113,33.33687457800035],[131.33338900734395,33.292615923778534],[131.26948932938558,33.231392708739165],[131.3251298652949,33.1728586907479],[131.1848796974922,33.07456476873682],[131.16122004996825,33.140764254949346],[131.08198196534735,33.18879281157506],[131.090644749677,33.237600481364254],[131.0335759410825,33.26896606936472],[131.0742196137975,33.32357938885592],[131.06034052922638,33.372462456693185],[131.09893494113223,33.388446842885735],[131.29858262299442,33.335416882404175],[131.30367472561113,33.33687457800035]]]]}},{"type":"Feature","properties":{"level":"county","prefecture":"大分県","district":"西国東郡","label":"西国東郡","name":"大分県 西国東郡","municipalityCount":16},"geometry":{"type":"MultiPolygon","coordinates":[[[[131.57318357142196,33.60114473651391],[131.60665483130492,33.48460448686794],[131.58032493484782,33.464975861684955],[131.42330808769745,33.54376682192651],[131.42368068057183,33.59164458245608],[131.52310087922234,33.68438418159207],[131.572252089236,33.603959596975486],[131.57318357142196,33.60114473651391]]]]}},{"type":"Feature","properties":{"level":"county","prefecture":"大分県","district":"速見郡","label":"速見郡","name":"大分県 速見郡","municipalityCount":21},"geometry":{"type":"MultiPolygon","coordinates":[[[[131.5354895922959,33.47711494742552],[131.6284204650507,33.46595603630997],[131.60836254864589,33.43433912148257],[131.64394516815042,33.37527731715477],[131.5867211125249,33.345545353529324],[131.4986960459496,33.36027310558724],[131.52108266781937,33.24850806565288],[131.2894540975718,33.199474201719454],[131.26948932938558,33.231392708739165],[131.33338900734395,33.292615923778534],[131.31649813037149,33.305986510971046],[131.3989964026433,33.325388942009795],[131.43311970005644,33.43511823464605],[131.42107253045108,33.51717644363765],[131.52813088302662,33.477692999127456],[131.5354895922959,33.47711494742552]]]]}},{"type":"Feature","properties":{"level":"county","prefecture":"大分県","district":"大分郡","label":"大分郡","name":"大分県 大分郡","municipalityCount":28},"geometry":{"type":"MultiPolygon","coordinates":[[[[131.69449360144304,33.22380263856597],[131.67980723231074,33.17693018534412],[131.7241768337697,33.147851671468686],[131.69511458956703,33.07594706628492],[131.55483337235813,33.120331383920195],[131.51536957707867,33.102487179208396],[131.4410062492311,33.151269716314886],[131.37008940547165,33.141995756401286],[131.29063397500738,33.19505084956554],[131.51779143076223,33.265271565008895],[131.58110117000282,33.248709127114424],[131.56815356761766,33.22116370688324],[131.5978678493505,33.19959986513292],[131.62615385839817,33.26861421180703],[131.6806145168719,33.27889347902833],[131.69356211925708,33.22840191949873],[131.69449360144304,33.22380263856597]]]]}},{"type":"Feature","properties":{"level":"county","prefecture":"大分県","district":"大野郡","label":"大野郡","name":"大分県 大野郡","municipalityCount":27},"geometry":{"type":"MultiPolygon","coordinates":[[[[131.56852616049207,33.1103537088912],[131.73256017344352,33.079742101371515],[131.78410218773453,33.017262252197504],[131.78270496445558,32.97908570718732],[131.65915937718813,32.9602864605332],[131.6091387838009,32.92231097698455],[131.7231211539589,32.856991134666266],[131.71247120763252,32.77355062812656],[131.53632792626328,32.75884800875134],[131.47525374426905,32.83723684606982],[131.3564276667439,32.8050167468578],[131.42458111335162,32.96812785753331],[131.3785037945517,33.02651107942841],[131.4298905618117,33.13156569308383],[131.56448973768613,33.11168574107391],[131.56852616049207,33.1103537088912]]]]}},{"type":"Feature","properties":{"level":"county","prefecture":"大分県","district":"直入郡","label":"直入郡","name":"大分県 直入郡","municipalityCount":20},"geometry":{"type":"MultiPolygon","coordinates":[[[[131.42315284066643,33.15335572897838],[131.45795922501597,33.13890443643009],[131.3785037945517,33.02651107942841],[131.42458111335162,32.96812785753331],[131.39613985727294,32.859403872204766],[131.3470507460717,32.827962886156214],[131.25738006096782,32.8874268134071],[131.2636830904263,32.97612005062958],[131.19313883954123,33.077656088708025],[131.32093819545798,33.16991816687286],[131.4211346292635,33.15184776801682],[131.42315284066643,33.15335572897838]]]]}},{"type":"Feature","properties":{"level":"county","prefecture":"大分県","district":"東国東郡","label":"東国東郡","name":"大分県 東国東郡","municipalityCount":20},"geometry":{"type":"MultiPolygon","coordinates":[[[[131.6511796797949,33.721882144169555],[131.63090441754667,33.72049984662146],[131.68977409170074,33.73216141139086],[131.65810369737736,33.721605684659934],[131.6511796797949,33.721882144169555]]],[[[131.6920096489471,33.73216141139086],[131.69505249075465,33.73439822015051],[131.70005144515275,33.73216141139086],[131.7014486684317,33.72994973531391],[131.6920096489471,33.73216141139086]]],[[[131.67837895962555,33.64469967562033],[131.7447625900799,33.542459922426495],[131.7028458917107,33.40666803783793],[131.60836254864589,33.43433912148257],[131.6302834294227,33.46251285878107],[131.5446491671247,33.67664331532273],[131.63590337194478,33.68192117868819],[131.6761744517854,33.64829364924538],[131.67837895962555,33.64469967562033]]]]}},{"type":"Feature","properties":{"level":"county","prefecture":"大分県","district":"南海部郡","label":"南海部郡","name":"大分県 南海部郡","municipalityCount":24},"geometry":{"type":"MultiPolygon","coordinates":[[[[131.89805350848636,32.98780674808168],[131.97862671757383,32.940054650965585],[132.00269000737836,32.958652836158166],[132.00169642637997,32.93284157103278],[132.051685970361,32.953400105475396],[132.08528142786878,32.93281643835009],[131.97753998835685,32.922838763321096],[131.9853023399067,32.889211233878285],[132.01529606629532,32.890342204599456],[131.94198841825852,32.83449738365631],[132.00753371474548,32.82617846568504],[131.93643057454884,32.78423201827095],[131.88839714315833,32.80338312248277],[131.87355552699503,32.740450885020294],[131.844120689918,32.7476639649531],[131.8581860709263,32.82193104230998],[131.73734178199823,32.83278836123321],[131.70505039955086,32.88255107296472],[131.6086419933017,32.919722310667204],[131.65915937718813,32.9602864605332],[131.78270496445558,32.97908570718732],[131.79000157491242,33.0344530071593],[132.01781106819746,33.06114391617893],[131.92779883962538,33.05141756797686],[131.89755671798716,32.98974196464901],[131.89805350848636,32.98780674808168]]],[[[132.07031561408067,32.984765693475865],[132.0678006121785,32.98310693641815],[132.06587554899414,32.98393631494701],[132.07031561408067,32.984765693475865]]],[[[132.07503512382297,32.97921137060078],[132.07168178795342,32.978658451581545],[132.07196123260923,32.98061880083157],[132.07503512382297,32.97921137060078]]],[[[132.0730790112324,32.96837918436024],[132.07224067726503,32.97116891213913],[132.07503512382297,32.970892452629506],[132.0739173451998,32.97310412870646],[132.07587345779035,32.9736570477257],[132.07531456847877,32.976999694523826],[132.07696018700733,32.97451155893725],[132.08031352287688,32.97420996674494],[132.0791957442537,32.97116891213913],[132.08115185684426,32.970615993119885],[132.0777985209747,32.96810272485062],[132.0789162995979,32.96282486148515],[132.08059296753268,32.96033672589858],[132.07751907631894,32.961442563937055],[132.07587345779035,32.95782345762931],[132.0730790112324,32.957270538610075],[132.07224067726503,32.955058862533114],[132.0733584558882,32.95282205377347],[132.07087450339225,32.95309851328309],[132.07003616942487,32.95671761959083],[132.06612394424374,32.96088964491781],[132.06696227821112,32.96282486148515],[132.06084554518984,32.963377780504395],[132.06168387915721,32.964508751225566],[132.06696227821112,32.964232291715945],[132.07087450339225,32.96589104877366],[132.0730790112324,32.96837918436024]]],[[[131.9108769132467,33.01168279663973],[131.9122741365257,33.00947112056277],[131.9111563579025,33.00640493327427],[131.9105974685909,33.00919466105316],[131.90811351609497,33.01168279663973],[131.9117152472141,33.014748983928236],[131.9108769132467,33.01168279663973]]],[[[131.93528174651945,32.9911745275625],[131.9117152472141,32.983911182264315],[131.91950864817014,33.01253730785128],[131.94531070472186,32.99584920654334],[131.93528174651945,32.9911745275625]]],[[[131.9530730562717,32.97114377945643],[131.95863089998142,32.97059086043719],[131.95642639214125,32.96807759216792],[131.95726472610863,32.96420715903325],[131.9541908348949,32.96531299707173],[131.9527936116159,32.968354051677544],[131.9530730562717,32.97114377945643]]],[[[132.04920201786507,32.916455061917155],[132.04920201786507,32.913665334138265],[132.04640757130713,32.91504763168636],[132.04640757130713,32.91728444044601],[132.04920201786507,32.916455061917155]]],[[[132.03057237414544,32.880892315907005],[132.03501243923193,32.8805907237147],[132.03308737604758,32.878379047637736],[132.03057237414544,32.878379047637736],[132.03057237414544,32.880892315907005]]],[[[131.90979018402973,32.77895415490549],[131.91643475695642,32.77644088663622],[131.91894975885856,32.77671734614584],[131.92450760256824,32.77339983203041],[131.9233898239451,32.770333644741896],[131.9172730909238,32.768674887684185],[131.91255358118147,32.769780725722654],[131.9105974685909,32.76922780670342],[131.90783407143917,32.77116302327076],[131.90783407143917,32.773123372520786],[131.9108769132467,32.77505858908812],[131.90979018402973,32.77895415490549]]],[[[131.92782988903159,32.72255641494311],[131.92950655696634,32.72200349592387],[131.93143162015073,32.71866084912574],[131.92894766765477,32.71893730863536],[131.92922711231057,32.71727855157764],[131.9267121104084,32.71448882379876],[131.92283093463348,32.715896254029545],[131.92115426669872,32.72062119837577],[131.92366926860086,32.72117411739501],[131.92615322109683,32.72366225298158],[131.9233898239451,32.723938712491204],[131.9217131560103,32.727004899779715],[131.92922711231057,32.72645198076047],[131.92922711231057,32.72283287445273],[131.92782988903159,32.72255641494311]]]]}},{"type":"Feature","properties":{"level":"county","prefecture":"大分県","district":"日田郡","label":"日田郡","name":"大分県 日田郡","municipalityCount":19},"geometry":{"type":"MultiPolygon","coordinates":[[[[130.98414528641302,33.41026201146298],[131.02519260140866,33.35846355243336],[131.0632902228153,33.359167267548756],[131.0742196137975,33.32357938885592],[131.0335759410825,33.26896606936472],[131.090644749677,33.237600481364254],[131.08198196534735,33.18879281157506],[130.99178344033808,33.18223318139228],[130.97833904745374,33.14088991836281],[131.02404377337928,33.08753323300625],[130.97684867595618,33.02291710580336],[130.84333622929873,33.09469604757366],[130.88745743550808,33.186279543305794],[130.83647431052867,33.21060798015231],[130.859575068741,33.22913076729682],[130.82486183261008,33.25333354072987],[130.86780316138385,33.26336148112425],[130.8353565319055,33.34353473891391],[130.88584286638573,33.37922314833752],[130.89506454002694,33.446201747713516],[130.92630024266353,33.457611985656],[130.97728336764297,33.41189563583801],[130.98414528641302,33.41026201146298]]]]}},{"type":"Feature","properties":{"level":"county","prefecture":"大分県","district":"北海部郡","label":"北海部郡","name":"大分県 北海部郡","municipalityCount":21},"geometry":{"type":"MultiPolygon","coordinates":[[[[131.9477946572178,33.27806410049947],[131.95086854843154,33.27916993853795],[131.9536319455833,33.27806410049947],[131.95614694748545,33.27916993853795],[131.95558805817387,33.274444994191725],[131.94919188049678,33.27361561566287],[131.94531070472186,33.2697200498455],[131.94503126006606,33.2711023473936],[131.94087063963534,33.274721453701346],[131.93975286101215,33.2769331297783],[131.9369584144542,33.27778764098986],[131.9477946572178,33.27806410049947]]],[[[131.8489643972851,33.18829015792121],[131.79978213786524,33.12503119558373],[131.91531697833324,33.12503119558373],[131.86203619729505,33.07624865847723],[131.92447655316207,33.065592401015536],[131.94031175032376,33.09670666218908],[131.9705849213682,33.06142037568855],[132.00197587103577,33.09612861048714],[132.00225531569157,33.069915222438674],[131.77394903190734,33.019473928274465],[131.70436731261447,33.084894301323516],[131.7241768337697,33.147851671468686],[131.67980723231074,33.17693018534412],[131.69467989788023,33.268061292787785],[131.75923161336883,33.23998808622006],[131.90196573366748,33.268061292787785],[131.8492127925347,33.189999180344316],[131.8489643972851,33.18829015792121]]],[[[131.89252671418285,33.23639411259501],[131.88892498306373,33.23694703161424],[131.89420338211764,33.23888224818158],[131.8955695559904,33.23805286965272],[131.89529011133462,33.235288274556524],[131.89308560349446,33.234710222854595],[131.89252671418285,33.23639411259501]]],[[[131.83561315261935,33.17698045070951],[131.8386559944269,33.17780982923836],[131.8380971051153,33.175020101459474],[131.83561315261935,33.17698045070951]]],[[[131.99086018361638,33.17001869760363],[131.98753789715306,33.16559534544972],[131.98334622731613,33.164464374728546],[131.9800239408528,33.16252915816121],[131.98309783206653,33.166977642997814],[131.98225949809915,33.16946577858439],[131.9855817845625,33.1711496683248],[131.99225740689536,33.17087320881518],[131.99086018361638,33.17001869760363]]],[[[131.97834727291803,33.1594629708727],[131.9805828301644,33.160015889891945],[131.9803033855086,33.15697483528613],[131.97753998835685,33.15531607822841],[131.97114381067976,33.15503961871879],[131.96974658740078,33.15614545675727],[131.97198214464714,33.157804213814984],[131.97834727291803,33.1594629708727]]],[[[131.89283720824486,33.104472661141116],[131.89451387617962,33.104196201631495],[131.8956006053966,33.101406473852606],[131.89171942962167,33.10057709532375],[131.89143998496587,33.10336682310263],[131.89283720824486,33.104472661141116]]],[[[131.86284348185623,33.143076461757076],[131.86200514788885,33.14031186666088],[131.8586518120193,33.13890443643009],[131.85672674883494,33.14169416420898],[131.8589312566751,33.14362938077632],[131.86284348185623,33.143076461757076]]],[[[132.0061364914665,33.09947125728527],[132.00390093422013,33.10892114597772],[132.00753371474548,33.1086446864681],[132.01029711189722,33.110303443525815],[132.01225322448778,33.10781530793924],[132.0164138449185,33.10668433721807],[132.0114148905204,33.101130014342985],[132.0061364914665,33.09947125728527]]],[[[132.0061364914665,33.09947125728527],[132.0050187128433,33.09725958120831],[132.00309364965895,33.097536040717934],[132.0061364914665,33.09947125728527]]]]}},{"type":"Feature","properties":{"level":"county","prefecture":"長崎県","district":"壱岐郡","label":"壱岐郡","name":"長崎県 壱岐郡","municipalityCount":12},"geometry":{"type":"MultiPolygon","coordinates":[[[[129.68267837615872,33.870164972056386],[129.68687004599565,33.869612053037145],[129.69047177711477,33.870164972056386],[129.6885156645242,33.8659929467294],[129.690192332459,33.86182092140241],[129.68742893530722,33.860991542873556],[129.6835167101261,33.86212251359473],[129.68242998090912,33.86740037696019],[129.68267837615872,33.870164972056386]]],[[[129.68131220228594,33.870164972056386],[129.68019442366278,33.86433418967168],[129.67631324788783,33.86740037696019],[129.67575435857626,33.865440027710164],[129.67795886641642,33.8646106491813],[129.67771047116682,33.86212251359473],[129.67631324788783,33.86433418967168],[129.6726804673625,33.867098784767876],[129.67323935667412,33.86850621499867],[129.67603380323206,33.86822975548905],[129.67659269254364,33.869888512546765],[129.68131220228594,33.870164972056386]]],[[[129.6949118422013,33.865440027710164],[129.6943529528897,33.86626940623902],[129.6985135733204,33.86878267450829],[129.70354357712472,33.86795329597943],[129.70354357712472,33.86516356820054],[129.6985135733204,33.86405773016206],[129.6949118422013,33.865440027710164]]],[[[129.7049097509975,33.86740037696019],[129.7063069742765,33.8646106491813],[129.70407141703012,33.86516356820054],[129.7049097509975,33.86740037696019]]],[[[129.74440459568314,33.80755945946891],[129.7985237106887,33.78853401867055],[129.75881152015967,33.77880767046848],[129.79603975819276,33.76352699939133],[129.78656968930193,33.742415545929475],[129.73269896954596,33.738243520602495],[129.7160564878231,33.703811745313516],[129.67299096142452,33.759631433573965],[129.64604007684343,33.75131251560269],[129.64551223693803,33.77352980710302],[129.68593856380966,33.76003355649705],[129.64939341271295,33.80685574435351],[129.6899128878032,33.8051969872958],[129.68575226737246,33.854331381959994],[129.7679710949885,33.84631405618103],[129.74769583274028,33.80881609360355],[129.74440459568314,33.80755945946891]]],[[[129.66050910013234,33.83294346898852],[129.65967076616496,33.83045533340194],[129.66187527400513,33.827942065132675],[129.65855298754178,33.82960082219039],[129.65855298754178,33.83432576653662],[129.66050910013234,33.83294346898852]]],[[[129.77604394060035,33.781295806055056],[129.78048400568684,33.781295806055056],[129.77713066981732,33.777978291939625],[129.77604394060035,33.781295806055056]]],[[[129.7832474028386,33.77853121095886],[129.78684913395773,33.778254751449246],[129.78576240474075,33.77687245390115],[129.7832474028386,33.77853121095886]]],[[[129.76101602799983,33.73575538501592],[129.76101602799983,33.73241273821779],[129.7571348522249,33.72937168361197],[129.75409201041737,33.73324211674665],[129.7579731861923,33.73713768256401],[129.76101602799983,33.73575538501592]]],[[[129.64355612434747,33.74048032936214],[129.6416000117569,33.73769060158325],[129.63355821555126,33.73713768256401],[129.63327877089546,33.742415545929475],[129.63495543883025,33.74158616740062],[129.63827772529356,33.74379784347758],[129.63855716994937,33.74048032936214],[129.64355612434747,33.74048032936214]]],[[[129.636321612703,33.727134874852325],[129.63271988158388,33.72519965828499],[129.63051537374372,33.72213347099648],[129.6271620378742,33.723239309034966],[129.62911815046476,33.72519965828499],[129.62411919606666,33.727411334361946],[129.62883870580896,33.730201062140836],[129.63355821555126,33.72881876459274],[129.636321612703,33.727134874852325]]],[[[129.65187736520892,33.722962849525345],[129.65023174668033,33.71881595688105],[129.646598966155,33.7179614456695],[129.64467390297065,33.71992179491953],[129.646598966155,33.72213347099648],[129.64383556900327,33.722962849525345],[129.64383556900327,33.72464673926575],[129.6477167447782,33.72575257730423],[129.64827563408977,33.72824071289081],[129.65327458848788,33.72575257730423],[129.65187736520892,33.722962849525345]]],[[[129.6263237039068,33.69881034145767],[129.62383975141086,33.69853388194805],[129.62467808537824,33.701022017534626],[129.6263237039068,33.69881034145767]]]]}},{"type":"Feature","properties":{"level":"county","prefecture":"長崎県","district":"下県郡","label":"下県郡","name":"長崎県 下県郡","municipalityCount":9},"geometry":{"type":"MultiPolygon","coordinates":[[[[129.33771947328333,34.380383563400535],[129.30968185948527,34.33677835892873],[129.31076858870225,34.38845115454489],[129.28549437205592,34.38732018382372],[129.28800937395806,34.338990035005686],[129.22771142711883,34.363167675756046],[129.2760553525713,34.3726175644485],[129.27829090981766,34.44399438329572],[129.3646703578644,34.43399157558403],[129.35187800251026,34.386490805294855],[129.39882470468376,34.412603662612554],[129.36494980252021,34.34454435788077],[129.39438463959723,34.335396061380635],[129.36494980252021,34.337054818438354],[129.37910833174712,34.31204779915913],[129.35327522578922,34.29540996321658],[129.3388372519065,34.376789589775484],[129.33771947328333,34.380383563400535]]],[[[129.2668957777425,34.430950520978215],[129.2666163330867,34.42733141467047],[129.26410133118452,34.426502036141606],[129.2668957777425,34.430950520978215]]],[[[129.26801355636564,34.419841875228045],[129.2702180642058,34.419841875228045],[129.26910028558262,34.4176050664684],[129.2657779991193,34.42067125375691],[129.26410133118452,34.4234358488531],[129.26493966515193,34.42511973859351],[129.26801355636564,34.419841875228045]]],[[[129.2966100594753,34.36399705428491],[129.29800728275427,34.36733970108303],[129.29800728275427,34.36427351379453],[129.2966100594753,34.36399705428491]]],[[[129.39466408425304,34.37289402395812],[129.3913417977897,34.37344694297735],[129.39218013175707,34.374552781015836],[129.39466408425304,34.37289402395812]]],[[[129.40826372416836,34.359272109938686],[129.41021983675893,34.36233829722719],[129.4127348386611,34.362891216246425],[129.4110581707263,34.36010148846754],[129.41189650469371,34.35567813631363],[129.40994039210315,34.35623105533287],[129.4113376153821,34.35316486804436],[129.40938150279155,34.350953191967406],[129.40717699495139,34.352335489515504],[129.4068975502956,34.35012381343854],[129.40522088236082,34.35316486804436],[129.4068975502956,34.35595459582325],[129.40410310373764,34.35623105533287],[129.40245748520908,34.358995650429065],[129.40410310373764,34.36065440748678],[129.40826372416836,34.359272109938686]]],[[[129.33244107422942,34.356783974352105],[129.33411774216418,34.361508918698334],[129.3332794081968,34.35537654412131],[129.33244107422942,34.356783974352105]]],[[[129.3966201968436,34.33650189941911],[129.3966201968436,34.3595485694483],[129.396061307532,34.33484314236139],[129.3966201968436,34.33650189941911]]],[[[129.3391166965623,34.35288840853474],[129.3393961412181,34.354270706082836],[129.344674540272,34.35454716559246],[129.3391166965623,34.35288840853474]]],[[[129.34023447518547,34.34816346418852],[129.34495398492777,34.350676732457785],[129.34827627139111,34.350953191967406],[129.34687904811216,34.34816346418852],[129.34383620630462,34.34733408565966],[129.34215953836983,34.34843992369814],[129.34243898302563,34.34484595007308],[129.34023447518547,34.34816346418852]]],[[[129.33188218491784,34.33926649451531],[129.32995712173346,34.341779762784576],[129.33023656638926,34.34484595007308],[129.33216162957362,34.34233268180381],[129.33188218491784,34.33926649451531]]],[[[129.332999963541,34.34039746523648],[129.33272051888522,34.343438519842294],[129.33439718681998,34.34426789837115],[129.33523552078736,34.341226843765334],[129.332999963541,34.34039746523648]]],[[[129.3393961412181,34.33650189941911],[129.3396755858739,34.33843711598645],[129.34160064905825,34.335119601871014],[129.3393961412181,34.33650189941911]]],[[[129.39466408425304,34.31621982448612],[129.39522297356461,34.317049203014975],[129.40078081727432,34.317049203014975],[129.40522088236082,34.31511398644764],[129.40882261347997,34.31649628399573],[129.4113376153821,34.31928601177462],[129.41354212322227,34.31760212203422],[129.41301428331687,34.31569203814957],[129.40938150279155,34.31403328109185],[129.40717699495139,34.31511398644764],[129.40466199304925,34.31348036207262],[129.39966303865114,34.313203902563],[129.39522297356461,34.31124355331296],[129.39354630562985,34.312877177687994],[129.3916212424455,34.317325662524595],[129.38742957260857,34.32066830932272],[129.39382575028566,34.3231564449093],[129.39578186287622,34.32260352589006],[129.39466408425304,34.31621982448612]]],[[[129.36901727473233,34.30227118559168],[129.39354630562985,34.299581988543565],[129.3593919588105,34.27042807662005],[129.36855153363933,34.30068782658204],[129.36901727473233,34.30227118559168]]],[[[129.2825136290608,34.29279616421654],[129.2666163330867,34.32813271608245],[129.31020969939064,34.30704639530329],[129.30493130033676,34.27681177802399],[129.3385578072507,34.299305529033944],[129.35271633647764,34.27736469704323],[129.2974483934427,34.22124341659047],[129.28217208559258,34.13041390133911],[129.2137391943291,34.08381790762688],[129.21495012117086,34.112645094675386],[129.16747557909198,34.10153644892522],[129.20439332306307,34.33094757654403],[129.22215358340912,34.28985564034149],[129.28437659343274,34.29264536812038],[129.2825136290608,34.29279616421654]]],[[[129.2974483934427,34.33650189941911],[129.33272051888522,34.3059656899475],[129.29328777301197,34.33067111703441],[129.2974483934427,34.33650189941911]]],[[[129.30188845852922,34.317325662524595],[129.30049123525023,34.313731688899544],[129.29828672741007,34.3159433649765],[129.30188845852922,34.317325662524595]]],[[[129.32632434120814,34.30458339239941],[129.32911878776608,34.3059656899475],[129.32911878776608,34.3032010948513],[129.32744211983132,34.30430693288979],[129.32576545189656,34.300964286091656],[129.3224431654332,34.29902906952432],[129.31967976828147,34.30179366462052],[129.3224431654332,34.303754013870545],[129.32632434120814,34.30458339239941]]],[[[129.2329898261727,34.2970687202743],[129.2293880950536,34.29845101782239],[129.23215149220533,34.30093915340897],[129.23354871548432,34.29928039635125],[129.2329898261727,34.2970687202743]]],[[[129.3127247012928,34.2987526100147],[129.31440136922757,34.296239341745434],[129.31440136922757,34.29209244910114],[129.31160692266963,34.29596288223581],[129.31076858870225,34.29985844805318],[129.3127247012928,34.2987526100147]]],[[[129.3238403887122,34.24790919292741],[129.32272261008902,34.249593082667815],[129.32439927802378,34.25097538021591],[129.3238403887122,34.24790919292741]]],[[[129.24382606893633,34.098746721146334],[129.24218045040774,34.09598212605014],[129.24022433781718,34.09625858555976],[129.23826822522662,34.098746721146334],[129.23994489316138,34.10040547820405],[129.24382606893633,34.098746721146334]]]]}},{"type":"Feature","properties":{"level":"county","prefecture":"長崎県","district":"上県郡","label":"上県郡","name":"長崎県 上県郡","municipalityCount":5},"geometry":{"type":"MultiPolygon","coordinates":[[[[129.43605294271686,34.70537428329962],[129.4327306562535,34.70313747453997],[129.4340968301263,34.707862418886194],[129.43605294271686,34.706480121338096],[129.44021356314755,34.70758595937657],[129.44105189711496,34.706203661828475],[129.43605294271686,34.70537428329962]]],[[[129.42105607952251,34.497325935969585],[129.37190486950888,34.45623399976705],[129.38298950752207,34.42315938934348],[129.27381979532495,34.45706337829591],[129.3180031003467,34.53650778828748],[129.3443950956162,34.53150638443164],[129.28577381671172,34.56234418609556],[129.31967976828147,34.646463275067966],[129.38826790657595,34.63842081660631],[129.44937313797638,34.706480121338096],[129.49712712471108,34.666745350000966],[129.46520833513807,34.65370148768346],[129.491041441096,34.64480451801025],[129.47688291186907,34.61534901389443],[129.43465571943787,34.621204928961824],[129.4799568030828,34.59313172239409],[129.4221738581457,34.496220097931115],[129.42105607952251,34.497325935969585]]],[[[129.48020519833238,34.682026021078116],[129.48240970617255,34.68257894009735],[129.47883902445963,34.67953788549154],[129.47772124583645,34.68257894009735],[129.48020519833238,34.682026021078116]]],[[[129.48799859928846,34.631182603990815],[129.48688082066528,34.62897092791386],[129.4852352021367,34.63035322546196],[129.48799859928846,34.631182603990815]]],[[[129.4641216059211,34.61203149977899],[129.46272438264214,34.61369025683671],[129.4649599398885,34.61424317585595],[129.4641216059211,34.61203149977899]]]]}},{"type":"Feature","properties":{"level":"county","prefecture":"長崎県","district":"西彼杵郡","label":"西彼杵郡","name":"長崎県 西彼杵郡","municipalityCount":46},"geometry":{"type":"MultiPolygon","coordinates":[[[[129.75468194913515,32.99476850118755],[129.76412096861978,33.021660471668724],[129.8246673107086,32.97471262039879],[129.8096704475143,32.916932582888315],[129.78495512017957,32.94694100602338],[129.81078822613748,32.895268210407224],[129.78967462992188,32.86694367701257],[129.85022097201073,32.832210309531284],[129.88077358771093,32.88222434808972],[129.99410392033877,32.83806622459868],[129.99081268328163,32.80680116732898],[129.93824603858604,32.81642698480027],[129.9563478424003,32.741682386472235],[129.89577045090525,32.661685057461426],[129.73884675197345,32.56919678515236],[129.81715335440836,32.65502489654787],[129.79299691638522,32.695036127394616],[129.83690077675118,32.68835083379837],[129.89210662097372,32.75437439123205],[129.81883002234312,32.71974155448153],[129.7780000531909,32.824444310579246],[129.73300946360797,32.80805780146361],[129.63383766020706,32.92500017403267],[129.67715158185524,33.099144532410264],[129.73021501705003,33.07441397264066],[129.72689273058668,33.04664235826525],[129.75996034818905,33.051920221630716],[129.73133279567318,33.00806369033198],[129.75468194913515,32.99471823582217],[129.75468194913515,32.99476850118755]],[[129.89667088368503,32.729467902683595],[129.89421798059527,32.72788454367396],[129.89660878487263,32.723838181760435],[129.89949637964918,32.72894011634705],[129.89667088368503,32.729467902683595]]],[[[129.60521010769122,33.06247594836164],[129.63827772529356,33.05996268009237],[129.60912233287235,33.02191179849565],[129.58720145209554,33.02774258088036],[129.60412337847424,33.05913330156351],[129.60521010769122,33.06247594836164]]],[[[129.57080736562227,33.06441116492898],[129.5694101423433,33.0633053268905],[129.56580841122417,33.064134705419356],[129.56720563450313,33.06524054345783],[129.57080736562227,33.06441116492898]]],[[[129.6418794564127,33.0633053268905],[129.64411501365907,33.06219948885202],[129.64051328253993,33.06051559911161],[129.6418794564127,33.0633053268905]]],[[[129.63579377279763,33.0444055495056],[129.63743939132618,33.04329971146713],[129.6368805020146,33.03942927833245],[129.63827772529356,33.03525725300547],[129.636321612703,33.0327439847362],[129.6321609922723,33.029702930130384],[129.63327877089546,33.02636028333225],[129.62939759512054,33.027466121370736],[129.62800037184158,33.02942647062076],[129.62911815046476,33.0327439847362],[129.63023592908792,33.03246752522658],[129.6316021029607,33.0358101720247],[129.62800037184158,33.03498079349585],[129.62911815046476,33.0371924695728],[129.63327877089546,33.03970573784207],[129.63579377279763,33.0444055495056]]],[[[129.75604812300793,33.031638146697716],[129.75356417051196,33.02915001111114],[129.75493034438475,33.03246752522658],[129.75604812300793,33.031638146697716]]],[[[129.74493243558854,33.00333874598576],[129.74772688214648,33.003891665005],[129.74912410542547,32.99999609918763],[129.74800632680228,32.99695504458182],[129.74493243558854,33.00333874598576]]],[[[129.7413307044694,33.00054901820687],[129.74105125981362,32.998060882620294],[129.73937459187883,32.99778442311067],[129.7413307044694,33.00054901820687]]],[[[129.74384570637156,32.99999609918763],[129.74605021421172,32.995824073860646],[129.74412515102736,32.99416531680293],[129.74021292584624,32.99444177631255],[129.73965403653463,32.99723150409144],[129.7421690384368,32.996678585072196],[129.74384570637156,32.99999609918763]]],[[[129.647996189434,32.99042054708172],[129.64715785546662,32.99414018412024],[129.64883452340138,33.003313613303064],[129.64827563408977,33.0052488298704],[129.64967285736876,33.00859147666853],[129.6513184758973,33.00469591085116],[129.6513184758973,33.00162972356266],[129.64911396805718,33.001076804543416],[129.64967285736876,32.9980357499376],[129.6513184758973,32.996351860197194],[129.6527156991763,32.99079753732211],[129.65159792055312,32.98695223687013],[129.6468784108108,32.987228696379745],[129.647996189434,32.99042054708172]]],[[[129.43080559306915,33.0197001224187],[129.4330411503155,33.02163533898603],[129.4388473892748,33.017739773168664],[129.43636343677883,33.01552809709171],[129.43080559306915,33.0197001224187]]],[[[129.34451929324098,32.99836247481261],[129.35246794122804,33.02108241996679],[129.34830732079732,32.99775929042798],[129.34451929324098,32.99836247481261]]],[[[129.5685718083759,33.019951449245625],[129.5899648492473,33.022741177024514],[129.55581050242796,33.000523885524174],[129.5694101423433,33.02191179849565],[129.5685718083759,33.019951449245625]]],[[[129.53829863733148,33.00746050594736],[129.53581468483554,33.00831501715891],[129.53637357414712,33.01025023372625],[129.53913697129886,33.01025023372625],[129.54193141785683,33.008038557649286],[129.53829863733148,33.00746050594736]]],[[[129.5537612416188,33.00404246110115],[129.55248821596462,33.00218264258189],[129.5535749451816,33.000523885524174],[129.54913488009507,33.00135326405304],[129.54997321406248,33.00441945134155],[129.5485759907835,33.00497237036078],[129.54329759172958,33.00276069428383],[129.5438564810412,33.00831501715891],[129.5480171014719,33.00690758692812],[129.55109099268563,33.00746050594736],[129.5535749451816,33.00635466790888],[129.5537612416188,33.00404246110115]]],[[[129.81550773587978,33.00610334108195],[129.81578718053558,33.004444584024235],[129.81327217863344,33.00333874598576],[129.81271328932183,33.006932719610816],[129.81550773587978,33.00610334108195]]],[[[129.8202272456221,32.995547614351025],[129.81883002234312,32.99167718121635],[129.81715335440836,32.99333593827407],[129.81715335440836,32.99637699287989],[129.8202272456221,32.995547614351025]]],[[[129.81327217863344,32.96332751513901],[129.81606662519138,32.9602864605332],[129.81411051260082,32.958326111283164],[129.81050878148167,32.96277459611977],[129.81327217863344,32.96332751513901]]],[[[129.23221359101774,33.00954651861085],[129.26084114353358,33.0197001224187],[129.23028852783338,33.00635466790888],[129.23221359101774,33.00954651861085]]],[[[129.6268825932184,32.94666454651376],[129.6318815476165,32.94749392504262],[129.62995648443214,32.9458351679849],[129.6268825932184,32.94666454651376]]],[[[129.80743489026793,32.913615068772884],[129.80243593586982,32.91278569024402],[129.80215649121405,32.914997366320975],[129.79771642612752,32.91472090681136],[129.79771642612752,32.91610320435946],[129.80215649121405,32.91723417508063],[129.8046714931162,32.914997366320975],[129.804950937772,32.916932582888315],[129.80911155820272,32.91610320435946],[129.80743489026793,32.913615068772884]]],[[[129.6223804293195,32.92434672428266],[129.59331818511683,32.943321899715635],[129.62579586400142,32.92721185010962],[129.6223804293195,32.92434672428266]]],[[[129.60359553856884,32.88928663192637],[129.60635893572058,32.88971388753214],[129.60247775994566,32.887225751945564],[129.60663838037638,32.88694929243594],[129.60219831528985,32.881118510051245],[129.5994038687319,32.88001267201277],[129.59136207252627,32.88028913152238],[129.59024429390308,32.88250080759934],[129.59331818511683,32.88554186220516],[129.59775825020336,32.887778670964806],[129.59859658417074,32.88943742802252],[129.60359553856884,32.89026680655138],[129.60359553856884,32.88928663192637]]],[[[129.54693037225493,32.8774994037435],[129.55137043734143,32.875011268156925],[129.5477376568161,32.875011268156925],[129.5435770363854,32.876670025214636],[129.5438564810412,32.878052322762734],[129.54693037225493,32.8774994037435]]],[[[129.63051537374372,32.86722013652219],[129.62942864452674,32.868878893579904],[129.6313537077111,32.86973340479146],[129.63051537374372,32.86722013652219]]],[[[129.5588533442355,32.86639075799333],[129.55301605587002,32.86804951505105],[129.55553105777216,32.870009864301075],[129.563293409322,32.86722013652219],[129.5588533442355,32.86639075799333]]],[[[129.80271538052563,32.878605241781976],[129.80106976199707,32.876393565705015],[129.7988342047507,32.878328782272355],[129.79687809216014,32.878052322762734],[129.79631920284857,32.880565591032],[129.80271538052563,32.878605241781976]]],[[[129.81299273397764,32.86860243407028],[129.80771433492373,32.865561379464474],[129.80606871639517,32.86666721750295],[129.8041126038046,32.87083924282994],[129.80687600095635,32.87111570233955],[129.81299273397764,32.86860243407028]]],[[[129.85938054683953,32.895268210407224],[129.856337705032,32.89278007482065],[129.8554993710646,32.89416237236875],[129.85938054683953,32.895268210407224]]],[[[129.92744084522863,32.87360383792613],[129.929676402475,32.87166862135879],[129.929676402475,32.86945694528184],[129.9252363373885,32.87083924282994],[129.9246774480769,32.87277445939727],[129.92744084522863,32.87360383792613]]],[[[129.82718231261077,32.867496596031806],[129.82190391355687,32.86500846044523],[129.82215230880647,32.867496596031806],[129.8252262000202,32.869155353089525],[129.82718231261077,32.867496596031806]]],[[[129.7616059667176,32.79305358989608],[129.76076763275023,32.79056545430951],[129.75576867835213,32.789158024078716],[129.7580042355985,32.791947751857606],[129.7616059667176,32.79305358989608]]],[[[129.83205706938406,32.71526793696223],[129.82910737579513,32.71529306964492],[129.83162237769727,32.716700499875714],[129.83205706938406,32.71526793696223]]],[[[129.7788383871583,32.70277699366397],[129.75996034818905,32.71529306964492],[129.78023561043727,32.70476247559669],[129.7788383871583,32.70277699366397]]],[[[129.74822367264568,32.658895329682544],[129.74605021421172,32.66085567893257],[129.74993138998664,32.666133542298034],[129.7516080579214,32.664474785240316],[129.75520978904055,32.664198325730695],[129.7566070123195,32.66530416376918],[129.75912201422167,32.66309248769222],[129.75548923369632,32.65919692187485],[129.7577247909427,32.65419551801901],[129.7563275676637,32.650852871220884],[129.75384361516777,32.64836473563431],[129.7530052812004,32.651707382432434],[129.74822367264568,32.658895329682544]]],[[[129.7468885481791,32.63501928112449],[129.7468885481791,32.6308723884802],[129.74577076955592,32.63584865965335],[129.7468885481791,32.63501928112449]]],[[[129.73884675197345,32.627253282172454],[129.7363317500713,32.625594525114735],[129.73856730731765,32.629464958249415],[129.74105125981362,32.62918849873979],[129.73884675197345,32.627253282172454]]],[[[129.79023351923348,32.565225821286916],[129.77383943276018,32.55002054825784],[129.7891157406103,32.56919678515236],[129.79023351923348,32.565225821286916]]]]}},{"type":"Feature","properties":{"level":"county","prefecture":"長崎県","district":"東彼杵郡","label":"東彼杵郡","name":"長崎県 東彼杵郡","municipalityCount":21},"geometry":{"type":"MultiPolygon","coordinates":[[[[129.8156319335046,33.188591750113524],[129.94336919060893,33.16443924204586],[129.95659623764988,33.11784324833362],[129.92234874261194,33.09049888956398],[130.0857928168456,32.97921137060078],[130.02012332273387,32.94126101973483],[130.00854189422148,32.84638514256996],[129.93076313169198,32.92527663354228],[129.9507899986906,32.98778161539899],[129.9238391141095,33.03332203643813],[129.87437741003387,33.06524054345783],[129.82190391355687,33.03666468323625],[129.83742861665655,33.05913330156351],[129.76576658714833,33.07665078140032],[129.76837473726908,33.10115514702568],[129.78104289499845,33.06109365081355],[129.74272792774838,33.06109365081355],[129.72884884317725,33.10080328946798],[129.78551400949115,33.14274973688207],[129.7260543966193,33.12636322776644],[129.74573972014971,33.180448760921095],[129.70341937949993,33.19784057734443],[129.8104156332631,33.18539989941155],[129.8156319335046,33.188591750113524]]],[[[129.75104916860982,33.13329984818962],[129.752166947233,33.13468214573772],[129.75520978904055,33.13247046966076],[129.75272583654458,33.13108817211267],[129.75104916860982,33.13329984818962]]],[[[129.78579345414695,33.07079486633292],[129.78632129405236,33.06830673074634],[129.78495512017957,33.065793462477075],[129.7824401182774,33.067200892707866],[129.78051505509305,33.071372918034854],[129.7780000531909,33.07079486633292],[129.7782794978467,33.07441397264066],[129.78023561043727,33.07692724090993],[129.78327845224482,33.07607272969838],[129.782999007589,33.07358459411181],[129.78579345414695,33.07079486633292]]],[[[129.7888362959545,33.06051559911161],[129.78523456483538,33.05996268009237],[129.78632129405236,33.06219948885202],[129.7888362959545,33.06051559911161]]],[[[129.81687390975256,33.05247314064995],[129.81883002234312,33.053578978688435],[129.81910946699892,33.05053792408262],[129.81634606984716,33.04830111532297],[129.81687390975256,33.05247314064995]]],[[[129.9138412053133,32.919998770176825],[129.9191196043672,32.914997366320975],[129.92132411220737,32.916932582888315],[129.92576417729387,32.91278569024402],[129.9235596694537,32.911101800503616],[129.92660251126125,32.90750782687856],[129.92300078014213,32.90499455860929],[129.92076522289577,32.9066784483497],[129.9185296656494,32.90303420935926],[129.91300287134592,32.90750782687856],[129.91216453737854,32.91027242197475],[129.9085628062594,32.9125092307344],[129.90604780435726,32.91582674484984],[129.90716558298044,32.919998770176825],[129.90076940530335,32.92665893109039],[129.90160773927073,32.92944865886927],[129.9041227411729,32.929172199359655],[129.9138412053133,32.919998770176825]]],[[[129.94271715307875,32.90195350400347],[129.9407920898944,32.899716695243825],[129.9402332005828,32.90361226106119],[129.94299659773455,32.90361226106119],[129.94271715307875,32.90195350400347]]]]}},{"type":"Feature","properties":{"level":"county","prefecture":"長崎県","district":"南高来郡","label":"南高来郡","name":"長崎県 南高来郡","municipalityCount":30},"geometry":{"type":"MultiPolygon","coordinates":[[[[130.31934645027755,32.866742615551026],[130.37793667977584,32.783628833886326],[130.35437018047048,32.68252005141366],[130.16770115039964,32.59113761714307],[130.12547395796847,32.687521455269504],[130.1704645475514,32.69196994010611],[130.20992834283084,32.74336627621265],[130.13568921260807,32.80793213805015],[130.2432443556828,32.87528772766654],[130.31074576476033,32.87083924282994],[130.31934645027755,32.866742615551026]]],[[[130.15611972188728,32.84264037284875],[130.1541015104843,32.84080568701218],[130.14823317271262,32.84532956989686],[130.1502824335218,32.84713912305074],[130.1551882397013,32.84527930453147],[130.15611972188728,32.84264037284875]]],[[[130.37765723512004,32.78752439970369],[130.38045168167798,32.78420688558826],[130.37793667977584,32.784483345097875],[130.37765723512004,32.78752439970369]]]]}},{"type":"Feature","properties":{"level":"county","prefecture":"長崎県","district":"南松浦郡","label":"南松浦郡","name":"長崎県 南松浦郡","municipalityCount":20},"geometry":{"type":"MultiPolygon","coordinates":[[[[129.08749230872232,32.983860916898934],[129.18334182565988,33.00190618307228],[129.14139407788448,32.93746598464824],[129.10084355338805,32.9602613278505],[129.10000521942067,32.85973059707977],[129.0658198231951,32.86249519217596],[129.06277698138757,32.8166783116272],[129.03778220939705,32.908312072724726],[129.0674964911299,32.90441650690736],[129.02638707732189,32.918867799455654],[129.0352672074949,32.946915873340686],[128.99195328584673,32.942190928994464],[129.01111076947177,32.97579332575458],[129.05417629587035,32.958024519090856],[129.04222227448358,33.02663674284187],[129.0883306426897,33.0255309048034],[129.11360485933602,33.164137649853544],[129.0830522436358,32.985243214447024],[129.08749230872232,32.983860916898934]]],[[[129.13332123227264,33.131641091131904],[129.13167561374405,33.13274692917038],[129.1338801215842,33.13719541400699],[129.135556789519,33.136366035478126],[129.13443901089582,33.13136463162228],[129.13332123227264,33.131641091131904]]],[[[129.15834705366936,33.033296903755435],[129.1613898954769,33.03412628228429],[129.16306656341166,33.03219106571696],[129.15834705366936,33.033296903755435]]],[[[129.15806760901356,33.027466121370736],[129.16027211685372,33.02774258088036],[129.15778816435775,33.02442506676492],[129.1558320517672,33.0241486072553],[129.15806760901356,33.027466121370736]]],[[[129.17806342660597,33.02052950094755],[129.18418015962726,33.022741177024514],[129.18582577815582,33.02108241996679],[129.18390071497146,33.01997658192832],[129.17834287126178,33.01942366290908],[129.17806342660597,33.02052950094755]]],[[[129.17415120142485,33.01359288052437],[129.19582368695202,33.018016232678285],[129.1758278693596,33.00942085519739],[129.17415120142485,33.01359288052437]]],[[[129.11472263795918,32.98607259297589],[129.11084146218425,32.986650644677816],[129.11195924080744,32.98775648271629],[129.11472263795918,32.98607259297589]]],[[[129.11332541468022,32.93525430857128],[129.11360485933602,32.936913065629],[129.11611986123816,32.93497784906166],[129.11332541468022,32.93525430857128]]],[[[129.19445751307927,32.91997363749413],[129.19082473255392,32.91746036922486],[129.18834078005798,32.91803842092679],[129.1866641121232,32.91663099069601],[129.18445960428306,32.91831488043641],[129.18582577815582,32.922461773080705],[129.18945855868117,32.92442212233074],[129.19526479764045,32.923316284292255],[129.19610313160783,32.92080301602299],[129.19445751307927,32.91997363749413]]],[[[129.11084146218425,32.922185313571084],[129.1127665253686,32.923592743801876],[129.11556097192658,32.923316284292255],[129.11248708071284,32.920526556513366],[129.11084146218425,32.922185313571084]]],[[[129.0140294136545,33.00572635084156],[129.01166965878335,33.003313613303064],[129.00806792766423,33.00135326405304],[129.00471459179468,33.00276069428383],[129.00639125972947,33.00635466790888],[129.01055188016016,33.009973774216625],[129.0149919452467,33.01052669323587],[129.01610972386987,33.01414579954361],[129.02250590154694,33.0124619098032],[129.02750485594507,33.01331642101475],[129.02942991912943,33.014698718562855],[129.03194492103157,33.01414579954361],[129.02918152387983,33.009973774216625],[129.02610763266608,33.00773696545698],[129.02390312482592,33.01080315274548],[129.02194701223536,33.01080315274548],[129.02110867826798,33.00746050594736],[129.01834528111624,33.00718404643774],[129.01583027921407,33.00859147666853],[129.0140294136545,33.00572635084156]]],[[[129.0243067671065,32.97928676864886],[129.02390312482592,32.98413737640855],[129.02082923361218,32.98607259297589],[129.02166756757956,32.99107399683173],[129.02418256948172,32.993587265101],[129.02666652197766,32.992757886572136],[129.02694596663346,32.99024461830287],[129.02418256948172,32.98720356369706],[129.0255487433545,32.98607259297589],[129.02666652197766,32.97637137745651],[129.02390312482592,32.9760697852642],[129.0243067671065,32.97928676864886]]],[[[128.97748426255782,32.95830097860047],[128.98027870911577,32.960537787360124],[128.98388044023488,32.959406816638946],[128.98695433144863,32.96109070637936],[128.98971772860037,32.96581565072558],[128.99139439653516,32.96274946343708],[128.99471668299847,32.96330238245631],[128.99667279558903,32.961643625398594],[128.99611390627746,32.957748059581235],[128.99331945971952,32.955536383504274],[128.99471668299847,32.95247019621577],[128.99111495187935,32.95136435817729],[128.9880410606656,32.95357603425425],[128.98695433144863,32.95025852013881],[128.9844393295465,32.95274665572539],[128.98223482170633,32.95081143915805],[128.9833215509233,32.94357322654256],[128.97860204118098,32.946639413831065],[128.9777637072136,32.948574630398404],[128.98027870911577,32.94912754941764],[128.97748426255782,32.95830097860047]]],[[[128.9827626616117,32.93025290471544],[129.03306269965475,32.89496661821491],[129.02722541128927,32.84472638551224],[128.96556129057723,32.872497999887656],[128.96112122549073,32.90331066886888],[129.0038762578273,32.87584064668578],[128.98695433144863,32.92718671742693],[128.9827626616117,32.93025290471544]]],[[[129.04778011819326,32.915801612167144],[129.04278116379515,32.915801612167144],[129.0458240056027,32.91831488043641],[129.04778011819326,32.915801612167144]]],[[[129.03917943267604,32.89278007482065],[129.03889998802023,32.890543266061],[129.04526511629112,32.88639637341671],[129.04278116379515,32.887225751945564],[129.03889998802023,32.88639637341671],[129.0363849861181,32.88833158998404],[129.03917943267604,32.88860804949366],[129.03917943267604,32.89278007482065]]],[[[129.03306269965475,32.88250080759934],[129.0347083181833,32.88250080759934],[129.0361055414623,32.876670025214636],[129.0363849861181,32.86804951505105],[129.03082714240838,32.87056278332032],[129.0311065870642,32.87694648472426],[129.029988808441,32.8819478885801],[129.03306269965475,32.88250080759934]]],[[[129.04722122888168,32.86387748972406],[129.0463828949143,32.86332457070482],[129.04026616189302,32.86639075799333],[129.04026616189302,32.86945694528184],[129.04194282982778,32.86973340479146],[129.04722122888168,32.86387748972406]]],[[[129.0355466521507,32.863048111195205],[129.03390103362213,32.86000705658939],[129.0311065870642,32.86694367701257],[129.03138603172,32.868878893579904],[129.0349877628391,32.86722013652219],[129.0355466521507,32.863048111195205]]],[[[129.04694178422588,32.86166581364711],[129.04306060845096,32.86194227315673],[129.0413839405162,32.86360103021444],[129.04445783172994,32.86360103021444],[129.04694178422588,32.86166581364711]]],[[[129.00331736851572,32.8585996263586],[129.00555292576206,32.85777024782974],[129.00555292576206,32.85528211224317],[128.99999508205238,32.855005652733546],[129.00306897326612,32.862771651685584],[129.0044351471389,32.861112894627865],[129.00331736851572,32.8585996263586]]],[[[129.03889998802023,32.85249238446428],[129.0397072725814,32.848621951329605],[129.04166338517197,32.84945132985846],[129.0408250512046,32.84362054747376],[129.03806165405285,32.84527930453147],[129.03750276474128,32.85389981469507],[129.03889998802023,32.85249238446428]]],[[[128.9669585138562,32.91997363749413],[128.9666790692004,32.91831488043641],[128.9624873993635,32.918867799455654],[128.95888566824436,32.91552515265752],[128.95640171574843,32.915801612167144],[128.95804733427698,32.922738232590326],[128.9572090003096,32.92746317693655],[128.96000344686755,32.93080582373467],[128.96416406729827,32.931358742753915],[128.96888357704057,32.929699985696196],[128.96888357704057,32.92552796036921],[128.96528184592145,32.922185313571084],[128.9669585138562,32.91997363749413]]],[[[128.95472504781364,32.9094179107632],[128.93032021454093,32.91803842092679],[128.95416615850206,32.915801612167144],[128.95472504781364,32.9094179107632]]],[[[128.95472504781364,32.9094179107632],[128.9566811604042,32.907759153705484],[128.95860622358856,32.90858853223435],[128.95888566824436,32.91135312733054],[128.96084178083493,32.91052374880168],[128.96388462264247,32.911629586840164],[128.96500240126565,32.91386639559981],[128.96944246635218,32.90914145125358],[128.9630462886751,32.907759153705484],[128.9622079547077,32.90414004739774],[128.9566811604042,32.90720623468625],[128.95472504781364,32.9094179107632]]],[[[128.9469626962638,32.89662537527263],[128.94447874376783,32.89607245625339],[128.9422431865215,32.897203426974556],[128.94308152048887,32.90024448158037],[128.9472421409196,32.8977563459938],[128.9469626962638,32.89662537527263]]],[[[128.91724841453097,32.889688754849445],[128.9161306359078,32.886094781224394],[128.91057279219808,32.885516729522465],[128.90780939504634,32.88913583583021],[128.904487108583,32.889412295339824],[128.90836828435792,32.89051813337831],[128.9100139028865,32.889688754849445],[128.91169057082126,32.89386078017643],[128.9161306359078,32.89496661821491],[128.91668952521937,32.89662537527263],[128.91892508246573,32.894413699195674],[128.91724841453097,32.889688754849445]]],[[[128.90088537746388,32.85123575032964],[128.8728167142596,32.86164068096441],[128.90585328245578,32.874684543281916],[128.93364250100424,32.83555295632941],[128.92252681358485,32.869959598935694],[128.94308152048887,32.84945132985846],[128.9522410953177,32.877197811551184],[128.94308152048887,32.799713750809644],[128.9047355038326,32.84917487034885],[128.90088537746388,32.85123575032964]]],[[[128.90780939504634,32.87830364958966],[128.90669161642316,32.87496100279154],[128.9047355038326,32.877750730570426],[128.90780939504634,32.87830364958966]]],[[[128.92920243591774,32.80639904440589],[128.93196583306948,32.80750488244438],[128.9361264535002,32.80639904440589],[128.9361264535002,32.79943729130002],[128.93364250100424,32.797778534242305],[128.9314069437579,32.79943729130002],[128.92780521263876,32.799713750809644],[128.93252472238106,32.80360931662701],[128.92920243591774,32.80639904440589]]],[[[128.92336514755226,32.7947123469538],[128.926128544704,32.797778534242305],[128.9258491000482,32.79305358989608],[128.92336514755226,32.7947123469538]]],[[[128.87697733469034,32.8094652316944],[128.86142158218442,32.84362054747376],[128.91057279219808,32.798054993751926],[128.88309406771162,32.76472905650143],[128.83614736553812,32.77915521636703],[128.83726514416128,32.83806622459868],[128.87309615891542,32.80833426097323],[128.87697733469034,32.8094652316944]]],[[[128.8933714211636,32.8297221739447],[128.89613481831537,32.826103067636964],[128.8933714211636,32.82723403835813],[128.8933714211636,32.8297221739447]]],[[[128.68279434831925,32.80499161417511],[128.68223545900764,32.80333285711739],[128.67723650460954,32.802503478588534],[128.6744731074578,32.805820992703964],[128.67167866089986,32.806951963425135],[128.6744731074578,32.80916363950209],[128.6800309511675,32.81026947754057],[128.68279434831925,32.80499161417511]]],[[[128.84111527053003,32.709085297019826],[128.89281253185203,32.640824930826504],[128.77001213033338,32.64444403713425],[128.79364072845112,32.599154942922034],[128.77140935361234,32.573896596815885],[128.73529889420243,32.60722253406639],[128.59837101286305,32.61222393792223],[128.6114117634668,32.6466557132112],[128.64531771503655,32.6030505087394],[128.66751804046913,32.629992744585955],[128.63556820148995,32.62833398752824],[128.67559088608098,32.66804362618268],[128.64919889081148,32.680836161673255],[128.64031876063845,32.761109950193685],[128.6641957540058,32.784709539242115],[128.69170552789848,32.73889265869335],[128.73865223007198,32.73833973967411],[128.75501526713907,32.76917754133803],[128.7742038001703,32.734444173856744],[128.79863968284923,32.75500270829936],[128.76529262059108,32.76055703117444],[128.80863759164544,32.79833145326155],[128.8258700120861,32.760833490684064],[128.80363863724733,32.751936521010855],[128.85530484916316,32.74610573862615],[128.83919020734567,32.71471501794299],[128.84111527053003,32.709085297019826]]],[[[128.7736449108587,32.73693230944332],[128.77168879826814,32.737510361145254],[128.77140935361234,32.74082787526069],[128.7736449108587,32.744170522058816],[128.7750421341377,32.741104334770306],[128.7736449108587,32.73693230944332]]],[[[128.8728167142596,32.74334114352996],[128.8741828881324,32.74527636009729],[128.8733756035712,32.747488036174246],[128.8789023978747,32.75083068297238],[128.88141739977684,32.750001304443515],[128.87781566865772,32.74334114352996],[128.8783745579693,32.73999849673183],[128.87446233278817,32.73833973967411],[128.87030171235747,32.73916911820297],[128.86862504442269,32.74138079427993],[128.86974282304587,32.745552819606914],[128.8728167142596,32.74334114352996]]],[[[128.8575404064095,32.72971922951052],[128.85974491424966,32.7280604724528],[128.86142158218442,32.730272148529764],[128.8628188054634,32.72971922951052],[128.8628188054634,32.72610012320278],[128.86669998123833,32.7263765827124],[128.8680972045173,32.72305906859696],[128.86614109192675,32.72140031153924],[128.86225991615183,32.72167677104886],[128.85974491424966,32.725823663693156],[128.8575404064095,32.72695463441433],[128.8575404064095,32.72971922951052]]],[[[128.85002645010925,32.72167677104886],[128.8514236733882,32.72333552810658],[128.85390762588418,32.72333552810658],[128.85558429381894,32.72167677104886],[128.85418707053998,32.71888704326997],[128.85002645010925,32.72167677104886]]],[[[128.85670207244212,32.717781205231496],[128.8583476909707,32.713332720394895],[128.85698151709792,32.71443855843337],[128.85670207244212,32.717781205231496]]],[[[128.96503345067185,32.753343951241646],[128.99779057421222,32.787499267021],[129.00446619654508,32.75055422346276],[128.9627978934255,32.75083068297238],[128.96503345067185,32.753343951241646]]],[[[128.95307942928508,32.77249505545347],[128.9572400497158,32.77694354029008],[128.96140067014653,32.77194213643423],[128.9669585138562,32.7685994896361],[128.9677968478236,32.765558435030286],[128.96587178463923,32.76166286921292],[128.9633567827371,32.761386409703306],[128.9566811604042,32.76249224774178],[128.95531498653145,32.76417613748219],[128.95307942928508,32.77249505545347]]],[[[128.95419720790827,32.7555556273186],[128.95087492144492,32.75444978928012],[128.94975714282174,32.7569379248667],[128.95140276135032,32.75749084388593],[128.95419720790827,32.7555556273186]]],[[[128.60017187842263,32.729090912443205],[128.6016932993264,32.72278260908734],[128.60336996726116,32.72026934081808],[128.6014138546706,32.7163989076834],[128.60113441001482,32.71250334186603],[128.59781212355148,32.710844584808314],[128.590577611907,32.713056260885274],[128.5911365012186,32.71554439647185],[128.58918038862805,32.71861058376035],[128.5908570565628,32.72082225983731],[128.590577611907,32.72723109392395],[128.59281316915337,32.730272148529764],[128.5955765663051,32.73110152705862],[128.5952971216493,32.733061876308646],[128.59809156820728,32.734444173856744],[128.60253163329378,32.74027495624145],[128.60892781097087,32.73999849673183],[128.60973509553205,32.73555001189523],[128.60864836631507,32.733061876308646],[128.60017187842263,32.729090912443205]]],[[[128.8986498202175,32.711397503827556],[128.9000159940903,32.70805485702943],[128.89809093090594,32.70777839751981],[128.89892926487332,32.70556672144285],[128.90281044064824,32.70584318095247],[128.90197210668086,32.70750193801019],[128.904487108583,32.70750193801019],[128.90557383779998,32.70471221023131],[128.904487108583,32.702224074644725],[128.8986498202175,32.702224074644725],[128.90113377271348,32.69971080637546],[128.8983703755617,32.697775589808124],[128.90197210668086,32.695840373240785],[128.89669370762695,32.69415648350038],[128.895296484348,32.70111823660625],[128.8933714211636,32.70584318095247],[128.8947375950364,32.710844584808314],[128.8986498202175,32.711397503827556]]],[[[128.622806895542,32.63750741671107],[128.63420202761716,32.67973032363478],[128.6280852945959,32.63723095720145],[128.622806895542,32.63750741671107]]],[[[128.64919889081148,32.665279031086484],[128.65059611409046,32.663343814519145],[128.64696333356514,32.66193638428835],[128.64668388890934,32.663343814519145],[128.64919889081148,32.665279031086484]]],[[[128.9047355038326,32.57165978805624],[128.90752995039054,32.56610546518116],[128.9050149484884,32.56138052083493],[128.90225155133666,32.560274682796454],[128.89585537365957,32.560827601815696],[128.8933714211636,32.56220989936379],[128.89113586391727,32.566658384200394],[128.89309197650783,32.57027749050815],[128.89585537365957,32.569448111979284],[128.89809093090594,32.571106869037],[128.9047355038326,32.569448111979284],[128.90281044064824,32.57193624756586],[128.9047355038326,32.57165978805624]]],[[[128.4139375400386,32.048397334394586],[128.38006263787503,32.040882662269475],[128.41617309728494,32.05088546998116],[128.4139375400386,32.048397334394586]]],[[[128.3809009718424,32.0311563140674],[128.37894485925185,32.03032693553855],[128.3767093020055,32.03422250135591],[128.3809009718424,32.0311563140674]]],[[[128.3728281262306,32.02504907217308],[128.36950583976724,32.02311385560575],[128.36810861648826,32.02477261266347],[128.3728281262306,32.03005047602893],[128.37478423882115,32.02977401651931],[128.37534312813273,32.02756234044235],[128.3728281262306,32.02504907217308]]],[[[128.36506577468072,32.01421688593254],[128.36255077277858,32.01062291230748],[128.36199188346697,32.00783318452859],[128.35950793097103,32.011728750345966],[128.36422744071334,32.0150462644614],[128.36506577468072,32.01421688593254]]],[[[128.35839015234785,32.00338469969199],[128.3550678658845,32.00117302361504],[128.351714530015,31.99700099828805],[128.35311175329394,31.99061729688411],[128.34839224355164,31.988933407143698],[128.34783335424004,31.993658351489923],[128.3500689114864,31.997277457797672],[128.34395217846512,32.00366115920161],[128.3455977969937,32.0064508869805],[128.34811279889584,32.00449053773047],[128.35255286398237,32.00562150845164],[128.35450897657293,32.00783318452859],[128.35727237372467,32.00728026550936],[128.35839015234785,32.00338469969199]]],[[[128.9255696553924,32.5986020239028],[128.9264079893598,32.59473159076812],[128.92976132522932,32.59277124151809],[128.92696687867138,32.59166540347962],[128.91752785918675,32.59249478200847],[128.9144850173792,32.59500805027774],[128.91808674849835,32.59639034782584],[128.92004286108892,32.595837428806604],[128.92196792427328,32.59804910488356],[128.92476237083122,32.59666680733546],[128.9255696553924,32.5986020239028]]],[[[128.90641217176736,32.59473159076812],[128.90725050573477,32.59166540347962],[128.90420766392722,32.59221832249885],[128.90641217176736,32.59473159076812]]],[[[128.904487108583,32.586663999623774],[128.90225155133666,32.5855581615853],[128.90085432805768,32.586663999623774],[128.89669370762695,32.58638754011415],[128.89781148625013,32.588599216191106],[128.90364877461562,32.59055956544114],[128.904487108583,32.586663999623774]]],[[[128.78032053319157,32.62084444808582],[128.77752608663363,32.61916055834541],[128.77780553128943,32.62084444808582],[128.78032053319157,32.62084444808582]]],[[[128.78032053319157,32.61694888226845],[128.778364420601,32.61415915448957],[128.77780553128943,32.615566584720355],[128.78032053319157,32.61694888226845]]],[[[128.83946965200144,32.60501085798943],[128.83891076268986,32.60415634677788],[128.841425764592,32.60083883266245],[128.8417052092478,32.59804910488356],[128.84002854131305,32.59500805027774],[128.83086896648422,32.59639034782584],[128.82835396458205,32.597219726354695],[128.82614945674192,32.600009454133584],[128.82947174320523,32.60249758972016],[128.83086896648422,32.60528731749905],[128.83614736553812,32.60360342775864],[128.83946965200144,32.60501085798943]]],[[[128.70782016971597,32.578898000671735],[128.70890689893295,32.58083321723907],[128.71309856876988,32.58249197429679],[128.71502363195424,32.58166259576793],[128.71781807851218,32.58276843380641],[128.72253758825448,32.578898000671735],[128.71418529798686,32.580556757729454],[128.70782016971597,32.578898000671735]]]]}},{"type":"Feature","properties":{"level":"county","prefecture":"長崎県","district":"北高来郡","label":"北高来郡","name":"長崎県 北高来郡","municipalityCount":18},"geometry":{"type":"MultiPolygon","coordinates":[[[[130.1601871940994,32.90695490785932],[130.087407385968,32.862771651685584],[130.15841737794602,32.840780554329484],[130.1439483546571,32.79614490986728],[129.9557889530887,32.76548303698221],[129.93824603858604,32.81642698480027],[129.99081268328163,32.80680116732898],[130.04123691894947,32.95631549666775],[130.2011724102826,32.95905495908125],[130.16381997462472,32.9066784483497],[130.1601871940994,32.90695490785932]]],[[[129.89667088368503,32.729467902683595],[129.89949637964918,32.72894011634705],[129.89660878487263,32.723838181760435],[129.89421798059527,32.72788454367396],[129.89667088368503,32.729467902683595]]],[[[130.00689627569292,32.75336908392434],[130.00605794172554,32.75168519418393],[130.00217676595062,32.75475138147243],[130.00382238447918,32.755580760001294],[130.00689627569292,32.75336908392434]]],[[[130.0399328438891,32.75919986630904],[130.03800778070473,32.76337189163603],[130.04077117785647,32.76279383993409],[130.0399328438891,32.75919986630904]]],[[[129.97826872317708,32.75336908392434],[129.9816220590466,32.74974997761659],[129.98466490085414,32.75253970539548],[129.98770774266168,32.75030289663583],[129.9871799027563,32.7528161649051],[129.98966385525225,32.75085581565507],[129.98882552128487,32.74919705859735],[129.98354712223096,32.74585441179922],[129.98326767757518,32.74836768006849],[129.97854816783286,32.747261842030014],[129.97382865809055,32.75002643712621],[129.96994748231563,32.74809122055888],[129.96994748231563,32.75223811320316],[129.96771192506927,32.7528161649051],[129.96827081438087,32.75530430049167],[129.9655074172291,32.75696305754939],[129.96411019395015,32.761688001895614],[129.96994748231563,32.75919986630904],[129.9719035949062,32.760305704347516],[129.97466699205793,32.75892340679942],[129.9769025493043,32.760305704347516],[129.98050428042342,32.759752785328274],[129.98022483576764,32.75754110925132],[129.97826872317708,32.75641013853015],[129.97826872317708,32.75336908392434]]]]}},{"type":"Feature","properties":{"level":"county","prefecture":"長崎県","district":"北松浦郡","label":"北松浦郡","name":"長崎県 北松浦郡","municipalityCount":37},"geometry":{"type":"MultiPolygon","coordinates":[[[[129.55466167439857,33.6104689617929],[129.5582634055177,33.60936312375442],[129.55773556561232,33.60546755793705],[129.5521777219026,33.603532341369714],[129.55133938793523,33.60629693646591],[129.55466167439857,33.607126314994765],[129.55466167439857,33.6104689617929]]],[[[129.55661778698914,33.47688875328129],[129.49631984014988,33.47161088991582],[129.55466167439857,33.50938531200293],[129.58328922691442,33.49578853066618],[129.55689723164494,33.473822565992776],[129.55661778698914,33.47688875328129]]],[[[129.7363007006651,33.428030818126715],[129.7563275676637,33.469952132858104],[129.79299691638522,33.42994090201135],[129.73521397144813,33.40578839394369],[129.73300946360797,33.42745276642478],[129.7363007006651,33.428030818126715]]],[[[129.71354148592093,33.46050224416565],[129.71854044031903,33.46381975828109],[129.72189377618858,33.461055163184895],[129.72521606265192,33.46050224416565],[129.72828995386564,33.45633021883867],[129.72633384127508,33.454671461780954],[129.72689273058668,33.45049943645397],[129.72161433153278,33.454671461780954],[129.7193787742864,33.45411854276172],[129.71354148592093,33.46050224416565]]],[[[129.52423325632316,33.43514336732874],[129.50495157507333,33.42717630691516],[129.52854912378487,33.436877522434536],[129.52423325632316,33.43514336732874]]],[[[129.5374603033641,33.437455574136465],[129.53494530146196,33.436877522434536],[129.53382752283878,33.43883787168456],[129.53662196939672,33.43911433119418],[129.5374603033641,33.437455574136465]]],[[[129.53410696749458,33.42466303864589],[129.53494530146196,33.421043932338144],[129.53190245965442,33.42383366011703],[129.5324302995598,33.42632179570361],[129.53410696749458,33.42466303864589]]],[[[129.43058824722576,33.37547837861631],[129.43496621349988,33.35466851734677],[129.39801742012256,33.35856408316414],[129.43468676884407,33.4421553858],[129.42996725910177,33.37884615809713],[129.43058824722576,33.37547837861631]]],[[[129.71189586739237,33.41993809429967],[129.7107780887692,33.419385175280425],[129.70801469161745,33.42493949815551],[129.7107780887692,33.42355720060741],[129.71189586739237,33.41993809429967]]],[[[129.68662165074605,33.41993809429967],[129.68578331677867,33.41855579675157],[129.6896644925536,33.413554392895726],[129.68662165074605,33.41161917632839],[129.689105603242,33.40938236756874],[129.6888261585862,33.40772361051103],[129.68466553815549,33.40606485345331],[129.68270942556492,33.40661777247254],[129.67938713910158,33.410488205607216],[129.67994602841318,33.41189563583801],[129.68466553815549,33.413277933386105],[129.68578331677867,33.416344120674616],[129.68270942556492,33.419108715770804],[129.68190214100375,33.422451362568935],[129.68770837996303,33.422727822078556],[129.68662165074605,33.41993809429967]]],[[[129.85826276821638,33.38133429368371],[129.80771433492373,33.350220032510165],[129.79659864750434,33.4146602309342],[129.8510282565719,33.38578277852031],[129.85826276821638,33.38133429368371]]],[[[129.82743070786034,33.35383913881791],[129.82854848648353,33.351878789567884],[129.82771015251615,33.3493906539813],[129.82743070786034,33.35383913881791]]],[[[129.4801741489262,33.23591659162385],[129.39385679969186,33.173311079036374],[129.34858676545312,33.18218291602689],[129.35662856165877,33.207466394815725],[129.40053242202472,33.18080061847879],[129.38218222296086,33.227472010239104],[129.43580454746726,33.23747481795079],[129.40329581917646,33.265221299643514],[129.44692023488665,33.29161061647083],[129.4372017707462,33.34773189692359],[129.50771497222507,33.380504915154845],[129.5229912800752,33.35356267930829],[129.5521777219026,33.38105783417409],[129.51771288102128,33.39995761155898],[129.55494111905438,33.4088294485495],[129.5696585375929,33.35743311244296],[129.51386275465256,33.32993795757717],[129.53190245965442,33.31078685336534],[129.48830909335044,33.2882679696727],[129.4852352021367,33.2419233027874],[129.4801741489262,33.23591659162385]]],[[[129.78495512017957,33.3971678837801],[129.78051505509305,33.39299585845311],[129.7777206085351,33.39354877747235],[129.77660282991192,33.39689142427048],[129.77355998810438,33.39937955985705],[129.77439832207176,33.40106344959746],[129.77716171922353,33.4016163686167],[129.7788383871583,33.399656019366674],[129.7824401182774,33.39910310034743],[129.78495512017957,33.3971678837801]]],[[[129.77939727646987,33.39050772286654],[129.77939727646987,33.389678344337675],[129.77355998810438,33.39106064188577],[129.7777206085351,33.392166479924256],[129.77939727646987,33.39050772286654]]],[[[129.7777827073475,33.27009704008589],[129.81435890785042,33.24242595644125],[129.8156319335046,33.188591750113524],[129.7045061087169,33.19904694611368],[129.70267419375114,33.13204321405499],[129.66550805453045,33.10135620848722],[129.65659687495122,33.13108817211267],[129.6982651780708,33.13719541400699],[129.63579377279763,33.16692737763243],[129.6579940982302,33.186354941353876],[129.63939550391675,33.223023525402496],[129.6263237039068,33.18942112864238],[129.61300350864727,33.224682282460215],[129.5535438957754,33.216363364488934],[129.58356867157022,33.29188707598045],[129.62228728110088,33.310108270932645],[129.56217563069882,33.32438363470209],[129.5685718083759,33.37716226835672],[129.6474373001224,33.36494778456807],[129.67050700892855,33.39937955985705],[129.6682714516822,33.362710975808426],[129.7052202450595,33.3449421691447],[129.7885568512987,33.37160794548164],[129.75896676719066,33.290856635990046],[129.77713066981732,33.27107721471091],[129.7777827073475,33.27009704008589]]],[[[129.59856553476453,33.3840988887799],[129.6007700426047,33.38161075319333],[129.60300559985106,33.38216367221256],[129.60440282313002,33.37995199613561],[129.59688886682977,33.382716591231805],[129.5946533095834,33.38467694048183],[129.59856553476453,33.3840988887799]]],[[[129.57909755707752,33.305232530490265],[129.5793770017333,33.30661482803836],[129.58217144829123,33.304378019278715],[129.57856971717212,33.30354864074985],[129.57909755707752,33.305232530490265]]],[[[129.51858226439487,33.29161061647083],[129.51442164396414,33.28995185941311],[129.51358330999676,33.29078123794197],[129.51774393042749,33.29243999499969],[129.51858226439487,33.29161061647083]]],[[[129.51470108861994,33.28216072777838],[129.51358330999676,33.280778430230285],[129.5113477527504,33.28354302532648],[129.51470108861994,33.28216072777838]]],[[[129.56301396466623,33.28743859114384],[129.56633625112954,33.29105769745159],[129.56801291906433,33.28799151016308],[129.56301396466623,33.28743859114384]]],[[[129.5738191580236,33.28771505065346],[129.57245298415083,33.2882679696727],[129.5749369366468,33.29078123794197],[129.5738191580236,33.28771505065346]]],[[[129.57245298415083,33.278843213662945],[129.5740986026794,33.27939613268219],[129.5738191580236,33.27663153758599],[129.57105576087187,33.27715932392253],[129.57245298415083,33.278843213662945]]],[[[129.5682923637201,33.27607861856675],[129.57133520552765,33.275249240037894],[129.56689514044115,33.270800755201286],[129.56438013853898,33.27107721471091],[129.56465958319478,33.27303756396094],[129.56773347440853,33.273866942489796],[129.56577736181796,33.275249240037894],[129.5682923637201,33.27607861856675]]],[[[129.5638212492274,33.266352270364685],[129.56577736181796,33.26358767526849],[129.56493902785058,33.26135086650884],[129.56217563069882,33.2638641347781],[129.5585428501735,33.26496997281659],[129.56273452001042,33.26579935134544],[129.56021951810825,33.266352270364685],[129.56301396466623,33.26941845765319],[129.5638212492274,33.266352270364685]]],[[[129.5524571665584,33.26358767526849],[129.55550000836595,33.26579935134544],[129.55522056371015,33.26220537772039],[129.55078049862365,33.26248183723001],[129.5524571665584,33.26358767526849]]],[[[129.5585428501735,33.26107440699922],[129.55938118414088,33.26303475624925],[129.56189618604304,33.26331121575887],[129.56438013853898,33.260245028470365],[129.5585428501735,33.25913919043188],[129.5585428501735,33.26107440699922]]],[[[129.56465958319478,33.25330840804718],[129.56189618604304,33.24996576124906],[129.55994007345248,33.25051868026829],[129.56189618604304,33.25441424608566],[129.56465958319478,33.25330840804718]]],[[[129.09165292915304,33.25592220704722],[129.06973204837624,33.2707756225186],[129.12611777003437,33.302719262221],[129.1563909410788,33.27105208202821],[129.09388848639938,33.252730356345246],[129.09165292915304,33.25592220704722]]],[[[129.06333587069918,33.25328327536449],[129.06389476001075,33.251322926114455],[129.0672170464741,33.251875845133696],[129.06777593578568,33.254389113402965],[129.07305433483958,33.25494203242221],[129.07501044743015,33.2477289524894],[129.07081877759322,33.24438630569128],[129.06889371440886,33.2446627652009],[129.06889371440886,33.24717603347017],[129.06554037853934,33.248558331018266],[129.06361531535495,33.24689957396055],[129.06137975810861,33.24745249297979],[129.05945469492426,33.2504935475856],[129.06029302889164,33.251875845133696],[129.05805747164527,33.256047870460684],[129.05917525026845,33.25828467922033],[129.06389476001075,33.26187865284538],[129.0669376018183,33.262155112355],[129.0624975367318,33.25883759823957],[129.06389476001075,33.254665572912586],[129.06333587069918,33.25328327536449]]],[[[129.54469481500857,33.23053819752761],[129.54497425966437,33.231920495075705],[129.5477066074099,33.23109111654685],[129.54469481500857,33.23053819752761]]],[[[129.5521777219026,33.22857784827758],[129.55661778698914,33.22830138876796],[129.55801501026812,33.22719555072948],[129.5538233404312,33.22608971269101],[129.5521777219026,33.22857784827758]]],[[[129.54634043353713,33.22691909121986],[129.54966272000047,33.22691909121986],[129.54938327534467,33.22329998491212],[129.5477066074099,33.22357644442174],[129.54634043353713,33.22691909121986]]],[[[129.55161883259103,33.222747065892875],[129.5488243860331,33.222747065892875],[129.55133938793523,33.224405822950594],[129.55161883259103,33.222747065892875]]],[[[129.56801291906433,33.214704607431216],[129.5690996482813,33.21191487965233],[129.56549791716216,33.21302071769081],[129.56549791716216,33.216639823998555],[129.56801291906433,33.214704607431216]]],[[[129.5796564463891,33.21108550112348],[129.5796564463891,33.20829577334459],[129.57661360458155,33.207466394815725],[129.57633415992575,33.212191339161954],[129.57801082786054,33.21329717720043],[129.5796564463891,33.21108550112348]]],[[[129.59660942217397,33.20691347579649],[129.5996522639815,33.20829577334459],[129.5996522639815,33.20553117824839],[129.60300559985106,33.20246499095988],[129.59912442407614,33.203017909979124],[129.59660942217397,33.201359152921405],[129.59828609010873,33.204148880700295],[129.5957710882066,33.20442534020991],[129.59660942217397,33.20691347579649]]],[[[129.58133311432385,33.20608409726763],[129.58273033760284,33.207742854325346],[129.58521429009878,33.20691347579649],[129.5899337998411,33.20359596168105],[129.5949327542392,33.20470179971953],[129.59356658036643,33.2027414504695],[129.5891265152799,33.201635612431026],[129.58409651147562,33.203872421190674],[129.58273033760284,33.20246499095988],[129.58133311432385,33.20608409726763]]],[[[129.5052620691353,33.20691347579649],[129.50274706723317,33.20246499095988],[129.50470317982374,33.207742854325346],[129.5052620691353,33.20691347579649]]],[[[129.58409651147562,33.201359152921405],[129.58549373475458,33.19914747684445],[129.58328922691442,33.19887101733483],[129.58217144829123,33.201359152921405],[129.58409651147562,33.201359152921405]]],[[[129.33523552078736,33.2491112500375],[129.33775052268953,33.251599385624075],[129.34191114312023,33.251599385624075],[129.33775052268953,33.248005411999024],[129.33523552078736,33.2491112500375]]],[[[129.3430289217434,33.23885711549889],[129.34163169846445,33.23719835844117],[129.3394271906243,33.23968649402775],[129.3430289217434,33.23885711549889]]],[[[129.3494250994205,33.21191487965233],[129.35302683053962,33.21246779867157],[129.35026343338788,33.209979663084994],[129.35054287804368,33.207466394815725],[129.34830732079732,33.20942674406576],[129.3494250994205,33.21191487965233]]],[[[129.34023447518547,33.194698992007844],[129.3441467003666,33.1969106680848],[129.34247003243183,33.192462183248196],[129.34023447518547,33.194698992007844]]],[[[129.34163169846445,33.187737238901974],[129.33775052268953,33.185802022334634],[129.33775052268953,33.18303742723844],[129.33579441009897,33.18359034625768],[129.334707680882,33.188868209623145],[129.3385888566569,33.18997404766162],[129.34163169846445,33.187737238901974]]],[[[129.34526447898978,33.179971239949936],[129.34219058777603,33.18162999700765],[129.34079336449707,33.183866805767295],[129.3447055896782,33.1852491033154],[129.34551287423938,33.18218291602689],[129.34802787614151,33.18218291602689],[129.34691009751833,33.17748310436336],[129.34526447898978,33.179971239949936]]],[[[129.06417420466656,33.226893958537175],[129.0666581571625,33.227999796575645],[129.06609926785092,33.22521006879676],[129.06833482509728,33.224104230758286],[129.06945260372046,33.22634103951793],[129.07081877759322,33.223827771248665],[129.07305433483958,33.224104230758286],[129.07445155811857,33.22244547370057],[129.072495445528,33.22161609517171],[129.06861426975306,33.21772052935434],[129.0658198231951,33.217444069844724],[129.06609926785092,33.21965574592168],[129.06277698138757,33.22078671664285],[129.06473309397813,33.22438069026791],[129.06137975810861,33.224104230758286],[129.06137975810861,33.22578812049869],[129.06417420466656,33.226893958537175]]],[[[129.0676827875671,33.19457332859438],[129.02806374525665,33.20078110121948],[129.09749021751853,33.215232393767764],[129.07081877759322,33.189119536450065],[129.0676827875671,33.19457332859438]]],[[[129.02601448444747,33.21136196063309],[129.02722541128927,33.20716480262342],[129.02582818801028,33.20771772164265],[129.02610763266608,33.204676667036836],[129.02390312482592,33.200504641709855],[129.01915256567742,33.19939880367138],[129.0152713899025,33.2010575607291],[129.01194910343915,33.20078110121948],[129.01166965878335,33.20354569631567],[129.01334632671814,33.20495312654646],[129.01166965878335,33.206611883604175],[129.0147125005909,33.21023098991192],[129.0141536112793,33.212995585008116],[129.01778639180463,33.212719125498495],[129.01943201033322,33.21106036844078],[129.02194701223536,33.212719125498495],[129.0249898540429,33.212719125498495],[129.02601448444747,33.21136196063309]]],[[[128.92749471857678,33.19467385932515],[128.93000972047892,33.19050183399817],[128.9263769399536,33.19022537448855],[128.92749471857678,33.19467385932515]]],[[[128.98667488679283,33.193844480796294],[128.99027661791197,33.19356802128667],[128.9938783490311,33.19077829350779],[128.99167384119093,33.1866062681808],[128.99083550722355,33.18856661743083],[128.9875132207602,33.18884307694045],[128.98360099557908,33.18743564670966],[128.98027870911577,33.18467105161346],[128.97860204118098,33.18829015792121],[128.98223482170633,33.18967245546931],[128.9827626616117,33.1924370505655],[128.98667488679283,33.193844480796294]]],[[[129.03166547637576,33.189119536450065],[129.029988808441,33.18632980867118],[129.02750485594507,33.18771210621928],[129.02890207922403,33.189395995959686],[129.03166547637576,33.189119536450065]]],[[[129.0413839405162,33.18688272769042],[129.03917943267604,33.18743564670966],[129.04166338517197,33.18884307694045],[129.0413839405162,33.18688272769042]]],[[[128.90277939124203,33.169943299555555],[128.90417661452102,33.1663241932478],[128.8994571047787,33.1663241932478],[128.8936198164132,33.16745516396898],[128.8994571047787,33.169943299555555],[128.9000159940903,33.173838865372915],[128.90277939124203,33.173838865372915],[128.90277939124203,33.169943299555555]]],[[[128.90389716986522,33.15383324994954],[128.89805988149973,33.152174492891824],[128.89917766012292,33.149661224622555],[128.89722154753235,33.149937684132176],[128.8952654349418,33.15355679043992],[128.90054383399567,33.154386168968784],[128.90194105727466,33.15549200700726],[128.90389716986522,33.15383324994954]]],[[[129.1297195011535,33.22521006879676],[129.13332123227264,33.22772333706603],[129.13611567883058,33.22744687755641],[129.1405557439171,33.22272193321019],[129.13611567883058,33.21965574592168],[129.13139616908828,33.21995733811399],[129.1297195011535,33.22272193321019],[129.1297195011535,33.22521006879676]]],[[[129.12360276813223,33.169943299555555],[129.12276443416482,33.21354850402736],[129.12472054675538,33.167203837142054],[129.12360276813223,33.169943299555555]]],[[[129.60021115329312,33.19887101733483],[129.59884497942033,33.19580483004632],[129.60021115329312,33.19273864275782],[129.5954916435508,33.1941460729886],[129.59632997751817,33.19746358710404],[129.60021115329312,33.19887101733483]]],[[[129.6110473960567,33.19746358710404],[129.6110473960567,33.19386961347899],[129.61244461933566,33.193316694459746],[129.61272406399146,33.18914466913276],[129.60940177752812,33.1910798857001],[129.60828399890494,33.19025050717124],[129.60968122218392,33.1969106680848],[129.6110473960567,33.19746358710404]]],[[[129.59216935708744,33.16996843223824],[129.59272824639905,33.16524348789202],[129.59133102312006,33.1635847308343],[129.58328922691442,33.1605185435458],[129.58161255897966,33.162478892795825],[129.58328922691442,33.16775675616129],[129.59021324449688,33.16775675616129],[129.59049268915268,33.170797810767105],[129.5843759561314,33.17607567413257],[129.58273033760284,33.17552275511333],[129.57909755707752,33.18218291602689],[129.5793770017333,33.18497264380578],[129.58133311432385,33.186078481844255],[129.58049478035647,33.187737238901974],[129.58133311432385,33.192462183248196],[129.58605262406618,33.19163280471933],[129.59328713571063,33.192185723738575],[129.594125469678,33.188591750113524],[129.59328713571063,33.186354941353876],[129.5946533095834,33.18441972478654],[129.59077213380849,33.18331388674806],[129.5896543551853,33.185802022334634],[129.59272824639905,33.18663140086349],[129.58856762596832,33.19080342619048],[129.58605262406618,33.188868209623145],[129.5891265152799,33.18803883109428],[129.58689095803356,33.186078481844255],[129.58744984734514,33.18218291602689],[129.59133102312006,33.18024769945955],[129.59272824639905,33.176628593151804],[129.59216935708744,33.16996843223824]]],[[[129.64579168159383,33.19052696668086],[129.6474373001224,33.19135634520972],[129.64883452340138,33.18942112864238],[129.64579168159383,33.19052696668086]]],[[[129.61412128727045,33.187737238901974],[129.61160628536828,33.184143265276916],[129.60912233287235,33.18690786037311],[129.61244461933566,33.188868209623145],[129.61412128727045,33.187737238901974]]],[[[129.67162478755174,33.16024208403618],[129.66994811961698,33.16164951426697],[129.67187318280133,33.165796406911255],[129.67466762935928,33.16024208403618],[129.67438818470347,33.15747748893998],[129.6724320721129,33.162202433286204],[129.67162478755174,33.16024208403618]]],[[[129.63883661460517,33.1605185435458],[129.64023383788413,33.15858332697846],[129.63771883598199,33.15803040795922],[129.6368805020146,33.162755352305446],[129.63883661460517,33.1605185435458]]],[[[129.67106589824016,33.153581923122616],[129.6677125623706,33.15468776116109],[129.668550896338,33.15720102943036],[129.67187318280133,33.15413484214186],[129.67299096142452,33.15023927632449],[129.67078645358436,33.14968635730525],[129.6688303409938,33.153029004103374],[129.67106589824016,33.153581923122616]]],[[[129.66522860987465,33.15247608508414],[129.6677125623706,33.15275254459376],[129.66715367305903,33.15081732802642],[129.66134743409972,33.1505408685168],[129.66522860987465,33.15247608508414]]],[[[129.67798991582262,33.13940709008394],[129.6724320721129,33.139960009103184],[129.67522651867085,33.14385557492055],[129.67578540798246,33.14053806080511],[129.6785488051342,33.14053806080511],[129.67662374194984,33.14219681786283],[129.6785488051342,33.14330265590131],[129.67882824979,33.141090979824355],[129.68078436238056,33.141367439333976],[129.68106380703637,33.13885417106471],[129.67938713910158,33.136366035478126],[129.67634429729404,33.136366035478126],[129.6738292953919,33.138024792535845],[129.67578540798246,33.13913063057432],[129.67743102651102,33.1374718735166],[129.67798991582262,33.13940709008394]]],[[[129.07556933674172,33.18356521357499],[129.0716571115606,33.183288754065366],[129.07333377949539,33.184947511123084],[129.07556933674172,33.18356521357499]]],[[[129.05973413958003,33.179393188248],[129.0558219143989,33.17884026922876],[129.05666024836628,33.17687991997873],[129.0524996279356,33.17743283899797],[129.05473518518193,33.17911672873838],[129.0574985823337,33.183012294555745],[129.0611003134528,33.180499026286476],[129.05973413958003,33.179393188248]]],[[[129.0141536112793,33.17994610726724],[129.0138741666235,33.18132840481534],[129.01722750249306,33.18467105161346],[129.01890417042782,33.183012294555745],[129.0199908996448,33.18467105161346],[129.02334423551434,33.18439459210384],[129.0249898540429,33.180499026286476],[129.02306479085854,33.17884026922876],[129.02082923361218,33.17966964775762],[129.01555083455827,33.17911672873838],[129.0141536112793,33.17994610726724]]],[[[129.01750694714883,33.169943299555555],[129.02082923361218,33.1735624058633],[129.02418256948172,33.17466824390178],[129.02666652197766,33.17160205661327],[129.02638707732189,33.16856100200745],[129.02250590154694,33.166877112267045],[129.02250590154694,33.16411251717085],[129.01694805783725,33.16604773373818],[129.01750694714883,33.169943299555555]]],[[[129.0399867172372,33.17300948684406],[129.03889998802023,33.171325597103646],[129.0363849861181,33.17300948684406],[129.03418047827793,33.17160205661327],[129.03250381034317,33.17273302733444],[129.03390103362213,33.17439178439216],[129.03806165405285,33.174115324882536],[129.0399867172372,33.17300948684406]]],[[[129.52441955276035,33.16996843223824],[129.52330177413717,33.16692737763243],[129.51914115370644,33.17135072978634],[129.51970004301805,33.17386399805561],[129.52302232948136,33.17303461952675],[129.52441955276035,33.16996843223824]]],[[[129.54329759172958,33.15164670655528],[129.50386484585636,33.139960009103184],[129.54025474992204,33.14830405975715],[129.54329759172958,33.15164670655528]]]]}},{"type":"Feature","properties":{"level":"county","prefecture":"長野県","district":"下伊那郡","label":"下伊那郡","name":"長野県 下伊那郡","municipalityCount":42},"geometry":{"type":"MultiPolygon","coordinates":[[[[138.12153438828295,35.428567227781556],[138.14159230468775,35.36998294442492],[137.89543261233888,35.257991710346325],[137.8725491999699,35.21888525607651],[137.77486776806657,35.20352918695128],[137.68252683402955,35.23461831544213],[137.5786665702925,35.198477517730055],[137.54680987953193,35.251281284067375],[137.55652834367234,35.309186984991314],[137.60378553990785,35.33459612719362],[137.57522008620438,35.40001650024267],[137.63483494610725,35.40087101145423],[137.59301139595664,35.44711514760876],[137.6317610548935,35.47003615422449],[137.62493018552965,35.5009242212538],[137.80129081274225,35.65569128127534],[138.00488176919177,35.59755938620716],[138.04723315924775,35.69907029160291],[138.0771026880116,35.69432021457399],[138.15938361444003,35.544881283283296],[138.13827001822443,35.52206080739834],[138.160159849595,35.46734695717637],[138.12019926381637,35.43143235360853],[138.12153438828295,35.428567227781556]]]]}},{"type":"Feature","properties":{"level":"county","prefecture":"長野県","district":"下高井郡","label":"下高井郡","name":"長野県 下高井郡","municipalityCount":20},"geometry":{"type":"MultiPolygon","coordinates":[[[[138.43373616761798,36.696787529137026],[138.30838971479096,36.723805163031656],[138.37216519512455,36.86706145437995],[138.45966242179446,36.9754335821508],[138.58628190027565,36.98855284251638],[138.588672704553,36.914109836380646],[138.693619697507,36.85293688670666],[138.66899751839088,36.77907193227287],[138.69591735356576,36.73850778240687],[138.51409203086203,36.690177633588846],[138.53433624370405,36.6662764523481],[138.43646851536352,36.69326895356005],[138.43373616761798,36.696787529137026]]]]}},{"type":"Feature","properties":{"level":"county","prefecture":"長野県","district":"下水内郡","label":"下水内郡","name":"長野県 下水内郡","municipalityCount":10},"geometry":{"type":"MultiPolygon","coordinates":[[[[138.3799585960806,36.87487771869738],[138.3332602891567,36.74971695888782],[138.29410698793924,36.74587165843583],[138.27451481262742,36.83727922538912],[138.2958147052802,36.909761882274815],[138.3432581979529,36.92084539534228],[138.3948933604625,36.997173352679965],[138.56588244040265,37.021250462699555],[138.5694220727094,36.975131989958484],[138.45966242179446,36.9754335821508],[138.3861684773205,36.87052976459154],[138.3799585960806,36.87487771869738]]]]}},{"type":"Feature","properties":{"level":"county","prefecture":"長野県","district":"更級郡","label":"更級郡","name":"長野県 更級郡","municipalityCount":29},"geometry":{"type":"MultiPolygon","coordinates":[[[[138.21462050806878,36.618423824501235],[138.19946839784345,36.56896270496203],[138.10588548755845,36.5285744838749],[138.1769575783489,36.458579962575776],[138.16882263392463,36.4152260849309],[138.07312836401806,36.490046081307014],[137.96358605894656,36.46348083570085],[137.96721883947188,36.51580708106701],[137.91713614727226,36.54006011986545],[137.93256770215336,36.57657790781792],[138.0402470428529,36.567479876683166],[138.04434556447123,36.60050422174135],[138.09476980013906,36.61963019327048],[138.2070755023623,36.61849922254932],[138.21462050806878,36.618423824501235]]]]}},{"type":"Feature","properties":{"level":"county","prefecture":"長野県","district":"小県郡","label":"小県郡","name":"長野県 小県郡","municipalityCount":34},"geometry":{"type":"MultiPolygon","coordinates":[[[[138.44174691441742,36.422589960959854],[138.38641687257007,36.334122917881615],[138.3225792934241,36.356315076699246],[138.28755556323117,36.31642950926596],[138.29935433758695,36.246007732361065],[138.2550157855342,36.125345722753494],[138.20338062302457,36.10654647609937],[138.1346993365115,36.14824159668653],[138.129327789239,36.211701620485556],[138.06906089180595,36.284887992486645],[138.0657075559364,36.4021822226134],[138.11467246951287,36.4011266499403],[138.1286136528964,36.43819735691201],[138.16882263392463,36.4152260849309],[138.24194398552424,36.432517370623465],[138.22672977648654,36.403941510401886],[138.26783919029455,36.38172421890155],[138.26665931285896,36.438901072027406],[138.19984099071783,36.51115753476887],[138.38206995570215,36.5546622085099],[138.41395769586896,36.53259571310572],[138.4009790440776,36.43472904670042],[138.44159166738643,36.422589960959854],[138.44174691441742,36.422589960959854]]]]}},{"type":"Feature","properties":{"level":"county","prefecture":"長野県","district":"上伊那郡","label":"上伊那郡","name":"長野県 上伊那郡","municipalityCount":31},"geometry":{"type":"MultiPolygon","coordinates":[[[[138.0087629449667,36.01282670233836],[138.03732839867016,36.01229891600181],[138.05468501673562,35.94697907368352],[138.1131510486091,35.97485121878971],[138.1505966324856,35.95411675556825],[138.18881845151705,35.85795911158604],[138.1760881949753,35.78819078443116],[138.23682083350133,35.7578305037384],[138.1808387541238,35.716210781199315],[138.2186569308747,35.644557502842474],[138.18440943583673,35.573080153264485],[138.11125703483094,35.59999725642835],[138.06136063906848,35.7035439091222],[138.00488176919177,35.59755938620716],[137.80129081274225,35.65569128127534],[137.8046441486118,35.78954794929656],[137.8571176450888,35.872787394374726],[137.82929737713414,35.94587323564505],[137.94315554966735,36.06364498674296],[138.00683788178233,36.053189790742806],[138.00596849840875,36.01395767305952],[138.0087629449667,36.01282670233836]]]]}},{"type":"Feature","properties":{"level":"county","prefecture":"長野県","district":"上高井郡","label":"上高井郡","name":"長野県 上高井郡","municipalityCount":15},"geometry":{"type":"MultiPolygon","coordinates":[[[[138.40569855381992,36.69909973594475],[138.53433624370405,36.6662764523481],[138.45904143367048,36.63483546629956],[138.41771467401907,36.54320170520204],[138.26957795704172,36.541316754000086],[138.22561199786335,36.6182227630397],[138.28997741691472,36.71478252994498],[138.40141373576438,36.69829549009859],[138.40569855381992,36.69909973594475]]]]}},{"type":"Feature","properties":{"level":"county","prefecture":"長野県","district":"上水内郡","label":"上水内郡","name":"長野県 上水内郡","municipalityCount":33},"geometry":{"type":"MultiPolygon","coordinates":[[[[138.27572573946918,36.83672630636988],[138.3109668155055,36.7208897718393],[138.24666349526655,36.625234781510954],[138.09476980013906,36.61963019327048],[138.04434556447123,36.60050422174135],[138.0402470428529,36.567479876683166],[137.93256770215336,36.57657790781792],[137.9139691078399,36.69168559455041],[138.0034534965066,36.82642190646588],[138.05223211364586,36.79995719159048],[138.11237481345412,36.849493709177764],[138.21378217410137,36.871158081658855],[138.27451481262742,36.83727922538912],[138.27572573946918,36.83672630636988]],[[138.15652706906968,36.66715609624235],[138.20878321970326,36.652855599790215],[138.18974993370304,36.68590507753109],[138.15627867382008,36.6687143225693],[138.15652706906968,36.66715609624235]]]]}},{"type":"Feature","properties":{"level":"county","prefecture":"長野県","district":"埴科郡","label":"埴科郡","name":"長野県 埴科郡","municipalityCount":17},"geometry":{"type":"MultiPolygon","coordinates":[[[[138.26721820217057,36.550867173423306],[138.26647301642177,36.51324354743236],[138.19884740971946,36.50874479723037],[138.24852645963853,36.43329648378693],[138.191923392137,36.422062174623306],[138.10588548755845,36.5285744838749],[138.22570514608196,36.606410402174134],[138.26457900264361,36.55255106316372],[138.26721820217057,36.550867173423306]]]]}},{"type":"Feature","properties":{"level":"county","prefecture":"長野県","district":"諏訪郡","label":"諏訪郡","name":"長野県 諏訪郡","municipalityCount":25},"geometry":{"type":"MultiPolygon","coordinates":[[[[138.12783741774143,36.166487924321416],[138.20338062302457,36.10654647609937],[138.275384196001,36.08633979921445],[138.32745405019742,36.10709939511861],[138.3740902583089,35.98940304206877],[138.28364333805004,35.85931627645145],[138.23278441069542,35.876381367999784],[138.19831956981406,35.78155575620029],[138.1505966324856,35.95411675556825],[138.1131510486091,35.97485121878971],[138.05468501673562,35.94697907368352],[138.03732839867016,36.01229891600181],[137.9920273150252,36.01408333647299],[138.0456496395316,36.16151165314827],[138.1234594514673,36.16329607361945],[138.12783741774143,36.166487924321416]]]]}},{"type":"Feature","properties":{"level":"county","prefecture":"長野県","district":"西筑摩郡","label":"西筑摩郡","name":"長野県 西筑摩郡","municipalityCount":16},"geometry":{"type":"MultiPolygon","coordinates":[[[[137.815263045532,36.054471557560134],[137.9044679895429,36.01812969838651],[137.82929737713414,35.94587323564505],[137.8571176450888,35.872787394374726],[137.8046441486118,35.78954794929656],[137.80129081274225,35.65569128127534],[137.72227007396478,35.60650662124576],[137.5902790482111,35.44711514760876],[137.51380436074197,35.60801458220732],[137.54544370565915,35.65109200034257],[137.4595610481116,35.761399344680754],[137.33567391737597,35.799425093594785],[137.33213428506923,35.840667825893476],[137.3808197539899,35.892416019557714],[137.47924637164203,35.89641211610585],[137.68802257892682,36.13004553441703],[137.72273581505777,36.133941100234395],[137.7310881053254,36.093980134753025],[137.80998464647809,36.05550199755053],[137.815263045532,36.054471557560134]]]]}},{"type":"Feature","properties":{"level":"county","prefecture":"長野県","district":"東筑摩郡","label":"東筑摩郡","name":"長野県 東筑摩郡","municipalityCount":37},"geometry":{"type":"MultiPolygon","coordinates":[[[[138.10619598162043,36.46649675762397],[138.11467246951287,36.4011266499403],[138.0657075559364,36.4021822226134],[138.06443453028223,36.333469468131604],[138.12783741774143,36.166487924321416],[138.0503070504615,36.16543235164832],[138.00683788178233,36.053189790742806],[137.94315554966735,36.06364498674296],[137.89667458858685,36.024538532473144],[137.75462355522455,36.086540860675996],[137.78759802460831,36.18350275050436],[137.89804076245963,36.224519288658826],[137.94331079669834,36.27910747546733],[137.909777438003,36.339099189054764],[137.94253456154337,36.46265145717199],[138.04623957824938,36.494921821749394],[138.10597863577703,36.46865816833554],[138.10619598162043,36.46649675762397]],[[137.9565688931455,36.26503317315942],[137.94911703565765,36.22542406523576],[137.99081638818345,36.224820880851134],[137.96063636535763,36.26151459758245],[137.9565688931455,36.26503317315942]]]]}},{"type":"Feature","properties":{"level":"county","prefecture":"長野県","district":"南安曇郡","label":"南安曇郡","name":"長野県 南安曇郡","municipalityCount":15},"geometry":{"type":"MultiPolygon","coordinates":[[[[137.87239395293892,36.379210950632284],[137.94331079669834,36.27910747546733],[137.89804076245963,36.224519288658826],[137.78759802460831,36.18350275050436],[137.75018349013806,36.09395500207033],[137.72273581505777,36.133941100234395],[137.617509377448,36.07673911442585],[137.55457223108178,36.10619461854167],[137.5950606567658,36.1720422471965],[137.57298452895805,36.2184120467645],[137.6471926097746,36.28873329293862],[137.64560909005843,36.34126059976633],[137.70590703689768,36.371821941920636],[137.71221006635616,36.41688484198862],[137.8722697553141,36.37885909307459],[137.87239395293892,36.379210950632284]]]]}},{"type":"Feature","properties":{"level":"county","prefecture":"長野県","district":"南佐久郡","label":"南佐久郡","name":"長野県 南佐久郡","municipalityCount":23},"geometry":{"type":"MultiPolygon","coordinates":[[[[138.45571914720716,36.24372065823603],[138.60441475349612,36.2472643664957],[138.63453267750953,36.213888163879815],[138.6358988513823,36.170936409158024],[138.57727757247784,36.16807128333106],[138.64481003096154,36.12104803401304],[138.63148983570198,36.02828330219435],[138.73926232462014,35.939112544000714],[138.67616993122294,35.8697966051343],[138.6107488323608,35.873692170951664],[138.59100141001795,35.919760378327354],[138.45453926977157,35.89988042631744],[138.44460345978777,35.950271455116265],[138.3704574777836,35.97138290857812],[138.32087157608314,36.111573012637905],[138.39936447495523,36.1936814869949],[138.4060400972881,36.25312028156309],[138.44991290824785,36.24646012064953],[138.45571914720716,36.24372065823603]]]]}},{"type":"Feature","properties":{"level":"county","prefecture":"長野県","district":"北安曇郡","label":"北安曇郡","name":"長野県 北安曇郡","municipalityCount":17},"geometry":{"type":"MultiPolygon","coordinates":[[[[138.0034534965066,36.82642190646588],[137.90524422469787,36.66021947581917],[137.94175832638837,36.594773970087424],[137.91713614727226,36.54006011986545],[137.96721883947188,36.51580708106701],[137.92048948314178,36.43007950040227],[137.94424227888433,36.423444472171404],[137.92045843373558,36.35096181528571],[137.72910094332866,36.425329423373356],[137.6787698558794,36.33698804370857],[137.58708095937257,36.371972738016794],[137.668740897677,36.50947364502846],[137.70475820886833,36.51784282836512],[137.68774313427105,36.562076349904245],[137.75111497232402,36.58874212624118],[137.7517670098542,36.75109925643591],[137.87646142515104,36.86620694316839],[137.86609092348044,36.915115143688354],[138.0137308499586,36.904031630620885],[138.03285728417745,36.88618742590908],[138.00531646087856,36.829111103513995],[138.0034534965066,36.82642190646588]]]]}},{"type":"Feature","properties":{"level":"county","prefecture":"長野県","district":"北佐久郡","label":"北佐久郡","name":"長野県 北佐久郡","municipalityCount":28},"geometry":{"type":"MultiPolygon","coordinates":[[[[138.4949966460494,36.25007922695728],[138.4115979409978,36.25812168541894],[138.3377003542432,36.11868556183994],[138.275384196001,36.08633979921445],[138.23402638694338,36.10800417169554],[138.2751047513452,36.15050353812887],[138.28339494280044,36.30680369179466],[138.3225792934241,36.356315076699246],[138.38641687257007,36.334122917881615],[138.3955764473989,36.37393308726682],[138.4577063092039,36.41158184594046],[138.6467040447397,36.410626803998134],[138.65353491410357,36.30310918743884],[138.6003162318778,36.278403760351935],[138.59817382285001,36.23067679591853],[138.4999956004475,36.24759109137071],[138.4949966460494,36.25007922695728]]]]}},{"type":"Feature","properties":{"level":"county","prefecture":"鳥取県","district":"岩美郡","label":"岩美郡","name":"鳥取県 岩美郡","municipalityCount":23},"geometry":{"type":"MultiPolygon","coordinates":[[[[134.22036279576474,35.52231213422527],[134.18726412875617,35.54035740039861],[134.3699898842397,35.614373150928564],[134.4215008491245,35.56290141677395],[134.44078253037432,35.43985180231057],[134.3490004856489,35.424445467819965],[134.27817679010803,35.44982947733957],[134.22995706228036,35.41665433618523],[134.20545908078904,35.4339204891951],[134.22039384517095,35.52216133812911],[134.22036279576474,35.52231213422527]],[[134.25560387180107,35.51492312551362],[134.2229709458855,35.4933341510806],[134.2529025734617,35.48313028190738],[134.25709424329864,35.512007734321266],[134.25560387180107,35.51492312551362]]]]}},{"type":"Feature","properties":{"level":"county","prefecture":"鳥取県","district":"気高郡","label":"気高郡","name":"鳥取県 気高郡","municipalityCount":27},"geometry":{"type":"MultiPolygon","coordinates":[[[[134.0920666493488,35.52475000444646],[134.2170715587076,35.52774079368689],[134.20337877057366,35.42341502782956],[134.04592723173647,35.37729655508849],[133.95138178985928,35.428139972175785],[133.96507457799322,35.52286505324451],[134.08921010397844,35.5256296483407],[134.0920666493488,35.52475000444646]]]]}},{"type":"Feature","properties":{"level":"county","prefecture":"鳥取県","district":"西伯郡","label":"西伯郡","name":"鳥取県 西伯郡","municipalityCount":46},"geometry":{"type":"MultiPolygon","coordinates":[[[[133.21693913561853,35.542518811110185],[133.26512781404003,35.55144091346609],[133.244573107136,35.53505440435046],[133.26941263209554,35.49371114132099],[133.39373445451795,35.45342345096462],[133.57329317056912,35.530178663908075],[133.58245274539794,35.3879025471848],[133.54978877007616,35.346157161232256],[133.51361621185387,35.397251905146476],[133.42080953672382,35.39013935594445],[133.4277956531187,35.34547857879955],[133.38361234809696,35.322557572183825],[133.3860963005929,35.27533326140427],[133.34020527823017,35.23215531253825],[133.29257548912028,35.31893846587608],[133.32207242500974,35.43231199750277],[133.2081832030703,35.51004738507124],[133.21290271281262,35.53922642967744],[133.21693913561853,35.542518811110185]]],[[[133.20045190092665,35.524247350792606],[133.19818529427408,35.528947162456134],[133.20181807479943,35.530882379023474],[133.202376964111,35.524775137129154],[133.20045190092665,35.524247350792606]]]]}},{"type":"Feature","properties":{"level":"county","prefecture":"鳥取県","district":"東伯郡","label":"東伯郡","name":"鳥取県 東伯郡","municipalityCount":46},"geometry":{"type":"MultiPolygon","coordinates":[[[[133.66622404332395,35.507282789975044],[133.9617522915299,35.52507672932146],[133.94998456658033,35.43072863849313],[134.04161136427476,35.373702581463434],[133.82199891422636,35.2508540284616],[133.74502743625803,35.31959191562609],[133.558948344905,35.36364950838636],[133.58810373732624,35.43593110381052],[133.56531347317588,35.43133182287775],[133.57329317056912,35.530178663908075],[133.65594668987194,35.50979605824431],[133.66622404332395,35.507282789975044]]]]}},{"type":"Feature","properties":{"level":"county","prefecture":"鳥取県","district":"日野郡","label":"日野郡","name":"鳥取県 日野郡","municipalityCount":20},"geometry":{"type":"MultiPolygon","coordinates":[[[[133.54978877007616,35.346157161232256],[133.59642497818768,35.34490052709762],[133.56053186462117,35.24658147240385],[133.50554336624202,35.2281843486728],[133.52619122136463,35.182920387143284],[133.3960942093891,35.180608180335554],[133.41183625833222,35.121144253084665],[133.29092987059173,35.10035952449782],[133.26913318743973,35.05768422928564],[133.13608648187528,35.07085375501661],[133.14841309613644,35.13976757095995],[133.19489405721697,35.1698011267777],[133.15279106241056,35.21913658290344],[133.31045994709115,35.2683715082984],[133.3547674497377,35.237408043221016],[133.38361234809696,35.322557572183825],[133.4277956531187,35.34547857879955],[133.42080953672382,35.39013935594445],[133.51361621185387,35.397251905146476],[133.54944722660798,35.34769025487651],[133.54978877007616,35.346157161232256]]]]}},{"type":"Feature","properties":{"level":"county","prefecture":"鳥取県","district":"八頭郡","label":"八頭郡","name":"鳥取県 八頭郡","municipalityCount":29},"geometry":{"type":"MultiPolygon","coordinates":[[[[134.3122379887088,35.43919835256057],[134.47804181781362,35.42864262582964],[134.5152390064405,35.277243345288916],[134.4628276087759,35.23670432810562],[134.3895510101453,35.251934733817386],[134.322701638598,35.202750073787804],[134.2604786285744,35.210968461028315],[134.17729726936616,35.16914767702769],[134.13429384178,35.283199791087085],[133.99941522124976,35.31479157323179],[134.07421324078413,35.395919872963766],[134.30730113312308,35.43970100621442],[134.3122379887088,35.43919835256057]]]]}},{"type":"Feature","properties":{"level":"county","prefecture":"島根県","district":"安濃郡","label":"安濃郡","name":"島根県 安濃郡","municipalityCount":10},"geometry":{"type":"MultiPolygon","coordinates":[[[[132.62954646913818,35.186514360768335],[132.62138047530772,35.14084827631573],[132.67202205681895,35.11734921799807],[132.65873291096563,35.090105389959206],[132.49084877164543,35.129764763248254],[132.50038093934864,35.180130659364394],[132.46197282388,35.17437527502777],[132.46799640868267,35.217502958528414],[132.5748995142272,35.272417870211925],[132.63209252044652,35.190259130489544],[132.62954646913818,35.186514360768335]]]]}},{"type":"Feature","properties":{"level":"county","prefecture":"島根県","district":"穏地郡","label":"穏地郡","name":"島根県 穏地郡","municipalityCount":2},"geometry":{"type":"MultiPolygon","coordinates":[[[[133.1817912078008,36.26025796344781],[133.22454624013739,36.328593727689224],[133.277733872957,36.3063513035062],[133.28419214944645,36.272397049188385],[133.2398225479875,36.2482948064861],[133.28012467723434,36.213033652668265],[133.26649398791278,36.167769691138744],[133.1823190477062,36.21220427413941],[133.17759953796389,36.25857407370741],[133.1817912078008,36.26025796344781]]],[[[133.25317379265323,36.160003692186706],[133.2548194111818,36.15749042391744],[133.25345323730903,36.1555552073501],[133.25149712471847,36.15776688342706],[133.25317379265323,36.160003692186706]]],[[[133.23873581877052,36.15638458587896],[133.23622081686835,36.15638458587896],[133.23817692945892,36.15804334293668],[133.23873581877052,36.15638458587896]]],[[[133.17455669615634,36.14027453627295],[133.17955565055445,36.13723348166714],[133.17288002822158,36.13306145634015],[133.16816051847928,36.13306145634015],[133.17232113890998,36.135273132417105],[133.17455669615634,36.14027453627295]]]]}},{"type":"Feature","properties":{"level":"county","prefecture":"島根県","district":"海士郡","label":"海士郡","name":"島根県 海士郡","municipalityCount":1},"geometry":{"type":"MultiPolygon","coordinates":[[[[133.12819993270062,36.09249730647416],[133.15235637072377,36.07445204030081],[133.09708842768882,36.072215231541165],[133.06818143051717,36.03471726896368],[133.06402081008645,36.10001197859927],[133.11292362485054,36.119992461339955],[133.12540548614268,36.09360314451264],[133.12819993270062,36.09249730647416]]],[[[133.16316156408118,36.11443813846487],[133.16732218451187,36.11277938140715],[133.1670427398561,36.10971319411865],[133.16483823201594,36.10833089657055],[133.1667632952003,36.10750151804169],[133.16511767667174,36.106119220493596],[133.16843996313506,36.105842760983975],[133.16816051847928,36.102776573695465],[133.16455878736014,36.09971038640696],[133.16260267476957,36.102776573695465],[133.1565169911545,36.10498824977242],[133.16316156408118,36.11443813846487]]],[[[133.1354033949389,36.06945063644497],[133.13791839684106,36.06917417693535],[133.13624172890627,36.06721382768532],[133.1354033949389,36.06945063644497]]]]}},{"type":"Feature","properties":{"level":"county","prefecture":"島根県","district":"鹿足郡","label":"鹿足郡","name":"島根県 鹿足郡","municipalityCount":12},"geometry":{"type":"MultiPolygon","coordinates":[[[[131.9955486439525,34.450352952016964],[132.05519455326154,34.467795033805686],[131.99750475654307,34.4279094663724],[132.01256371854976,34.369702173256144],[131.9592518881054,34.30646834360135],[131.91944654935776,34.33808525842875],[131.82033684476926,34.30244711437052],[131.7652551981715,34.364072452332984],[131.79382065187497,34.436203251660984],[131.6970086033452,34.4358011287379],[131.66813265557977,34.5072533456332],[131.71998516393276,34.57239725917263],[131.86023533173548,34.569682929441825],[131.89833295314216,34.60160143646153],[131.92590482584723,34.56370135096096],[131.90519487191222,34.52499701961423],[131.95714052848382,34.516376509450645],[131.9953002487029,34.45253949541123],[131.9955486439525,34.450352952016964]]]]}},{"type":"Feature","properties":{"level":"county","prefecture":"島根県","district":"周吉郡","label":"周吉郡","name":"島根県 周吉郡","municipalityCount":6},"geometry":{"type":"MultiPolygon","coordinates":[[[[133.27733023067637,36.35581242304539],[133.27760967533217,36.35246977624727],[133.2759330073974,36.35553596353578],[133.27733023067637,36.35581242304539]]],[[[133.28121140645132,36.35553596353578],[133.2814908511071,36.353299154776124],[133.27984523257854,36.349981640660694],[133.27844800929955,36.35164039771841],[133.28121140645132,36.35553596353578]]],[[[133.37370758751933,36.27719739158268],[133.3698264117444,36.20612216492778],[133.3389943513884,36.19584289770647],[133.3451110844097,36.22441875792805],[133.30595778319224,36.198607492802665],[133.34178879794635,36.170559418917634],[133.26649398791278,36.167769691138744],[133.28012467723434,36.213033652668265],[133.23901526342632,36.23773907975517],[133.28419214944645,36.272397049188385],[133.2542915712764,36.31524827317941],[133.2759330073974,36.34885066993952],[133.37398703217514,36.27913260815002],[133.37370758751933,36.27719739158268]]]]}},{"type":"Feature","properties":{"level":"county","prefecture":"島根県","district":"仁多郡","label":"仁多郡","name":"島根県 仁多郡","municipalityCount":10},"geometry":{"type":"MultiPolygon","coordinates":[[[[132.97264240764162,35.24841615824041],[133.09190317685352,35.250049782615434],[133.10711738589123,35.21453730197067],[133.18064237977143,35.202750073787804],[133.19365208096897,35.1653526419411],[133.14841309613644,35.13976757095995],[133.141178584492,35.076634272035925],[132.909487915432,35.08620982414184],[132.89818593157543,35.14657852796966],[132.95034893399043,35.160879024421796],[132.8993347596048,35.23620167445176],[132.97220771595482,35.247209789471164],[132.97264240764162,35.24841615824041]]]]}},{"type":"Feature","properties":{"level":"county","prefecture":"島根県","district":"大原郡","label":"大原郡","name":"島根県 大原郡","municipalityCount":12},"geometry":{"type":"MultiPolygon","coordinates":[[[[132.9418103472856,35.37707036094425],[133.04815456351855,35.3745068273096],[133.0733045825401,35.24987385383659],[132.8951741391741,35.24396767340381],[132.8954535838299,35.3178577605203],[132.86452837525528,35.35414935432853],[132.93867435725946,35.37410470438652],[132.9418103472856,35.37707036094425]]]]}},{"type":"Feature","properties":{"level":"county","prefecture":"島根県","district":"知夫郡","label":"知夫郡","name":"島根県 知夫郡","municipalityCount":3},"geometry":{"type":"MultiPolygon","coordinates":[[[[132.97338759339038,36.108682754128246],[133.09041280535595,36.13750994117675],[133.04206887990347,36.11084416483982],[133.0451427711172,36.06027720726214],[133.00515113593238,36.105566301474354],[132.97903858531868,36.08860174065679],[132.9981960689437,36.037783456252185],[132.9459709677163,36.06472569209875],[132.97096573970686,36.10694859902245],[132.97338759339038,36.108682754128246]]],[[[133.0662563673328,36.003050088770905],[133.0093117563631,36.0016677912228],[132.9998727368785,36.03222913337711],[133.06457969939805,36.00360300779014],[133.0662563673328,36.003050088770905]]],[[[133.04874450223636,36.000561953184324],[133.05346401197866,36.002773629261284],[133.0518183934501,35.993600200078454],[133.04930339154794,35.993876659588075],[133.05042117017112,35.99749576589582],[133.04790616826898,35.99887806344392],[133.04874450223636,36.000561953184324]]],[[[133.07929711793656,35.994731170799625],[133.0773720547522,35.99304728105921],[133.07597483147322,35.99556054932848],[133.07569538681744,35.99943098246315],[133.0770926100964,35.99973257465547],[133.07957656259237,35.99666638736696],[133.07929711793656,35.994731170799625]]],[[[133.03958492740753,35.99638992785734],[133.0418204846539,35.995007630309246],[133.03930548275173,35.994454711290004],[133.03734937016117,35.99694284687658],[133.03958492740753,35.99638992785734]]],[[[133.02791035067656,35.994731170799625],[133.02958701861132,35.993876659588075],[133.02679257205338,35.992217902530356],[133.02791035067656,35.994731170799625]]]]}},{"type":"Feature","properties":{"level":"county","prefecture":"島根県","district":"那賀郡","label":"那賀郡","name":"島根県 那賀郡","municipalityCount":43},"geometry":{"type":"MultiPolygon","coordinates":[[[[132.3083403620053,34.9764302661402],[132.25999643655283,34.96250675992845],[132.2508989605364,34.9194042091105],[132.3511574931543,34.857954799926894],[132.34721421856696,34.793715662964395],[132.29796986033472,34.776550040685294],[132.24245352205017,34.80660872918574],[132.22242665505155,34.749959662396435],[132.13576776234902,34.70713357108811],[132.02048131713062,34.700850400414936],[131.89482437024162,34.759032560848496],[132.00862044396246,34.867882209590505],[132.0569333200087,34.87260715393673],[132.11276015235526,34.952880942457156],[132.31361876105922,35.06454545166075],[132.31669265227296,35.01870343842929],[132.3495739734381,35.002794450284824],[132.3099859805339,34.978993799774855],[132.3083403620053,34.9764302661402]],[[132.0261633584651,34.85267693656143],[132.02485928340474,34.852702069244124],[132.0262565066837,34.85267693656143],[132.0261633584651,34.85267693656143]]],[[[132.05028874708205,34.90206265805255],[132.04584868199552,34.90178619854293],[132.04528979268395,34.90316849609103],[132.04945041311467,34.9056566316776],[132.0522138102664,34.90427433412951],[132.05028874708205,34.90206265805255]]],[[[132.06084554518984,34.901710800494854],[132.0633294976858,34.90399787461989],[132.06388838699738,34.901509739033315],[132.06165282975104,34.89733771370633],[132.0583305432877,34.8998258492929],[132.06084554518984,34.901710800494854]]],[[[132.04972985777044,34.89648320249478],[132.0522138102664,34.8998258492929],[132.05416992285697,34.89789063272556],[132.052772699578,34.89650833517747],[132.04972985777044,34.89648320249478]]],[[[131.91472703961543,34.781224719666135],[131.91360926099227,34.779013043589174],[131.9124914823691,34.78067180064689],[131.91472703961543,34.781224719666135]]]]}},{"type":"Feature","properties":{"level":"county","prefecture":"島根県","district":"能義郡","label":"能義郡","name":"島根県 能義郡","municipalityCount":16},"geometry":{"type":"MultiPolygon","coordinates":[[[[133.25944577270553,35.43437287748357],[133.32058205351217,35.410270634781284],[133.29257548912028,35.31893846587608],[133.31045994709115,35.2683715082984],[133.10711738589123,35.21453730197067],[133.0626235868075,35.326478270683886],[133.2190194458339,35.45395123730117],[133.25848324111334,35.43341783554125],[133.25944577270553,35.43437287748357]]]]}},{"type":"Feature","properties":{"level":"county","prefecture":"島根県","district":"八束郡","label":"八束郡","name":"島根県 八束郡","municipalityCount":36},"geometry":{"type":"MultiPolygon","coordinates":[[[[133.1667011963879,35.56287628409126],[133.32626409484664,35.56838034160096],[133.152076926068,35.53505440435046],[133.1240393122699,35.46088785772435],[133.18980195460026,35.43228686482008],[133.1820396030504,35.40376126996388],[133.06501439108484,35.32969525406855],[133.04815456351855,35.3745068273096],[132.88194709213315,35.37661797265579],[132.89691290592125,35.41278390305055],[133.035455356383,35.43671021697399],[133.0669394542692,35.476620917089974],[132.88800172634203,35.4614156440609],[132.87225967739892,35.51037410994624],[133.02794140008274,35.538120591638965],[133.04930339154794,35.57838314931264],[133.0984856509678,35.58006703905305],[133.09069225001176,35.60366662810148],[133.16514872607792,35.56365539725473],[133.1667011963879,35.56287628409126]]],[[[133.12664746239065,35.59617708865906],[133.1240393122699,35.592005063332074],[133.12568493079849,35.58976825457243],[133.1245982015815,35.58728011898585],[133.11848146856022,35.59059763310128],[133.12096542105618,35.5908992252936],[133.12068597640038,35.59311090137055],[133.12236264433514,35.59476965842827],[133.12664746239065,35.59617708865906]]],[[[133.0518183934501,35.56450990846628],[133.05070061482692,35.566168665523996],[133.05290512266708,35.567827422581715],[133.0518183934501,35.56450990846628]]],[[[133.2348546429956,35.578936068331885],[133.23541353230718,35.58061995807229],[133.24069193136108,35.58227871513001],[133.244573107136,35.58117287709153],[133.2348546429956,35.578936068331885]]],[[[133.21041876031666,35.57561855421645],[133.21237487290722,35.577277311274166],[133.21290271281262,35.575342094706826],[133.21041876031666,35.57561855421645]]],[[[133.19501825484176,35.50816243386929],[133.18986405341266,35.50700633046542],[133.18846683013368,35.50921800654238],[133.19014349806844,35.51339003186936],[133.18846683013368,35.516732678667495],[133.19042294272424,35.51866789523483],[133.19542189712234,35.5211560308214],[133.20181807479943,35.510600304090474],[133.19501825484176,35.50816243386929]]],[[[133.16027396930463,35.501979793926886],[133.1873490515105,35.48644779602281],[133.1601497716798,35.49976811784993],[133.16027396930463,35.501979793926886]]]]}},{"type":"Feature","properties":{"level":"county","prefecture":"島根県","district":"飯石郡","label":"飯石郡","name":"島根県 飯石郡","municipalityCount":17},"geometry":{"type":"MultiPolygon","coordinates":[[[[132.89921056198,35.29508755000072],[132.90073198288377,35.21398438295144],[132.93904695013384,35.20702262984556],[132.95034893399043,35.160879024421796],[132.9059172337191,35.15479691521017],[132.83677020611302,35.04710336987202],[132.74970767112987,34.960269951168804],[132.7066421447313,34.95494182243796],[132.6863358330769,35.02496147641977],[132.7216390079256,35.0513005278817],[132.6289565304204,35.136475189527204],[132.71983814236603,35.177818452556664],[132.68968916894642,35.200563530393545],[132.71393875518817,35.268019650740705],[132.78715325500636,35.258469231317484],[132.87163868927493,35.331555072587804],[132.8998936489164,35.30049107677965],[132.89921056198,35.29508755000072]]]]}},{"type":"Feature","properties":{"level":"county","prefecture":"島根県","district":"簸川郡","label":"簸川郡","name":"島根県 簸川郡","municipalityCount":47},"geometry":{"type":"MultiPolygon","coordinates":[[[[132.8675091182504,35.445933911522204],[132.89691290592125,35.41278390305055],[132.8683474522178,35.324216329241544],[132.78715325500636,35.258469231317484],[132.71393875518817,35.268019650740705],[132.68968916894642,35.200563530393545],[132.71983814236603,35.177818452556664],[132.62138047530772,35.14084827631573],[132.64131419408776,35.200287070883924],[132.5907657607951,35.225294090163146],[132.5748995142272,35.272417870211925],[132.62687622020502,35.28729641836599],[132.66770618935723,35.34505132319377],[132.67186680978796,35.400896144136915],[132.627962949422,35.433669162368176],[132.7538993409668,35.44789426077223],[132.7274141974787,35.46923190837832],[132.86490096812966,35.51311357235974],[132.88986469071398,35.47920958340732],[132.86710547596982,35.45339831828193],[132.8675091182504,35.445933911522204]]],[[[132.65575216797046,35.44032932328174],[132.6540755000357,35.442842591551006],[132.6554727233147,35.44394842958948],[132.65575216797046,35.44032932328174]]]]}},{"type":"Feature","properties":{"level":"county","prefecture":"島根県","district":"美濃郡","label":"美濃郡","name":"島根県 美濃郡","municipalityCount":21},"geometry":{"type":"MultiPolygon","coordinates":[[[[131.82943432078568,34.83649148890734],[131.83250821199942,34.83762245962851],[131.83610994311854,34.83762245962851],[131.84194723148403,34.83427981283039],[131.8383455003649,34.833173974791904],[131.83362599062258,34.83483273184962],[131.83083154406464,34.83455627234001],[131.82943432078568,34.83649148890734]]],[[[131.94071539260435,34.73844889372319],[132.16101092958914,34.688233793703205],[132.11375373335363,34.56262064560518],[132.0365959589481,34.502101145681195],[132.0685768473335,34.46766937039222],[131.9910154306474,34.45211223980545],[131.95714052848382,34.516376509450645],[131.90519487191222,34.52499701961423],[131.92590482584723,34.56370135096096],[131.89833295314216,34.60160143646153],[131.86023533173548,34.569682929441825],[131.79944059439705,34.58765279756709],[131.73616190456266,34.560987021230154],[131.69480409550505,34.620677142625276],[131.69058137626192,34.68097044840502],[131.82583258966653,34.69846279555913],[131.88861448900172,34.76317945349278],[131.93723785911,34.73593562545392],[131.94071539260435,34.73844889372319]]]]}},{"type":"Feature","properties":{"level":"county","prefecture":"島根県","district":"邑智郡","label":"邑智郡","name":"島根県 邑智郡","municipalityCount":30},"geometry":{"type":"MultiPolygon","coordinates":[[[[132.64302191142872,35.090959901170756],[132.7216390079256,35.0513005278817],[132.6863358330769,35.02496147641977],[132.7060832554197,34.95363492293794],[132.6333655461007,34.901534871716],[132.7007738069596,34.88190624653302],[132.69919028724343,34.84362917079206],[132.61451855653766,34.84279979226321],[132.5378575726313,34.79499742978172],[132.43672965663987,34.82090922563788],[132.39667592264263,34.77941516651226],[132.35196477771547,34.79806361707023],[132.3511574931543,34.857954799926894],[132.25931334961646,34.89643293712939],[132.25999643655283,34.96250675992845],[132.45719121532525,35.01669282381388],[132.41990087847978,35.086611947064924],[132.47060455880342,35.064620849708824],[132.5485075189577,35.123556990623165],[132.64171783636834,35.093096179199634],[132.64302191142872,35.090959901170756]]]]}},{"type":"Feature","properties":{"level":"county","prefecture":"島根県","district":"邇摩郡","label":"邇摩郡","name":"島根県 邇摩郡","municipalityCount":20},"geometry":{"type":"MultiPolygon","coordinates":[[[[132.4712255469274,35.16995192287386],[132.50038093934864,35.180130659364394],[132.4870917934953,35.133006879315616],[132.54024837690866,35.117449748728845],[132.47060455880342,35.064620849708824],[132.41990087847978,35.086611947064924],[132.45719121532525,35.01669282381388],[132.31669265227296,35.01870343842929],[132.32386506510502,35.08897441923803],[132.4182863093574,35.190636120729934],[132.46799640868267,35.217502958528414],[132.46731332174627,35.17399828478737],[132.4712255469274,35.16995192287386]]],[[[132.33746470502035,35.10257120057477],[132.33942081761091,35.101741822045916],[132.33690581570877,35.1000830649882],[132.33746470502035,35.10257120057477]]]]}},{"type":"Feature","properties":{"level":"county","prefecture":"東京府","district":"荏原郡","label":"荏原郡","name":"東京府 荏原郡","municipalityCount":19},"geometry":{"type":"MultiPolygon","coordinates":[[[[139.68794588163678,35.66089374659272],[139.74597722182347,35.619801810390186],[139.76752550972586,35.53957828723514],[139.70222860848853,35.53701475360049],[139.62240058514985,35.61170908656314],[139.61032236613826,35.67665193864103],[139.68412680467426,35.662904361208135],[139.68794588163678,35.66089374659272]]]]}},{"type":"Feature","properties":{"level":"county","prefecture":"東京府","district":"西多摩郡","label":"西多摩郡","name":"東京府 西多摩郡","municipalityCount":30},"geometry":{"type":"MultiPolygon","coordinates":[[[[139.1635214109288,35.85087169506671],[139.30116342861078,35.83496270692224],[139.38148824244865,35.77426727821941],[139.3325854276846,35.71289326708388],[139.21723688365378,35.71887484556474],[139.1471583738617,35.666825059708195],[139.02466846640507,35.71988015287245],[138.94285328106963,35.860170787663],[139.01650247257462,35.89827193462511],[139.16168949596306,35.85303310577828],[139.1635214109288,35.85087169506671]]]]}},{"type":"Feature","properties":{"level":"county","prefecture":"東京府","district":"南葛飾郡","label":"南葛飾郡","name":"東京府 南葛飾郡","municipalityCount":20},"geometry":{"type":"MultiPolygon","coordinates":[[[[139.88998436777632,35.75076821990175],[139.91889136494797,35.698617903314435],[139.87150997108768,35.64134051945781],[139.84794347178232,35.67831069569875],[139.82034054967104,35.66765443823705],[139.81049788790585,35.74933565698827],[139.85831397345294,35.76619968707506],[139.84673254494055,35.79650970240243],[139.89377239533266,35.78273699228684],[139.88790405756097,35.75323122280564],[139.88998436777632,35.75076821990175]]]]}},{"type":"Feature","properties":{"level":"county","prefecture":"東京府","district":"南足立郡","label":"南足立郡","name":"東京府 南足立郡","municipalityCount":10},"geometry":{"type":"MultiPolygon","coordinates":[[[[139.79879226176865,35.806185785239116],[139.8233833914786,35.8141528456527],[139.85831397345294,35.76619968707506],[139.802425042294,35.73862913416119],[139.7357309177777,35.77162834653668],[139.75190765840756,35.81093586226804],[139.7966809021471,35.805808794998725],[139.79879226176865,35.806185785239116]]]]}},{"type":"Feature","properties":{"level":"county","prefecture":"東京府","district":"南多摩郡","label":"南多摩郡","name":"東京府 南多摩郡","municipalityCount":18},"geometry":{"type":"MultiPolygon","coordinates":[[[[139.3325854276846,35.71289326708388],[139.5254022401829,35.642647418957836],[139.4997554306622,35.605476181255355],[139.44926909618195,35.61178448461122],[139.50757988102444,35.57514103324529],[139.46976170427357,35.569712373783666],[139.48494486390507,35.503965275859606],[139.3998073921063,35.58441499315889],[139.2522295644405,35.601656013486064],[139.16165844655686,35.66760417287166],[139.21723688365378,35.71887484556474],[139.32941838825224,35.71206388855502],[139.3325854276846,35.71289326708388]],[[139.31140973265659,35.6671517845832],[139.3169054775539,35.64458263552517],[139.35286068993278,35.657174109554205],[139.31656393408568,35.66770470360244],[139.31140973265659,35.6671517845832]]]]}},{"type":"Feature","properties":{"level":"county","prefecture":"東京府","district":"豊多摩郡","label":"豊多摩郡","name":"東京府 豊多摩郡","municipalityCount":13},"geometry":{"type":"MultiPolygon","coordinates":[[[[139.69971360658636,35.723398728449425],[139.7191815842734,35.64184317311167],[139.58669376802052,35.69396835701629],[139.62789633004712,35.73526135468037],[139.69573928259283,35.721739971391706],[139.69971360658636,35.723398728449425]]]]}},{"type":"Feature","properties":{"level":"county","prefecture":"東京府","district":"北多摩郡","label":"北多摩郡","name":"東京府 北多摩郡","municipalityCount":32},"geometry":{"type":"MultiPolygon","coordinates":[[[[139.54455972380794,35.754764316449894],[139.6296661462005,35.65536455640033],[139.62240058514985,35.61170908656314],[139.3315297478738,35.70970141638191],[139.3682611954077,35.77426727821941],[139.44495322872024,35.766652075363524],[139.542231018343,35.80724135791221],[139.51636686297886,35.76557137000774],[139.54434237796454,35.75549316424798],[139.54455972380794,35.754764316449894]]]]}},{"type":"Feature","properties":{"level":"county","prefecture":"東京府","district":"北豊島郡","label":"北豊島郡","name":"東京府 北豊島郡","municipalityCount":20},"geometry":{"type":"MultiPolygon","coordinates":[[[[139.73805962324263,35.780223724017574],[139.80969060334465,35.72814880547834],[139.56564227061733,35.721664573343624],[139.56359300980816,35.76283190759424],[139.62299052386763,35.766878269507764],[139.6408439324323,35.79794226531592],[139.73784227739924,35.78052531620989],[139.73805962324263,35.780223724017574]]]]}},{"type":"Feature","properties":{"level":"county","prefecture":"徳島県","district":"阿波郡","label":"阿波郡","name":"徳島県 阿波郡","municipalityCount":8},"geometry":{"type":"MultiPolygon","coordinates":[[[[134.3488762880241,34.10382352305025],[134.37914945906851,34.08140517008838],[134.17878764086373,34.082184283251856],[134.22064224042055,34.17984988819562],[134.29270791220935,34.17861838674368],[134.34561610037315,34.10797041569455],[134.3488762880241,34.10382352305025]]]]}},{"type":"Feature","properties":{"level":"county","prefecture":"徳島県","district":"海部郡","label":"海部郡","name":"徳島県 海部郡","municipalityCount":15},"geometry":{"type":"MultiPolygon","coordinates":[[[[134.23287570646312,33.83528080847894],[134.37793853222672,33.80585043704581],[134.39619558307197,33.73917342986212],[134.52815555941947,33.80406601657463],[134.67995610632835,33.80670494825736],[134.39787225100676,33.65696442477436],[134.3645251887486,33.589483171744504],[134.33201646045782,33.58420530837904],[134.3636868547812,33.580309742561674],[134.311182308898,33.57669063625393],[134.31257953217698,33.545299915570766],[134.19316351593406,33.56163615932101],[134.1492596555681,33.627131930418145],[134.18381764466804,33.64872090485116],[134.17478226746402,33.68398205866899],[134.05660822746907,33.6939094683326],[134.03959315287182,33.835029481652015],[134.22924292593777,33.83445142995008],[134.23287570646312,33.83528080847894]]],[[[134.59227258322124,33.75860099358357],[134.59034752003686,33.75860099358357],[134.59062696469266,33.76249655940093],[134.59283147253282,33.76360239743941],[134.5936698065002,33.76083780234322],[134.59227258322124,33.75860099358357]]],[[[134.49729244965727,33.63085156745666],[134.49645411568986,33.6300221889278],[134.48810182542223,33.63253545719707],[134.48726349145485,33.63364129523555],[134.48310287102413,33.63308837621631],[134.48089836318397,33.636405890331744],[134.48701509620525,33.636682349841365],[134.48282342636833,33.640577915658724],[134.4847795389589,33.64253826490876],[134.4850589836147,33.64502640049533],[134.4886607147338,33.6444734814761],[134.4900579380128,33.641130834677966],[134.49117571663598,33.64196021320683],[134.49645411568986,33.63836623958177],[134.500055846809,33.63836623958177],[134.4997764021532,33.63974853712987],[134.5047753565513,33.640854375168345],[134.50365757792812,33.63808978007215],[134.50145307008796,33.636682349841365],[134.50201195939957,33.634470673764405],[134.49729244965727,33.63085156745666]]],[[[134.45006630282796,33.63808978007215],[134.44866907954898,33.63698394203367],[134.44615407764684,33.63891915860101],[134.45006630282796,33.63808978007215]]],[[[134.4264377047102,33.63336483572593],[134.42587881539862,33.62946926990856],[134.4217492443741,33.63029864843742],[134.42091091040672,33.63530005229327],[134.4217492443741,33.63698394203367],[134.425319926087,33.63698394203367],[134.4264377047102,33.63336483572593]]],[[[134.3164607079519,33.5472602648208],[134.31869626519827,33.5486425623689],[134.32009348847726,33.54557637508039],[134.3225774409732,33.54391761802267],[134.3217391070058,33.54225886096495],[134.32341577494057,33.5400220522053],[134.31981404382145,33.53946913318607],[134.3167401526077,33.54140434975341],[134.31565342339073,33.54419407753229],[134.3181373758867,33.545299915570766],[134.3164607079519,33.5472602648208]]]]}},{"type":"Feature","properties":{"level":"county","prefecture":"徳島県","district":"三好郡","label":"三好郡","name":"徳島県 三好郡","municipalityCount":13},"geometry":{"type":"MultiPolygon","coordinates":[[[[133.9180657770073,33.9769286081349],[133.85814042304247,33.94611593915367],[133.86096591900662,33.91816839599941],[133.819452862918,33.91678609845131],[133.8163168728919,33.94599027574021],[133.75999325004614,33.92251635010524],[133.78675783819003,33.8416142445175],[133.6629017568606,33.87034090083523],[133.68982159203549,33.916208046749375],[133.6795442385835,34.012516486827735],[133.7782192514852,34.07914322864604],[133.93197591098468,34.116012874156205],[133.99963256709316,34.07479527454021],[133.99565824309965,33.97861249787531],[133.92123281643967,33.97464153400987],[133.9180657770073,33.9769286081349]]]]}},{"type":"Feature","properties":{"level":"county","prefecture":"徳島県","district":"勝浦郡","label":"勝浦郡","name":"徳島県 勝浦郡","municipalityCount":7},"geometry":{"type":"MultiPolygon","coordinates":[[[[134.57426392762557,33.96426173605779],[134.4320886966385,33.855839342921556],[134.35036665952165,33.850109091267626],[134.29873149701206,33.910377264364676],[134.4680749584236,33.95209751763453],[134.5257026563297,34.036015545145396],[134.59562591909076,34.03468351296269],[134.61422451340422,33.99663263136596],[134.58041171005306,33.964965451173185],[134.57426392762557,33.96426173605779]]]]}},{"type":"Feature","properties":{"level":"county","prefecture":"徳島県","district":"那賀郡","label":"那賀郡","name":"徳島県 那賀郡","municipalityCount":24},"geometry":{"type":"MultiPolygon","coordinates":[[[[134.67141751962353,33.96069289511543],[134.7028084692911,33.913594247749344],[134.62866248728693,33.85666872145042],[134.75003461612042,33.833320459228915],[134.60559277848077,33.78828269184363],[134.4907720743554,33.79418887227641],[134.41234127429567,33.74123430984292],[134.3637489535936,33.78614641381475],[134.37793853222672,33.80585043704581],[134.08371435908117,33.83276754020967],[134.24995287987278,33.916962027230156],[134.30826366471527,33.90615497367231],[134.35036665952165,33.850109091267626],[134.46223767005813,33.86546516039285],[134.63173637850068,34.010807464404635],[134.66918196237717,33.96109501803851],[134.67141751962353,33.96069289511543]]],[[[134.72224539757195,33.926085191047605],[134.7203203343876,33.923295463268715],[134.71836422179703,33.923571922778336],[134.72224539757195,33.926085191047605]]],[[[134.66489714432166,33.87634761199878],[134.66644961463163,33.87722725589303],[134.6720074583413,33.87667433687379],[134.667287948599,33.87584495834493],[134.66489714432166,33.87634761199878]]],[[[134.67163486546693,33.86692285598903],[134.67449141083728,33.86498763942169],[134.6778447467068,33.86915966474868],[134.67973876048495,33.8694361242583],[134.68113598376394,33.86722444818134],[134.67893147592378,33.866947988671726],[134.67728585739522,33.86249950383512],[134.6778447467068,33.86139366579664],[134.67393252152567,33.85943331654661],[134.67163486546693,33.86692285598903]]],[[[134.65524077899363,33.86172039067164],[134.65617226117962,33.86498763942169],[134.65449559324486,33.86471117991207],[134.65393670393325,33.86750090769096],[134.65589281652382,33.866671529162105],[134.65865621367556,33.86777736720058],[134.65977399229874,33.86611861014286],[134.66309627876208,33.86611861014286],[134.66145066023353,33.86471117991207],[134.6620095495451,33.86249950383512],[134.66477294669684,33.8608407467774],[134.6620095495451,33.85973490873892],[134.65949454764296,33.8608407467774],[134.6572900398028,33.85611580243118],[134.65393670393325,33.85415545318115],[134.65005552815833,33.85611580243118],[134.65309836996587,33.857498099979274],[134.65257053006047,33.86028782775816],[134.65524077899363,33.86172039067164]]],[[[134.71029137618518,33.85777455948889],[134.71140915480836,33.85611580243118],[134.7144830460221,33.855839342921556],[134.71112971015256,33.853049615142666],[134.70808686834502,33.85445704537346],[134.71029137618518,33.85777455948889]]],[[[134.82141720097286,33.85611580243118],[134.8078175610575,33.84083513135403],[134.8194610883823,33.857498099979274],[134.82141720097286,33.85611580243118]]],[[[134.7400367073242,33.852773155633045],[134.74280010447595,33.85194377710419],[134.74168232585276,33.85028502004647],[134.73696281611046,33.84804821128682],[134.73140497240078,33.84804821128682],[134.73364052964712,33.85028502004647],[134.7353171975819,33.849455641517615],[134.7400367073242,33.852773155633045]]],[[[134.7983474921667,33.84417777815215],[134.79726076294972,33.84556007570025],[134.7919823638958,33.846389454229104],[134.79698131829392,33.848324670796444],[134.79974471544566,33.84583653520987],[134.80142138338044,33.84277034792136],[134.7986269368225,33.84249388841174],[134.7983474921667,33.84417777815215]]],[[[134.80446422518798,33.83917637429631],[134.80225971734782,33.83945283380593],[134.80225971734782,33.8433232669406],[134.80474366984376,33.84304680743098],[134.80446422518798,33.83917637429631]]]]}},{"type":"Feature","properties":{"level":"county","prefecture":"徳島県","district":"板野郡","label":"板野郡","name":"徳島県 板野郡","municipalityCount":21},"geometry":{"type":"MultiPolygon","coordinates":[[[[134.5885466544773,34.22865755798481],[134.61450395806,34.24994494022551],[134.58950918606948,34.22689827019632],[134.5885466544773,34.22865755798481]]],[[[134.60677265591636,34.206314603071014],[134.64306941176346,34.239665673004204],[134.62534020082362,34.18688703934957],[134.6039471599522,34.20799849281143],[134.60677265591636,34.206314603071014]]],[[[134.6145660568724,34.14295511000276],[134.60643111244815,34.07248306773248],[134.4578286543778,34.11651552781006],[134.37914945906851,34.08140517008838],[134.29618544570368,34.1668814239262],[134.35663863957393,34.18505235351301],[134.41960683534634,34.1579341888876],[134.44115512324873,34.20827495232105],[134.58531751623258,34.239665673004204],[134.583671897704,34.20244416993634],[134.64282101651386,34.179950418926396],[134.61922346780233,34.147177400695135],[134.6145660568724,34.14295511000276]]]]}},{"type":"Feature","properties":{"level":"county","prefecture":"徳島県","district":"美馬郡","label":"美馬郡","name":"徳島県 美馬郡","municipalityCount":16},"geometry":{"type":"MultiPolygon","coordinates":[[[[134.18288616248208,34.016009929722024],[134.17453387221443,33.92998075686497],[134.12758717004093,33.92246608473986],[134.08529787879732,33.843976716690605],[133.95784006634878,33.83387337824815],[133.91337731667122,33.791172950353285],[133.83870349476166,33.845157952777164],[133.7885897531558,33.83623585042126],[133.75362812177528,33.9017064888357],[133.8163168728919,33.94599027574021],[133.819452862918,33.91678609845131],[133.86096591900662,33.91816839599941],[133.85814042304247,33.94611593915367],[133.9180657770073,33.9769286081349],[133.97426520222825,33.960667762432735],[134.0025201618697,34.081380037405694],[134.0501810003858,34.11759623316585],[134.12233982039322,34.1187774692524],[134.17332294537266,34.17620564920518],[134.22092168507635,34.16353877712807],[134.17878764086373,34.082184283251856],[134.1978519762702,34.029732374472225],[134.18288616248208,34.016009929722024]]]]}},{"type":"Feature","properties":{"level":"county","prefecture":"徳島県","district":"麻植郡","label":"麻植郡","name":"徳島県 麻植郡","municipalityCount":12},"geometry":{"type":"MultiPolygon","coordinates":[[[[134.35679388660495,34.036719260260796],[134.2539272038663,33.98466947440425],[134.22054909220194,33.917087690643626],[134.23902348889058,33.89167854844132],[134.09597887452992,33.854984831710006],[134.12758717004093,33.92246608473986],[134.17453387221443,33.92998075686497],[134.1863326465702,34.06356096537658],[134.39802749803775,34.084697551521124],[134.40327484768545,34.04998931672253],[134.36086135881706,34.03259750029919],[134.35679388660495,34.036719260260796]]]]}},{"type":"Feature","properties":{"level":"county","prefecture":"徳島県","district":"名西郡","label":"名西郡","name":"徳島県 名西郡","municipalityCount":12},"geometry":{"type":"MultiPolygon","coordinates":[[[[134.4586669883452,34.11096120493498],[134.47425379025728,34.052753911818726],[134.4010703398453,33.94546248940366],[134.22107693210734,33.909447355105044],[134.2539272038663,33.98466947440425],[134.40327484768545,34.04998931672253],[134.39414632226283,34.104175380607956],[134.4584496425018,34.112418900531154],[134.4586669883452,34.11096120493498]]],[[[134.47804181781362,34.04456065726091],[134.4729497151969,34.04652100651094],[134.47176983776134,34.05039143964561],[134.47617885344167,34.05071816452062],[134.4789732999996,34.04895887673213],[134.47804181781362,34.04456065726091]]]]}},{"type":"Feature","properties":{"level":"county","prefecture":"徳島県","district":"名東郡","label":"名東郡","name":"徳島県 名東郡","municipalityCount":11},"geometry":{"type":"MultiPolygon","coordinates":[[[[134.5050548012071,34.10900085568495],[134.5998486383339,34.07715774671332],[134.59587431434036,34.049134805510974],[134.5257026563297,34.036015545145396],[134.4680749584236,33.95209751763453],[134.4008529940019,33.951293271788366],[134.47425379025728,34.052753911818726],[134.4586669883452,34.11096120493498],[134.49266608813355,34.10661325082914],[134.5050548012071,34.10900085568495]],[[134.47804181781362,34.04456065726091],[134.4789732999996,34.04895887673213],[134.47617885344167,34.05071816452062],[134.47176983776134,34.05039143964561],[134.4729497151969,34.04652100651094],[134.47804181781362,34.04456065726091]],[[134.52837290526287,34.06735600046317],[134.58128109342664,34.0689644921555],[134.56007434899246,34.091986029502],[134.52688253376527,34.07155315847285],[134.52837290526287,34.06735600046317]]]]}},{"type":"Feature","properties":{"level":"county","prefecture":"栃木県","district":"安蘇郡","label":"安蘇郡","name":"栃木県 安蘇郡","municipalityCount":15},"geometry":{"type":"MultiPolygon","coordinates":[[[[139.56384140505776,36.4962789866148],[139.64627757851719,36.41489936005589],[139.60805575948572,36.36727292635326],[139.6347892982234,36.32530134625648],[139.60752791958032,36.267998829717165],[139.55996022928284,36.267898298986395],[139.54803725730227,36.337163972487424],[139.50568586724626,36.34229103975673],[139.4782071427598,36.422414032181],[139.40648301443917,36.445712029037125],[139.43725297598277,36.46986453710479],[139.43880544629275,36.54996239684637],[139.48261615844012,36.578161266827564],[139.55682423925668,36.49906871439369],[139.56384140505776,36.4962789866148]]],[[[139.61488662884958,36.466999411277826],[139.6141414431008,36.46627056347974],[139.61230952813503,36.45654421527767],[139.61066390960647,36.45727306307576],[139.60824205592291,36.45571483674881],[139.60684483264393,36.45805217623923],[139.6036777932116,36.46036438304695],[139.6029326074628,36.462500661075836],[139.60016921031107,36.464888265931634],[139.60181482883962,36.469311618085555],[139.603584644993,36.47142276343173],[139.60566495520837,36.4715735595279],[139.60808680889193,36.4715484268452],[139.61026026732588,36.46808011663361],[139.61488662884958,36.466999411277826]]]]}},{"type":"Feature","properties":{"level":"county","prefecture":"栃木県","district":"塩谷郡","label":"塩谷郡","name":"栃木県 塩谷郡","municipalityCount":16},"geometry":{"type":"MultiPolygon","coordinates":[[[[139.9444139768439,36.94879293849655],[139.91423395401807,36.94479684194842],[139.94581120012285,36.812397869523366],[140.05768221065932,36.707494051964105],[140.02917885576827,36.67949624344446],[140.0852230339582,36.59990103735673],[140.03619602156934,36.604098195366404],[140.04398942252539,36.575798794654446],[139.970743873301,36.607566505578],[139.9068752447488,36.721442690858545],[139.69400051584566,36.78073068933058],[139.66068450299372,36.85977297639907],[139.51077796986297,36.807346200302135],[139.34854482247107,36.85278609061051],[139.46004324013313,36.969879259275714],[139.7748842189951,37.09189843374868],[139.8220793164182,37.08513774210435],[139.7916508983428,37.04153253763255],[139.81003214681286,36.99998821314155],[139.9491955853986,36.97113589341035],[139.96723529040045,36.91363231540949],[139.9491955853986,36.94057455125605],[139.9444139768439,36.94879293849655]]]]}},{"type":"Feature","properties":{"level":"county","prefecture":"栃木県","district":"下都賀郡","label":"下都賀郡","name":"栃木県 下都賀郡","municipalityCount":35},"geometry":{"type":"MultiPolygon","coordinates":[[[[139.84325501144622,36.487105557431974],[139.87408707180222,36.465013929345105],[139.8492475468427,36.381573422805396],[139.87268984852327,36.35040889626647],[139.91230889083369,36.362271522497416],[139.91075642052374,36.3011991035542],[139.87467701052003,36.3231650682276],[139.82179987176244,36.23977482705328],[139.66441043173762,36.20705207418741],[139.60985662504527,36.286496484178976],[139.6347892982234,36.32530134625648],[139.60805575948572,36.36727292635326],[139.64627757851719,36.41489936005589],[139.56384140505776,36.4962789866148],[139.60824205592291,36.45571483674881],[139.63460300178622,36.488889977903156],[139.7394878959278,36.43764443789277],[139.7907815149692,36.507789755288044],[139.84191988697964,36.4873568842589],[139.84325501144622,36.487105557431974]],[[139.85728934304834,36.410526273267365],[139.85915230742032,36.41067706936352],[139.86033218485588,36.41477369664243],[139.85893496157692,36.414547502498195],[139.85728934304834,36.410526273267365]]]]}},{"type":"Feature","properties":{"level":"county","prefecture":"栃木県","district":"河内郡","label":"河内郡","name":"栃木県 河内郡","municipalityCount":21},"geometry":{"type":"MultiPolygon","coordinates":[[[[139.85278717914943,36.72453401082974],[139.92404556637706,36.708248032444885],[139.97080597211337,36.61256790943384],[139.96167744669074,36.46217393620083],[139.886506834282,36.35038376358378],[139.8492475468427,36.381573422805396],[139.87349713308444,36.469462414181706],[139.8175461031131,36.514826906441996],[139.82509110881955,36.55953794895228],[139.74315172585932,36.6144277279531],[139.7706304503458,36.62774804978022],[139.73492363321648,36.67102652937702],[139.7488027177876,36.69739071352164],[139.63202590107164,36.77806662496516],[139.60420563311698,36.83652524490834],[139.66068450299372,36.85977297639907],[139.69400051584566,36.78073068933058],[139.8389080945783,36.73476301268566],[139.85278717914943,36.72453401082974]],[[139.85632681145617,36.57313473028903],[139.8598043449505,36.53689340184617],[139.91969864950914,36.545765238836694],[139.92137531744393,36.573386057115954],[139.85697884898636,36.576125519529455],[139.85632681145617,36.57313473028903]]],[[[139.85915230742032,36.41067706936352],[139.85728934304834,36.410526273267365],[139.85893496157692,36.414547502498195],[139.86033218485588,36.41477369664243],[139.85915230742032,36.41067706936352]]]]}},{"type":"Feature","properties":{"level":"county","prefecture":"栃木県","district":"上都賀郡","label":"上都賀郡","name":"栃木県 上都賀郡","municipalityCount":21},"geometry":{"type":"MultiPolygon","coordinates":[[[[139.60420563311698,36.83652524490834],[139.63202590107164,36.77806662496516],[139.7488027177876,36.69739071352164],[139.73492363321648,36.67102652937702],[139.7709098950016,36.636293161895736],[139.74768493916446,36.606787392414525],[139.82509110881955,36.55953794895228],[139.8279476541899,36.51839574738436],[139.7454183325119,36.438524081787016],[139.55682423925668,36.49906871439369],[139.46535268859324,36.60648580022222],[139.32963573409563,36.627597253684065],[139.37239076643223,36.74662563891661],[139.35304698636998,36.77361814012855],[139.40570677928417,36.8290859708313],[139.51077796986297,36.807346200302135],[139.6041124848984,36.83343392493714],[139.60420563311698,36.83652524490834]]]]}},{"type":"Feature","properties":{"level":"county","prefecture":"栃木県","district":"足利郡","label":"足利郡","name":"栃木県 足利郡","municipalityCount":16},"geometry":{"type":"MultiPolygon","coordinates":[[[[139.43924013797954,36.43764443789277],[139.50273617365733,36.39059605589207],[139.50568586724626,36.34229103975673],[139.54803725730227,36.337163972487424],[139.55493022547853,36.27553863452496],[139.4625892914415,36.27219598772684],[139.34447735025896,36.39891497386335],[139.39611251276858,36.46408402008547],[139.43520371517363,36.43792089740239],[139.43924013797954,36.43764443789277]]]]}},{"type":"Feature","properties":{"level":"county","prefecture":"栃木県","district":"那須郡","label":"那須郡","name":"栃木県 那須郡","municipalityCount":31},"geometry":{"type":"MultiPolygon","coordinates":[[[[140.17483162024968,37.07156609345031],[140.20308657989113,37.02396479243036],[140.25025062790803,37.022054708545724],[140.25521853289993,36.76175551389761],[140.29213627687102,36.7126713845988],[140.2204121485504,36.68713657898303],[140.24270562220158,36.63656962140536],[140.19377175803132,36.5876362882027],[140.12847485679396,36.62639088491482],[140.06286746149462,36.618273028405085],[140.02917885576827,36.67949624344446],[140.05768221065932,36.707494051964105],[139.9216858115059,36.870931887514615],[139.94248891365953,36.877918773303186],[139.91448234926764,36.94753630436192],[139.93391927754848,36.96140954520828],[139.96723529040045,36.91363231540949],[139.9753081360123,36.943917198054166],[139.81003214681286,36.99998821314155],[139.7916508983428,37.04153253763255],[139.81903647461067,37.121781193470284],[139.9022488832251,37.15420235414385],[140.1004372429959,37.123439950528],[140.17464532381248,37.07166662418108],[140.17483162024968,37.07156609345031]]]]}},{"type":"Feature","properties":{"level":"county","prefecture":"栃木県","district":"芳賀郡","label":"芳賀郡","name":"栃木県 芳賀郡","municipalityCount":20},"geometry":{"type":"MultiPolygon","coordinates":[[[[140.17026735753836,36.61105994847228],[140.20131676373776,36.58859133014502],[140.23978697801883,36.624908056635945],[140.25975174620504,36.517943359095895],[140.19262293000193,36.404695490882666],[140.06650024201994,36.40381584698842],[139.91007333358735,36.337339901266276],[139.96167744669074,36.46217393620083],[139.970743873301,36.607566505578],[140.04398942252539,36.575798794654446],[140.03619602156934,36.604098195366404],[140.06702808192534,36.61523197379927],[140.16793865207342,36.611185611885745],[140.17026735753836,36.61105994847228]]]]}},{"type":"Feature","properties":{"level":"county","prefecture":"奈良県","district":"磯城郡","label":"磯城郡","name":"奈良県 磯城郡","municipalityCount":21},"geometry":{"type":"MultiPolygon","coordinates":[[[[135.8175753000684,34.570537440653375],[135.88166127446397,34.55887587588397],[135.92000729112024,34.591724292163306],[135.94447422320536,34.56696859971101],[135.94788965788732,34.532612222470114],[135.87278114429094,34.44396925061302],[135.76786520074316,34.53238602832588],[135.75032228624048,34.590643586807516],[135.81363202548107,34.570537440653375],[135.8175753000684,34.570537440653375]]]]}},{"type":"Feature","properties":{"level":"county","prefecture":"奈良県","district":"宇陀郡","label":"宇陀郡","name":"奈良県 宇陀郡","municipalityCount":12},"geometry":{"type":"MultiPolygon","coordinates":[[[[136.1674089597171,34.520171544537234],[136.21659121913697,34.528214002998894],[136.20625176687258,34.44866906227655],[136.09590217723988,34.43522307703597],[136.08196099385634,34.47329909131538],[136.03917491211357,34.47968279271932],[135.97875276764952,34.436756170680226],[135.88740541461087,34.453419139305474],[136.0002389567395,34.603134530105784],[136.1142834257099,34.545882278931856],[136.15579648179855,34.559001539297434],[136.1676573549667,34.52067419819109],[136.1674089597171,34.520171544537234]]]]}},{"type":"Feature","properties":{"level":"county","prefecture":"奈良県","district":"宇智郡","label":"宇智郡","name":"奈良県 宇智郡","municipalityCount":9},"geometry":{"type":"MultiPolygon","coordinates":[[[[135.71405657979957,34.39639308227578],[135.77336094564043,34.39181893402571],[135.77183952473666,34.34502187885193],[135.74079011853726,34.35243602024627],[135.68117525863443,34.27165957807199],[135.6511194334334,34.38319842386212],[135.71014435461845,34.39918281005466],[135.71405657979957,34.39639308227578]]]]}},{"type":"Feature","properties":{"level":"county","prefecture":"奈良県","district":"吉野郡","label":"吉野郡","name":"奈良県 吉野郡","municipalityCount":25},"geometry":{"type":"MultiPolygon","coordinates":[[[[136.09081007462316,34.362539358688736],[136.12949763474765,34.31616955912073],[136.0949085962415,34.30144180706282],[136.1318573896188,34.251905289475545],[136.09267303899514,34.19015428809962],[136.10413026988272,34.02586194133755],[136.0376534912098,34.040841020222395],[135.9221186507418,33.97851196714454],[135.89243541841518,33.945814346961356],[135.90907790013804,33.91846998819172],[135.8659502749271,33.922063961816775],[135.87312268775915,33.85903119362352],[135.80847782405198,33.90643143318192],[135.61786551939383,33.87210018862372],[135.60001211082917,33.90844204779734],[135.63866862154742,33.98514699537541],[135.53977626280232,34.07705721598255],[135.64376072416414,34.21573935908077],[135.72746992327774,34.22071563025392],[135.70576638834433,34.30382941191863],[135.74079011853726,34.35243602024627],[135.77183952473666,34.34502187885193],[135.776559034479,34.381941789727485],[135.74311882400224,34.4083059738721],[136.07699308886444,34.47671713616159],[136.0905616793736,34.36723917035226],[136.09081007462316,34.362539358688736]]]]}},{"type":"Feature","properties":{"level":"county","prefecture":"奈良県","district":"高市郡","label":"高市郡","name":"奈良県 高市郡","municipalityCount":14},"geometry":{"type":"MultiPolygon","coordinates":[[[[135.79965979269136,34.51087245194094],[135.869055215547,34.45854620657478],[135.8177926459118,34.41265392797794],[135.7607238373173,34.42421496201658],[135.74196999597285,34.48164314196936],[135.76786520074316,34.53238602832588],[135.7972379390078,34.51393863922945],[135.79965979269136,34.51087245194094]]]]}},{"type":"Feature","properties":{"level":"county","prefecture":"奈良県","district":"山辺郡","label":"山辺郡","name":"奈良県 山辺郡","municipalityCount":9},"geometry":{"type":"MultiPolygon","coordinates":[[[[135.97738659377674,34.58277705712471],[135.97213924412904,34.558574283691655],[135.92000729112024,34.591724292163306],[135.8278216041142,34.562394451460946],[135.78640169624418,34.595846052124905],[135.8918144302912,34.609518231509725],[136.02402280188826,34.69677890581872],[136.0746333339933,34.698110938001435],[136.0777693240194,34.65875315690469],[136.03954750498795,34.661266425173956],[136.07357765418251,34.63409799518317],[136.05066319240734,34.586923949769],[135.9797463486479,34.58262626102855],[135.97738659377674,34.58277705712471]]]]}},{"type":"Feature","properties":{"level":"county","prefecture":"奈良県","district":"生駒郡","label":"生駒郡","name":"奈良県 生駒郡","municipalityCount":19},"geometry":{"type":"MultiPolygon","coordinates":[[[[135.80596282214984,34.70590206963616],[135.78953768627034,34.59677596138454],[135.65189566858837,34.60572319642313],[135.70983386055647,34.780470739185354],[135.8069564031482,34.70911905302083],[135.80596282214984,34.70590206963616]]]]}},{"type":"Feature","properties":{"level":"county","prefecture":"奈良県","district":"添上郡","label":"添上郡","name":"奈良県 添上郡","municipalityCount":17},"geometry":{"type":"MultiPolygon","coordinates":[[[[135.9861735757312,34.71530169296322],[136.02815237291279,34.7061282637804],[136.05106683468793,34.73872535323281],[136.07106265228035,34.71467337589591],[135.8918144302912,34.609518231509725],[135.7912764530175,34.615524942673275],[135.79484713473045,34.676974351856884],[135.8859460925195,34.65847669739507],[135.85722539178505,34.706480121338096],[135.9162813623763,34.75372956480034],[135.9850868465142,34.71897106463636],[135.9861735757312,34.71530169296322]]],[[[135.80798103355278,34.6868766288378],[135.82713851717781,34.706857111578486],[135.80853992286438,34.68649963859741],[135.80798103355278,34.6868766288378]]]]}},{"type":"Feature","properties":{"level":"county","prefecture":"奈良県","district":"南葛城郡","label":"南葛城郡","name":"奈良県 南葛城郡","municipalityCount":8},"geometry":{"type":"MultiPolygon","coordinates":[[[[135.76892088055394,34.44560287498805],[135.74054172328766,34.38691806090063],[135.66428438166193,34.423109123978094],[135.72001806578987,34.48440773706555],[135.76951081927172,34.44683437643999],[135.76892088055394,34.44560287498805]]]]}},{"type":"Feature","properties":{"level":"county","prefecture":"奈良県","district":"北葛城郡","label":"北葛城郡","name":"奈良県 北葛城郡","municipalityCount":20},"geometry":{"type":"MultiPolygon","coordinates":[[[[135.75162636130085,34.59195048630754],[135.75777414372834,34.4976275281619],[135.6821688396328,34.464854509930646],[135.65692567239267,34.56226878804748],[135.69896656838668,34.600897721346136],[135.7494529028669,34.59290552824986],[135.75162636130085,34.59195048630754]]]]}},{"type":"Feature","properties":{"level":"county","prefecture":"富山県","district":"下新川郡","label":"下新川郡","name":"富山県 下新川郡","municipalityCount":43},"geometry":{"type":"MultiPolygon","coordinates":[[[[137.75412676472536,36.754039780310954],[137.7617649186504,36.66527114504039],[137.72782791767446,36.622771778607074],[137.62735203921318,36.639660941376555],[137.5904032458359,36.68120526586756],[137.51523263342713,36.67954650880984],[137.49548521108431,36.72244799816625],[137.45658030511646,36.70173866762748],[137.38234117489367,36.80028391646549],[137.4277664561634,36.926072993342366],[137.63489704491965,36.97998259771817],[137.7111543865454,36.944243922929175],[137.75903257090488,36.76017215488797],[137.75412676472536,36.754039780310954]]]]}},{"type":"Feature","properties":{"level":"county","prefecture":"富山県","district":"射水郡","label":"射水郡","name":"富山県 射水郡","municipalityCount":32},"geometry":{"type":"MultiPolygon","coordinates":[[[[137.11031732718067,36.77442238597472],[137.17899861369378,36.748208997926255],[137.08116193475945,36.64948782030939],[136.97571815130627,36.703322026637125],[136.9736688904971,36.77354274208048],[137.03142078602798,36.784500591734485],[137.0035694686671,36.81322724805222],[137.1139190582998,36.77525176450358],[137.11031732718067,36.77442238597472]],[[137.0310792425598,36.77135619868621],[136.9945651408693,36.74164936774346],[137.03008566156143,36.74054352970498],[137.0355814064587,36.77233637331123],[137.0310792425598,36.77135619868621]]]]}},{"type":"Feature","properties":{"level":"county","prefecture":"富山県","district":"上新川郡","label":"上新川郡","name":"富山県 上新川郡","municipalityCount":24},"geometry":{"type":"MultiPolygon","coordinates":[[[[137.29471975059894,36.757357294426384],[137.28282782802458,36.64785419593437],[137.33377990359782,36.57931737023142],[137.43767121674102,36.585123019933434],[137.70475820886833,36.51784282836512],[137.668740897677,36.50947364502846],[137.59220411139546,36.38959074858436],[137.41016144284833,36.42462570825796],[137.39007247703734,36.4598617293931],[137.31952822615227,36.42444977947911],[137.31608174206414,36.46106809816235],[137.2563737339427,36.45114068849874],[137.23612952110068,36.53500845064423],[137.18098577569052,36.576653305866],[137.1816999120331,36.64471261059778],[137.2248585866503,36.68489977022338],[137.22252988118532,36.760750206589904],[137.28984499382565,36.75778455003216],[137.29471975059894,36.757357294426384]]]]}},{"type":"Feature","properties":{"level":"county","prefecture":"富山県","district":"西砺波郡","label":"西砺波郡","name":"富山県 西砺波郡","municipalityCount":43},"geometry":{"type":"MultiPolygon","coordinates":[[[[137.01754170145685,36.79593596235966],[137.01869052948624,36.79601136040773],[137.02750856084685,36.789476862907634],[137.03142078602798,36.784500591734485],[137.02828479600186,36.7813590063979],[137.0244657190393,36.780856352744046],[137.02462096607033,36.7782676864267],[137.01859738126763,36.77623193912859],[137.01716910858246,36.77959971860941],[137.01682756511426,36.77663406205167],[137.01288429052696,36.77670946009975],[137.01328793280754,36.77806662496516],[137.0098724981256,36.777212113753606],[137.00316582638652,36.77731264448438],[137.00586712472588,36.781761129320984],[137.00338317222992,36.780956883474815],[137.00192385013855,36.77879547276325],[137.00040242923478,36.78045422982096],[137.00279323351214,36.782464844436376],[137.00065082448438,36.7823894463883],[137.00012298457898,36.785254572215266],[137.00198594895096,36.79141207947497],[137.00176860310756,36.79317136726346],[137.00291743113692,36.79430233798463],[137.0097483005008,36.791588008253825],[137.0149646007423,36.79015544534034],[137.0140331185563,36.793573490186546],[137.01754170145685,36.79593596235966]]],[[[136.9739172857467,36.74328299211848],[136.99586921592967,36.69819495936781],[136.95597072896342,36.64167155599197],[136.92802626338397,36.6584099226653],[136.93457768809205,36.61829816108778],[136.90349723248644,36.626265221501356],[136.87089535597707,36.438901072027406],[136.80665413455048,36.36327682980512],[136.76843231551902,36.42369579899833],[136.8171177844397,36.552802389990646],[136.78333603049472,36.61533250453004],[136.82255143052458,36.68100420440602],[136.7892043682664,36.719029953320046],[136.85083743957225,36.78693846195567],[136.926784287136,36.76999903382081],[136.99652125345986,36.7957851662635],[136.97764321449063,36.74501714722428],[136.9739172857467,36.74328299211848]]]]}},{"type":"Feature","properties":{"level":"county","prefecture":"富山県","district":"中新川郡","label":"中新川郡","name":"富山県 中新川郡","municipalityCount":34},"geometry":{"type":"MultiPolygon","coordinates":[[[[137.44804171841162,36.71355102849304],[137.49548521108431,36.72244799816625],[137.51523263342713,36.67954650880984],[137.7467680554561,36.624556199078256],[137.75111497232402,36.58874212624118],[137.68774313427105,36.562076349904245],[137.7106575960462,36.535536236980775],[137.69205900173276,36.51957698347091],[137.32455822995658,36.585977531144984],[137.28282782802458,36.64785419593437],[137.29471975059894,36.757357294426384],[137.38234117489367,36.80028391646549],[137.44627190225825,36.71845190161811],[137.44804171841162,36.71355102849304]]]]}},{"type":"Feature","properties":{"level":"county","prefecture":"富山県","district":"東砺波郡","label":"東砺波郡","name":"富山県 東砺波郡","municipalityCount":39},"geometry":{"type":"MultiPolygon","coordinates":[[[[137.04793907012606,36.671780509857804],[137.06532673759773,36.638328909193845],[137.02828479600186,36.50605560018225],[137.06427105778695,36.45212086312375],[137.05228598699398,36.329498504266155],[136.9675211080696,36.27541297111151],[136.95488399974644,36.33935051588169],[136.87511807522017,36.3427434280452],[136.87111270182046,36.367524253180186],[136.8323630428836,36.30680369179466],[136.79227825948016,36.299213621621476],[136.78765189795644,36.348599343112596],[136.87089535597707,36.438901072027406],[136.90349723248644,36.626265221501356],[136.93457768809205,36.61829816108778],[136.92802626338397,36.6584099226653],[136.95597072896342,36.64167155599197],[136.99586921592967,36.69819495936781],[137.04287801691558,36.67283608253089],[137.04793907012606,36.671780509857804]]]]}},{"type":"Feature","properties":{"level":"county","prefecture":"富山県","district":"氷見郡","label":"氷見郡","name":"富山県 氷見郡","municipalityCount":21},"geometry":{"type":"MultiPolygon","coordinates":[[[[136.99711119217764,36.88550884347637],[136.9946272396817,36.848136544312354],[137.04831166300048,36.810186193446405],[136.926784287136,36.76999903382081],[136.85083743957225,36.78693846195567],[136.87896820158892,36.90626843938053],[136.9310380557853,36.950627624333116],[137.0516960482762,36.95912247108325],[136.99891205773721,36.88882635759181],[136.99711119217764,36.88550884347637]]]]}},{"type":"Feature","properties":{"level":"county","prefecture":"富山県","district":"婦負郡","label":"婦負郡","name":"富山県 婦負郡","municipalityCount":33},"geometry":{"type":"MultiPolygon","coordinates":[[[[137.20582530065005,36.71674287919501],[137.18002324409835,36.581956301914154],[137.25224416291817,36.507211703586115],[137.24814564129986,36.4619226093739],[137.20622894293064,36.42766676286378],[137.1610210075043,36.45661961332574],[137.05067141787163,36.369735929257146],[137.06427105778695,36.45212086312375],[137.02828479600186,36.50605560018225],[137.05166499887,36.646044642780495],[137.1456205020294,36.69827035741589],[137.18002324409835,36.757482957839855],[137.22252988118532,36.760750206589904],[137.20576320183767,36.719029953320046],[137.20582530065005,36.71674287919501]]]]}},{"type":"Feature","properties":{"level":"county","prefecture":"福井県","district":"遠敷郡","label":"遠敷郡","name":"福井県 遠敷郡","municipalityCount":18},"geometry":{"type":"MultiPolygon","coordinates":[[[[135.86104446874756,35.54194075940825],[135.91951050062104,35.474861629301486],[135.8905724540432,35.40318321826195],[135.81366307488727,35.4133116893871],[135.76879668292912,35.356009172847784],[135.70098477978962,35.343694158328375],[135.52754279675975,35.38021194628084],[135.5256487829816,35.420575034685285],[135.56880745759875,35.4383941067144],[135.69343977408317,35.42919554484888],[135.67685939117268,35.450231600262654],[135.76463606249843,35.533722372167745],[135.71576429714054,35.521231428869484],[135.68853396790368,35.5459117232737],[135.71436707386158,35.569536445004815],[135.79962874328515,35.525101862004156],[135.83437302882228,35.53734147847549],[135.81102387536032,35.57730244395685],[135.85685279891067,35.54206642282172],[135.86104446874756,35.54194075940825]]]]}},{"type":"Feature","properties":{"level":"county","prefecture":"福井県","district":"吉田郡","label":"吉田郡","name":"福井県 吉田郡","municipalityCount":15},"geometry":{"type":"MultiPolygon","coordinates":[[[[136.2308118471763,36.12067104377266],[136.3406025474974,36.09538756498382],[136.3927655499124,36.12494359983042],[136.38829443541968,36.08752103530101],[136.43800453474495,36.075432214925826],[136.43545848343658,36.05019900150238],[136.27400157119968,36.03454134018483],[136.25499933460563,36.063896313569884],[136.16160272075783,36.07711610466624],[136.17796575782492,36.133664640724774],[136.21882677638334,36.12089723791689],[136.2308118471763,36.12067104377266]]]]}},{"type":"Feature","properties":{"level":"county","prefecture":"福井県","district":"今立郡","label":"今立郡","name":"福井県 今立郡","municipalityCount":18},"geometry":{"type":"MultiPolygon","coordinates":[[[[136.21326893267363,35.97842005973207],[136.31771913512844,35.964220094010706],[136.33374062872733,35.92868248068325],[136.38894647294987,35.952407733145144],[136.4605153542395,35.920564624173515],[136.43250878984765,35.89636185074046],[136.43132891241206,35.79796739799861],[136.3570897821893,35.786833619565755],[136.3403231028416,35.82272309045091],[136.25894260919296,35.82355246897976],[136.1688372324023,35.87427022265359],[136.1678436514039,35.96959848810694],[136.18116384666345,35.993223209838064],[136.2099466462103,35.97736448705898],[136.21326893267363,35.97842005973207]]]]}},{"type":"Feature","properties":{"level":"county","prefecture":"福井県","district":"坂井郡","label":"坂井郡","name":"福井県 坂井郡","municipalityCount":31},"geometry":{"type":"MultiPolygon","coordinates":[[[[136.28145342868754,36.26503317315942],[136.33153612088716,36.2300987442166],[136.34380063633594,36.17337427937921],[136.4094701304477,36.17151446085995],[136.4396191038673,36.13482074412864],[136.36047416746501,36.12763279687853],[136.3406025474974,36.09538756498382],[136.17796575782492,36.133664640724774],[136.18032551269607,36.09531216693574],[136.10720416109646,36.063519323329494],[136.09726835111266,36.099836049820425],[136.03585262565022,36.10275144101277],[136.12987022762204,36.19224892408142],[136.12347404994495,36.2500038289092],[136.24391469659244,36.29536832116949],[136.28129818165652,36.26488237706327],[136.28145342868754,36.26503317315942]]],[[[136.1209590480428,36.25304488351502],[136.1209590480428,36.25028028841882],[136.11651898295628,36.2500038289092],[136.11735731692366,36.252768424005396],[136.1209590480428,36.25304488351502]]]]}},{"type":"Feature","properties":{"level":"county","prefecture":"福井県","district":"三方郡","label":"三方郡","name":"福井県 三方郡","municipalityCount":7},"geometry":{"type":"MultiPolygon","coordinates":[[[[135.870918179919,35.53236520730234],[135.8131041855757,35.56888299525481],[135.85713224356644,35.5836861453608],[135.81474980410425,35.642094499938594],[135.86824793098583,35.60786378611116],[135.97018313153848,35.62286799767869],[135.95406848972098,35.72201643090132],[136.00691457907237,35.72993322594952],[136.01169618762708,35.49760670713836],[135.93966156524448,35.52055284643678],[135.91047512341703,35.47121739031104],[135.87324688538394,35.530656184879234],[135.870918179919,35.53236520730234]]],[[[135.80602492096222,35.63535894097696],[135.80630436561802,35.631739834669204],[135.8027026344989,35.63008107761149],[135.80382041312205,35.63953096630394],[135.8071426995854,35.639254506794316],[135.80602492096222,35.63535894097696]]],[[[135.8379747599414,35.57730244395685],[135.83545975803926,35.57674952493762],[135.83431093000988,35.57953925271651],[135.8379747599414,35.57730244395685]]]]}},{"type":"Feature","properties":{"level":"county","prefecture":"福井県","district":"足羽郡","label":"足羽郡","name":"福井県 足羽郡","municipalityCount":13},"geometry":{"type":"MultiPolygon","coordinates":[[[[136.21941671510112,36.055979518521696],[136.25499933460563,36.063896313569884],[136.27400157119968,36.03454134018483],[136.3406335969036,36.05298872928126],[136.39413172378516,35.97470042269356],[136.20563077874857,35.971232112481964],[136.16054704094705,35.99689258151119],[136.18228162528663,36.035219922617536],[136.161944264226,36.07721663539701],[136.2160323298254,36.05990021702175],[136.21941671510112,36.055979518521696]]]]}},{"type":"Feature","properties":{"level":"county","prefecture":"福井県","district":"大飯郡","label":"大飯郡","name":"福井県 大飯郡","municipalityCount":8},"geometry":{"type":"MultiPolygon","coordinates":[[[[135.5665408509462,35.49142406719596],[135.66214197263417,35.54646464229293],[135.62662145194204,35.48843327795553],[135.58079252839173,35.48984070818632],[135.72765621971493,35.479511175599626],[135.67685939117268,35.450231600262654],[135.6879129797797,35.42678280731038],[135.64264294554096,35.4480199241857],[135.50205123427003,35.42002211566605],[135.45007452829222,35.5273638034465],[135.48661967938892,35.5579251456008],[135.4679900356693,35.5314604307254],[135.4993809853369,35.52314151275412],[135.51605451646597,35.55118958663916],[135.50993778344468,35.50094935393649],[135.56328066329527,35.49039362720556],[135.5665408509462,35.49142406719596]]]]}},{"type":"Feature","properties":{"level":"county","prefecture":"福井県","district":"大野郡","label":"大野郡","name":"福井県 大野郡","municipalityCount":26},"geometry":{"type":"MultiPolygon","coordinates":[[[[136.55232844837116,36.1545499000424],[136.66093927125667,36.06826940035842],[136.7542737862921,36.08628953384907],[136.83469174834855,36.00790069653059],[136.78361547515053,35.92704885630823],[136.8323009440712,35.857833448172585],[136.78932856589122,35.799425093594785],[136.52273836426312,35.78811538638308],[136.50615798135263,35.75034096429598],[136.41595945634336,35.782435400094535],[136.4605153542395,35.920564624173515],[136.38894647294987,35.952407733145144],[136.33374062872733,35.92868248068325],[136.31771913512844,35.964220094010706],[136.38994005394827,35.97128237784735],[136.3673671356413,36.03356116555982],[136.43545848343658,36.05019900150238],[136.43800453474495,36.075432214925826],[136.38829443541968,36.08752103530101],[136.3927655499124,36.12494359983042],[136.55223530015255,36.154675563455854],[136.55232844837116,36.1545499000424]]]]}},{"type":"Feature","properties":{"level":"county","prefecture":"福井県","district":"丹生郡","label":"丹生郡","name":"福井県 丹生郡","municipalityCount":22},"geometry":{"type":"MultiPolygon","coordinates":[[[[136.161944264226,36.07721663539701],[136.1739603844252,35.91872993833695],[136.10263989838515,35.86730846954772],[136.01101310069072,35.87228474072087],[135.95767022084013,35.9814108489725],[136.03371021662247,36.10363108490702],[136.09726835111266,36.099836049820425],[136.10720416109646,36.063519323329494],[136.16160272075783,36.07711610466624],[136.161944264226,36.07721663539701]]]]}},{"type":"Feature","properties":{"level":"county","prefecture":"福井県","district":"敦賀郡","label":"敦賀郡","name":"福井県 敦賀郡","municipalityCount":7},"geometry":{"type":"MultiPolygon","coordinates":[[[[136.15036283571365,35.6977131267375],[136.16992396161928,35.56629432893746],[136.11360033877355,35.58278136878386],[136.1057137895989,35.528846631725365],[136.0265378037904,35.529500081475376],[136.01256557100066,35.725007220141755],[135.96515312773417,35.73229569812263],[136.02073156483112,35.763133499786555],[136.0474030047564,35.65702331345805],[136.07795562045663,35.6664732021505],[136.09816878389245,35.76524464513274],[136.1471026480627,35.69927135306445],[136.15036283571365,35.6977131267375]]]]}},{"type":"Feature","properties":{"level":"county","prefecture":"福井県","district":"南條郡","label":"南條郡","name":"福井県 南條郡","municipalityCount":13},"geometry":{"type":"MultiPolygon","coordinates":[[[[136.20696590321515,35.8625835252015],[136.34945162826423,35.81332346712384],[136.28073929234495,35.65863180515038],[136.1471026480627,35.69927135306445],[136.01101310069072,35.87228474072087],[136.10263989838515,35.86730846954772],[136.16955136874486,35.919333122721575],[136.1688372324023,35.87427022265359],[136.20063182435047,35.86461927249961],[136.20696590321515,35.8625835252015]]]]}},{"type":"Feature","properties":{"level":"county","prefecture":"福岡県","district":"鞍手郡","label":"鞍手郡","name":"福岡県 鞍手郡","municipalityCount":18},"geometry":{"type":"MultiPolygon","coordinates":[[[[130.703551802589,33.80127628879574],[130.79483705681525,33.78029049874735],[130.8040276810503,33.74203855568909],[130.57506935973586,33.638064647389456],[130.53976618488713,33.68134312698626],[130.55519773976823,33.75156384242962],[130.63241761298616,33.78016483533389],[130.6359572452929,33.81273679210361],[130.70057105959387,33.80353823023808],[130.703551802589,33.80127628879574]]]]}},{"type":"Feature","properties":{"level":"county","prefecture":"福岡県","district":"遠賀郡","label":"遠賀郡","name":"福岡県 遠賀郡","municipalityCount":13},"geometry":{"type":"MultiPolygon","coordinates":[[[[130.74419547530402,33.888159972864344],[130.79589273662603,33.885219448989304],[130.79943236893277,33.776797055853066],[130.59105980392854,33.81841677839215],[130.5414428528219,33.884515733873904],[130.63151718020637,33.88381201875851],[130.70066420781245,33.938525868980484],[130.76993543304334,33.924954220326434],[130.74254985677547,33.89001979138361],[130.74419547530402,33.888159972864344]]],[[[130.85091228441138,33.90492347222036],[130.84352252573592,33.87300496520066],[130.80676002879582,33.88476706070083],[130.8548245095925,33.929352439797654],[130.84817993666584,33.9054763912396],[130.85091228441138,33.90492347222036]]]]}},{"type":"Feature","properties":{"level":"county","prefecture":"福岡県","district":"嘉穂郡","label":"嘉穂郡","name":"福岡県 嘉穂郡","municipalityCount":18},"geometry":{"type":"MultiPolygon","coordinates":[[[[130.7621109826811,33.58629132104254],[130.80666688057724,33.53685533418603],[130.80607694185943,33.47186221674275],[130.6214571725978,33.50609293057018],[130.5581474333572,33.59948597945619],[130.64505472130932,33.68835514545752],[130.7291675627035,33.706500942361636],[130.7618936368377,33.58774901663871],[130.7621109826811,33.58629132104254]]]]}},{"type":"Feature","properties":{"level":"county","prefecture":"福岡県","district":"企救郡","label":"企救郡","name":"福岡県 企救郡","municipalityCount":10},"geometry":{"type":"MultiPolygon","coordinates":[[[[130.91608498802393,33.77423352221842],[130.89435040368434,33.73414689332358],[130.80585959601603,33.73454901624667],[130.80148162974194,33.811907413574744],[130.8408212273966,33.839528231854004],[130.85091228441138,33.90492347222036],[130.88401095141995,33.90519993172998],[130.87677643977548,33.870567094979464],[130.91515350583796,33.89580030840292],[130.92443727829158,33.87335682275835],[130.93564611392955,33.91452415700897],[131.0234227852553,33.959913781951954],[130.99318066361707,33.85073740833494],[130.95651131489558,33.82965108755578],[130.9810403457931,33.81042458529588],[130.91894153339427,33.77476130855496],[130.91608498802393,33.77423352221842]]],[[[130.97262595671305,33.82907303585385],[130.97706602179957,33.8299275470654],[130.97706602179957,33.827414278796134],[130.97262595671305,33.82907303585385]]]]}},{"type":"Feature","properties":{"level":"county","prefecture":"福岡県","district":"京都郡","label":"京都郡","name":"福岡県 京都郡","municipalityCount":21},"geometry":{"type":"MultiPolygon","coordinates":[[[[131.00768073631218,33.74419996640066],[131.04587150593744,33.684962233294],[130.98957893249792,33.66108618473596],[130.96144817048128,33.58521061568675],[130.98153713629227,33.5077516876279],[130.9498977913751,33.48767067415645],[130.86783421079005,33.73429768941974],[131.00010468119953,33.8155013871998],[131.00398585697445,33.748271460996875],[131.00768073631218,33.74419996640066]]],[[[131.0072770940316,33.790997021574434],[131.01289703655368,33.79356055520909],[131.01010258999574,33.791323746449436],[131.0072770940316,33.790997021574434]]]]}},{"type":"Feature","properties":{"level":"county","prefecture":"福岡県","district":"三井郡","label":"三井郡","name":"福岡県 三井郡","municipalityCount":24},"geometry":{"type":"MultiPolygon","coordinates":[[[[130.57975782007196,33.436978053165305],[130.6667893056489,33.36218318947188],[130.62263705003335,33.34607313986587],[130.64915324292764,33.298522104211315],[130.51110758296508,33.263386613806944],[130.53532611980063,33.43738017608839],[130.57665287945204,33.438536279492254],[130.57975782007196,33.436978053165305]]]]}},{"type":"Feature","properties":{"level":"county","prefecture":"福岡県","district":"三池郡","label":"三池郡","name":"福岡県 三池郡","municipalityCount":10},"geometry":{"type":"MultiPolygon","coordinates":[[[[130.47484187652418,33.11877315759325],[130.51837314401575,33.12048218001635],[130.54218803857069,33.085045097419666],[130.4950239905538,33.048678105563354],[130.51269110268126,33.00758616936082],[130.39638002705829,32.99971963967801],[130.4737861967134,33.02902434769768],[130.421405848455,33.04382749780367],[130.4107248527224,33.08582421058314],[130.44363722329376,33.12452854192988],[130.47751212545734,33.11568183762205],[130.47484187652418,33.11877315759325]]]]}},{"type":"Feature","properties":{"level":"county","prefecture":"福岡県","district":"三潴郡","label":"三潴郡","name":"福岡県 三潴郡","municipalityCount":21},"geometry":{"type":"MultiPolygon","coordinates":[[[[130.50834418581334,33.246949839325936],[130.4571126655843,33.18577688965194],[130.35579845315564,33.14053806080511],[130.33971486074435,33.20502852459454],[130.42687054394608,33.290152920874654],[130.44587278054013,33.26373847136465],[130.4844361430398,33.30558438804796],[130.50924461859313,33.25094593587407],[130.50834418581334,33.246949839325936]]]]}},{"type":"Feature","properties":{"level":"county","prefecture":"福岡県","district":"山門郡","label":"山門郡","name":"福岡県 山門郡","municipalityCount":11},"geometry":{"type":"MultiPolygon","coordinates":[[[[130.5414739022281,33.1845453882],[130.56572348846984,33.08725677349663],[130.44363722329376,33.12452854192988],[130.4107248527224,33.08582421058314],[130.3729377253777,33.11972819953557],[130.3950759519979,33.17811142143067],[130.5359160585184,33.184469990151925],[130.5414739022281,33.1845453882]]]]}},{"type":"Feature","properties":{"level":"county","prefecture":"福岡県","district":"糸島郡","label":"糸島郡","name":"福岡県 糸島郡","municipalityCount":19},"geometry":{"type":"MultiPolygon","coordinates":[[[[130.03766623723655,33.86297702480628],[130.03626901395756,33.8618711867678],[130.03294672749422,33.86491224137362],[130.03490284008478,33.873809211046826],[130.03654845861337,33.87408567055644],[130.03850457120393,33.868807807190976],[130.03766623723655,33.86297702480628]]],[[[130.23433317610358,33.68244896502474],[130.232377063513,33.682725424534354],[130.2270986644591,33.68659585766903],[130.22461471196317,33.68991337178446],[130.22433526730737,33.69215018054411],[130.22629137989793,33.69436185662107],[130.23461262075938,33.692979559072974],[130.23709657325531,33.690466290803705],[130.23684817800572,33.68438418159207],[130.23433317610358,33.68244896502474]]],[[[130.25044781792107,33.59966190823504],[130.29708402603256,33.56678835927301],[130.27212030344825,33.47935175618517],[130.0395602510147,33.46977620407925],[130.1538841646409,33.537106661012956],[130.16406836987431,33.56105810761908],[130.11547604917226,33.54633035556117],[130.13544081735847,33.56661243049416],[130.0868484966564,33.57965629281166],[130.15149336036356,33.59905872385042],[130.2076617361783,33.66689183443797],[130.25876905878252,33.60189871699469],[130.25044781792107,33.59966190823504]]],[[[130.05101748190228,33.56523013294607],[130.04573908284837,33.567718268532644],[130.043814019664,33.56967861778267],[130.043814019664,33.572443212878866],[130.04629797215998,33.57550940016738],[130.05213526052546,33.575232940657756],[130.0546502624276,33.57299613189811],[130.05409137311602,33.57023153680191],[130.05101748190228,33.56523013294607]]]]}},{"type":"Feature","properties":{"level":"county","prefecture":"福岡県","district":"宗像郡","label":"宗像郡","name":"福岡県 宗像郡","municipalityCount":15},"geometry":{"type":"MultiPolygon","coordinates":[[[[130.10349097837928,34.23986673446575],[130.10016869191594,34.24014319397537],[130.09793313466957,34.2420784105427],[130.09877146863695,34.24459167881197],[130.10100702588332,34.24569751685045],[130.10321153372348,34.249316623158194],[130.10960771140057,34.248738571456265],[130.1118432686469,34.249869542177436],[130.1124021579585,34.24625043586969],[130.10572653562565,34.24014319397537],[130.10349097837928,34.23986673446575]]],[[[130.43208684418758,33.8938148264702],[130.4059742935739,33.90713514829732],[130.44596592875874,33.91464982042243],[130.43264573349919,33.89657942156639],[130.43208684418758,33.8938148264702]]],[[[130.494589298867,33.901027906403],[130.49514818817858,33.904094093691505],[130.49179485230906,33.905752850749224],[130.4881931211899,33.910201335585825],[130.48570916869397,33.91103071411469],[130.4887520105015,33.91351884970126],[130.49651436205136,33.912136552153164],[130.49874991929772,33.906305769768466],[130.5009854765441,33.9054763912396],[130.50291053972845,33.90268666346071],[130.5059844309422,33.901027906403],[130.50846838343813,33.89575004303754],[130.5059844309422,33.896855881076014],[130.4993088086093,33.89602650254716],[130.49763214067454,33.89881623032604],[130.49542763283438,33.89796171911449],[130.494589298867,33.901027906403]]],[[[130.59105980392854,33.81841677839215],[130.63980737166162,33.79062003133404],[130.5477458822804,33.73060318506392],[130.46748316725493,33.753725253141184],[130.44596592875874,33.79102215425713],[130.5251419145672,33.88991926065283],[130.58627819537384,33.82402136663262],[130.59105980392854,33.81841677839215]]],[[[130.4734757026514,33.85935791849853],[130.4681973035975,33.86046375653701],[130.46959452687648,33.86159472725818],[130.4684767482533,33.864635781863996],[130.47291681333982,33.86352994382552],[130.4734757026514,33.85935791849853]]]]}},{"type":"Feature","properties":{"level":"county","prefecture":"福岡県","district":"早良郡","label":"早良郡","name":"福岡県 早良郡","municipalityCount":11},"geometry":{"type":"MultiPolygon","coordinates":[[[[130.31372650775546,33.61755637831223],[130.31434749587945,33.61466611980257],[130.30878965216976,33.61132347300445],[130.30795131820236,33.60800595888901],[130.29959902793473,33.607176580360154],[130.2951589628482,33.612177984216],[130.29460007353663,33.61687779587953],[130.29795340940615,33.62049690218728],[130.29931958327893,33.626051225062355],[130.29795340940615,33.63132908842782],[130.29851229871775,33.63577757326443],[130.3015551405253,33.63798924934138],[130.30407014242743,33.63771278983177],[130.30767187354658,33.63467173522595],[130.30739242889078,33.63049970989896],[130.30823076285816,33.62856449333162],[130.31322971725626,33.623010170456546],[130.31372650775546,33.61755637831223]]],[[[130.36011432061736,33.58963396784066],[130.40650213347928,33.52645040355126],[130.37123000803675,33.50478603107017],[130.39579008834048,33.42687471472285],[130.27212030344825,33.47935175618517],[130.29295445500804,33.57995788500398],[130.3582203068392,33.591895909283004],[130.36011432061736,33.58963396784066]]]]}},{"type":"Feature","properties":{"level":"county","prefecture":"福岡県","district":"糟屋郡","label":"糟屋郡","name":"福岡県 糟屋郡","municipalityCount":19},"geometry":{"type":"MultiPolygon","coordinates":[[[[130.37265828072194,33.759631433573965],[130.36877710494701,33.76103886380476],[130.36601370779525,33.759907893083586],[130.36405759520468,33.75741975749701],[130.36489592917206,33.75463002971812],[130.36266037192573,33.75490648922774],[130.3596175301182,33.75852559553549],[130.35905864080658,33.761591782824],[130.36210148261412,33.76659318667984],[130.36405759520468,33.76686964618946],[130.37265828072194,33.76463283742981],[130.37629106124726,33.762421161352854],[130.37821612443162,33.757972676516246],[130.37629106124726,33.759631433573965],[130.37265828072194,33.759631433573965]]],[[[130.49089441952927,33.74812066490072],[130.55808533454478,33.72366656464074],[130.53976618488713,33.68134312698626],[130.598760056666,33.61298223006216],[130.5581474333572,33.59948597945619],[130.5740447293313,33.54311337217651],[130.51675857489337,33.530823490339785],[130.40293145176636,33.62328662996616],[130.42764677910108,33.68800328789982],[130.35682308356024,33.64271419368761],[130.31822867165437,33.66078459254365],[130.4893108998131,33.747316419054556],[130.49089441952927,33.74812066490072]]],[[[130.3121740374455,33.66216689009174],[130.2901600084501,33.68717390937096],[130.3162725590638,33.66106105205326],[130.3121740374455,33.66216689009174]]]]}},{"type":"Feature","properties":{"level":"county","prefecture":"福岡県","district":"築上郡","label":"築上郡","name":"福岡県 築上郡","municipalityCount":22},"geometry":{"type":"MultiPolygon","coordinates":[[[[131.08260295347137,33.63577757326443],[131.18342037540083,33.61883814512956],[131.17748993881673,33.50732443202212],[130.97660028070658,33.511144599791415],[130.96144817048128,33.58521061568675],[130.98957893249792,33.66108618473596],[131.05565206889025,33.69049142348639],[131.08372073209452,33.63605403277405],[131.08260295347137,33.63577757326443]]]]}},{"type":"Feature","properties":{"level":"county","prefecture":"福岡県","district":"筑紫郡","label":"筑紫郡","name":"福岡県 筑紫郡","municipalityCount":20},"geometry":{"type":"MultiPolygon","coordinates":[[[[130.44307833398219,33.605894813542825],[130.51675857489337,33.530823490339785],[130.54920520437176,33.55643369400363],[130.61074512745898,33.52700332257049],[130.6101551887412,33.492797741425754],[130.56112817635233,33.47565725182935],[130.57975782007196,33.436978053165305],[130.51259795446265,33.44934333305011],[130.40951392588062,33.39661496476086],[130.37123000803675,33.50478603107017],[130.40743361566527,33.521273070916564],[130.38607162420007,33.573875775792345],[130.41920134061485,33.59584174046575],[130.40768201091487,33.61856168561994],[130.43388770974715,33.60752843791785],[130.44307833398219,33.605894813542825]]]]}},{"type":"Feature","properties":{"level":"county","prefecture":"福岡県","district":"朝倉郡","label":"朝倉郡","name":"福岡県 朝倉郡","municipalityCount":22},"geometry":{"type":"MultiPolygon","coordinates":[[[[130.6821898111238,33.49244588386806],[130.84283943879953,33.485509263444875],[130.85314784165774,33.44768457599239],[130.90028084026844,33.44921766963664],[130.88584286638573,33.37922314833752],[130.8353565319055,33.34353473891391],[130.63949687759964,33.37148228206817],[130.56112817635233,33.47565725182935],[130.63415637973333,33.50936017932023],[130.68051314318905,33.49551207115656],[130.6821898111238,33.49244588386806]]]]}},{"type":"Feature","properties":{"level":"county","prefecture":"福岡県","district":"田川郡","label":"田川郡","name":"福岡県 田川郡","municipalityCount":18},"geometry":{"type":"MultiPolygon","coordinates":[[[[130.82203633664594,33.72125382710224],[130.86783421079005,33.73429768941974],[130.9082294882555,33.63670748252406],[130.9498977913751,33.48767067415645],[130.91021665025224,33.449695190607805],[130.85314784165774,33.44768457599239],[130.7621109826811,33.58629132104254],[130.74820084870376,33.7159005656887],[130.8040276810503,33.74203855568909],[130.81955238414997,33.72286231879457],[130.82203633664594,33.72125382710224]]]]}},{"type":"Feature","properties":{"level":"county","prefecture":"福岡県","district":"八女郡","label":"八女郡","name":"福岡県 八女郡","municipalityCount":28},"geometry":{"type":"MultiPolygon","coordinates":[[[[130.72404441068062,33.30214121051906],[130.859575068741,33.22913076729682],[130.83647431052867,33.21060798015231],[130.88745743550808,33.186279543305794],[130.85333413809494,33.10914734012195],[130.68001635268985,33.17130046442096],[130.65971004103545,33.1096751264585],[130.56181126328872,33.104196201631495],[130.5461002637518,33.1821326506615],[130.45143062424984,33.17403992683446],[130.51110758296508,33.263386613806944],[130.71789662825313,33.30359890611524],[130.72404441068062,33.30214121051906]]]]}},{"type":"Feature","properties":{"level":"county","prefecture":"福岡県","district":"浮羽郡","label":"浮羽郡","name":"福岡県 浮羽郡","municipalityCount":16},"geometry":{"type":"MultiPolygon","coordinates":[[[[130.7557769038164,33.36391734457768],[130.8506017903494,33.336648383856115],[130.86780316138385,33.26336148112425],[130.64915324292764,33.298522104211315],[130.62263705003335,33.34607313986587],[130.74826294751614,33.36489751920269],[130.7557769038164,33.36391734457768]]]]}},{"type":"Feature","properties":{"level":"county","prefecture":"福島県","district":"安積郡","label":"安積郡","name":"福島県 安積郡","municipalityCount":21},"geometry":{"type":"MultiPolygon","coordinates":[[[[140.3715606579291,37.47074849265819],[140.40717432683982,37.49080437344695],[140.4253692788727,37.44893332408094],[140.37615597004663,37.343149862627435],[140.23860710058327,37.33498174075231],[140.1887728036332,37.37215297845479],[140.11459577222283,37.31980160040594],[140.03597867572594,37.336766161223494],[140.06308480733802,37.42862611646525],[140.11695552709398,37.413018720513094],[140.15846858318258,37.4641637297927],[140.19852231717982,37.449008722129015],[140.1884002107588,37.506537432812564],[140.36041392110351,37.47094955411973],[140.3715606579291,37.47074849265819]]]]}},{"type":"Feature","properties":{"level":"county","prefecture":"福島県","district":"安達郡","label":"安達郡","name":"福島県 安達郡","municipalityCount":28},"geometry":{"type":"MultiPolygon","coordinates":[[[[140.5246652798984,37.63584508526642],[140.55850913265573,37.65027124513202],[140.60477274789287,37.608576124544854],[140.66789619069624,37.63104474287212],[140.72623802494493,37.59339598419848],[140.68019175555122,37.5366463866784],[140.49942211265827,37.48266138425451],[140.23826555711506,37.47901714526408],[140.16554784779606,37.52500995459169],[140.22823659891264,37.55504351040945],[140.28064799657724,37.64167586765112],[140.5029306955588,37.666557223516875],[140.52680768892614,37.6390118032857],[140.5246652798984,37.63584508526642]]]]}},{"type":"Feature","properties":{"level":"county","prefecture":"福島県","district":"伊達郡","label":"伊達郡","name":"福島県 伊達郡","municipalityCount":43},"geometry":{"type":"MultiPolygon","coordinates":[[[[140.48787173355208,37.89986391695305],[140.56636463242418,37.92278492356878],[140.69006546672261,37.888227484866334],[140.67814249474205,37.77957889758587],[140.73663957602173,37.7612823045856],[140.6449506795149,37.69184070230571],[140.66870347525742,37.65285991144937],[140.64799352132243,37.61822707469885],[140.51224551741862,37.648386293930066],[140.4932122314184,37.688548320872975],[140.5282670110175,37.793753730624545],[140.4566049815093,37.818685351855684],[140.4344357054829,37.8646530285006],[140.37447930211187,37.888830669250964],[140.30222733388584,37.848995367183065],[140.30759888115833,37.86895071724105],[140.26971860559507,37.865708601173694],[140.27130212531122,37.966641454867506],[140.34855304793535,37.9501544150211],[140.40732957387084,37.97367860602146],[140.47486203235454,37.94678663554029],[140.4877164865211,37.89996444768382],[140.48787173355208,37.89986391695305]]]]}},{"type":"Feature","properties":{"level":"county","prefecture":"福島県","district":"河沼郡","label":"河沼郡","name":"福島県 河沼郡","municipalityCount":32},"geometry":{"type":"MultiPolygon","coordinates":[[[[139.62817577470292,37.601991361679374],[139.80428800666596,37.63757924037222],[139.79354491212098,37.604781089458264],[139.89821246041916,37.593094392006165],[140.02380730849575,37.521340582918555],[139.90280777253668,37.54989131045744],[139.79084361378162,37.528101274562886],[139.73396110162432,37.47381467994669],[139.60144223596524,37.493845428052765],[139.54927923355024,37.64903974368008],[139.61088125544987,37.66650695815149],[139.62916935570132,37.607043030900606],[139.62817577470292,37.601991361679374]]]]}},{"type":"Feature","properties":{"level":"county","prefecture":"福島県","district":"岩瀬郡","label":"岩瀬郡","name":"福島県 岩瀬郡","municipalityCount":14},"geometry":{"type":"MultiPolygon","coordinates":[[[[140.34842885031054,37.342772872387044],[140.41310476342392,37.289089462155474],[140.3931710446439,37.22256325106794],[140.2468351932261,37.2227391798468],[140.20820973191402,37.188935721625135],[140.08637186198757,37.24659009572215],[140.07131289998085,37.20994664435622],[140.01778372369307,37.19697818008679],[139.94789151033822,37.22135688229869],[140.02539082821193,37.342094289954346],[140.11459577222283,37.31980160040594],[140.1887728036332,37.37215297845479],[140.23860710058327,37.33498174075231],[140.34793205981137,37.34350172018513],[140.34842885031054,37.342772872387044]]]]}},{"type":"Feature","properties":{"level":"county","prefecture":"福島県","district":"信夫郡","label":"信夫郡","name":"福島県 信夫郡","municipalityCount":26},"geometry":{"type":"MultiPolygon","coordinates":[[[[140.4344357054829,37.8646530285006],[140.4566049815093,37.818685351855684],[140.5282670110175,37.793753730624545],[140.49898742097147,37.66266165769951],[140.28747886594113,37.63989144717994],[140.2306895020024,37.67924922827668],[140.2404079661428,37.75354143831625],[140.2985014051419,37.80724998123051],[140.2677624930045,37.864854089962144],[140.30759888115833,37.86895071724105],[140.30222733388584,37.848995367183065],[140.37447930211187,37.888830669250964],[140.4298714427716,37.86595992800062],[140.4344357054829,37.8646530285006]],[[140.43754064610286,37.76914883426841],[140.4561702898225,37.73627528530638],[140.4933985278556,37.78370065754747],[140.4408008337538,37.76909856890302],[140.43754064610286,37.76914883426841]]]]}},{"type":"Feature","properties":{"level":"county","prefecture":"福島県","district":"西白河郡","label":"西白河郡","name":"福島県 西白河郡","municipalityCount":19},"geometry":{"type":"MultiPolygon","coordinates":[[[[140.27111582887403,37.21999971743329],[140.39720746744982,37.22175900522178],[140.4094098840862,37.17161930324988],[140.3677105315604,37.12590295343189],[140.41291846698672,37.11077307845089],[140.26754514716112,37.000063611189624],[140.20280713523533,37.02436691535345],[140.1370134434988,37.10647538971044],[139.96124275500395,37.15329757756691],[139.98213900537615,37.20192931857726],[140.07131289998085,37.20994664435622],[140.08637186198757,37.24659009572215],[140.1733722981583,37.19029288649054],[140.25993804264226,37.21967299255829],[140.27111582887403,37.21999971743329]]],[[[140.38873097955738,37.07694448754654],[140.38655752112342,37.07558732268114],[140.38665066934203,37.07126450125799],[140.388047892621,37.07103830711376],[140.38484980378246,37.06797211982526],[140.3829247405981,37.07289812563302],[140.37904356482318,37.07624077243115],[140.37997504700917,37.079005367527344],[140.3830178888167,37.08031226702736],[140.38394937100267,37.08287580066201],[140.38543974250024,37.08214695286392],[140.38963141233717,37.084258098210114],[140.3929536988005,37.08493668064281],[140.39022135105495,37.08285066797932],[140.3881099914334,37.07923156167158],[140.38873097955738,37.07694448754654]]]]}},{"type":"Feature","properties":{"level":"county","prefecture":"福島県","district":"石城郡","label":"石城郡","name":"福島県 石城郡","municipalityCount":40},"geometry":{"type":"MultiPolygon","coordinates":[[[[140.87738653432365,37.27727710128991],[140.88288227922092,37.20295975856765],[140.9990070584067,37.11376386769132],[140.96923067786147,36.97332243680461],[140.81743013095257,36.90837958472672],[140.78613232950357,36.8562292681394],[140.61467750847046,36.904509151592045],[140.5659609901436,36.98581338010287],[140.6648533488887,37.08996321718135],[140.6080329355438,37.20429179075036],[140.68236521398518,37.233923223645036],[140.69559226102612,37.315001258011634],[140.77852522498472,37.296453338184435],[140.80454462737984,37.25159149957799],[140.87294646923712,37.27534188472258],[140.87738653432365,37.27727710128991]]]]}},{"type":"Feature","properties":{"level":"county","prefecture":"福島県","district":"石川郡","label":"石川郡","name":"福島県 石川郡","municipalityCount":15},"geometry":{"type":"MultiPolygon","coordinates":[[[[140.55779499631316,37.27330613742447],[140.6025682400527,37.25068672300105],[140.6126903464737,37.15802252191314],[140.53888590793773,37.15925402336508],[140.49057303189144,37.07908076557542],[140.43738539907184,37.07287299295032],[140.45079874255,37.03753644108441],[140.42567977293467,37.02255736219958],[140.40587025177945,37.08491154796012],[140.3729889306143,37.08048819580621],[140.41291846698672,37.11077307845089],[140.3677105315604,37.12590295343189],[140.4094098840862,37.17161930324988],[140.38851363371398,37.24545912500098],[140.41310476342392,37.289089462155474],[140.37829837907438,37.325833444252176],[140.5555283896606,37.273607729616785],[140.55779499631316,37.27330613742447]]]]}},{"type":"Feature","properties":{"level":"county","prefecture":"福島県","district":"双葉郡","label":"双葉郡","name":"福島県 双葉郡","municipalityCount":19},"geometry":{"type":"MultiPolygon","coordinates":[[[[140.9418451015936,37.52473349508207],[141.03462072731742,37.51375051274536],[141.0418552389619,37.48107802524488],[140.99717514344096,37.113060152575926],[140.88005678325678,37.206779926336935],[140.87738653432365,37.27727710128991],[140.80454462737984,37.25159149957799],[140.69897664630184,37.36951404677206],[140.7284425327851,37.404599271811044],[140.84965941458756,37.371248201877854],[140.86195497944254,37.411259432724606],[140.83354477277007,37.468310622436995],[140.69155583822018,37.50301885723559],[140.7182272781455,37.60143844266014],[140.81485303023803,37.614809029852644],[140.88027412910017,37.52390411655321],[140.93849176572408,37.52523614873592],[140.9418451015936,37.52473349508207]]]]}},{"type":"Feature","properties":{"level":"county","prefecture":"福島県","district":"相馬郡","label":"相馬郡","name":"福島県 相馬郡","municipalityCount":28},"geometry":{"type":"MultiPolygon","coordinates":[[[[140.9466577595545,37.852890933000424],[141.01099212919968,37.73969333015258],[141.03462072731742,37.51375051274536],[140.88027412910017,37.52390411655321],[140.82010037988573,37.612823547919916],[140.79305634708606,37.59339598419848],[140.67419922015472,37.62237396734314],[140.6449506795149,37.69184070230571],[140.73663957602173,37.7612823045856],[140.68441447479432,37.77017927425881],[140.69435028477812,37.80327901736507],[140.79299424827366,37.77324546154732],[140.7748924444594,37.80621954124011],[140.85214336708353,37.79548788573034],[140.85621083929564,37.890916681914455],[140.8904893837398,37.90230178717424],[140.9307294141742,37.89614427991454],[140.94516738805694,37.85716348905818],[140.9466577595545,37.852890933000424]]]]}},{"type":"Feature","properties":{"level":"county","prefecture":"福島県","district":"大沼郡","label":"大沼郡","name":"福島県 大沼郡","municipalityCount":25},"geometry":{"type":"MultiPolygon","coordinates":[[[[139.85179359815106,37.48555164276418],[139.87262774971086,37.452979685994464],[139.90454653928384,37.46087134835996],[139.91954340247815,37.36501529657007],[139.85561267511358,37.359460973694986],[139.7860620052269,37.28431425244386],[139.74442475151352,37.291778659203594],[139.6086767476097,37.2065788648754],[139.55415399032356,37.360315484906536],[139.51627371476027,37.378989068147206],[139.42936642680814,37.33324758564652],[139.36416267378937,37.381929592022246],[139.42840389521595,37.514253166399214],[139.73396110162432,37.47381467994669],[139.76646982991508,37.51626378101463],[139.83921858864028,37.53161985013986],[139.85033427605967,37.488743493466146],[139.85179359815106,37.48555164276418]]]]}},{"type":"Feature","properties":{"level":"county","prefecture":"福島県","district":"田村郡","label":"田村郡","name":"福島県 田村郡","municipalityCount":31},"geometry":{"type":"MultiPolygon","coordinates":[[[[140.83568718179782,37.46180125761959],[140.85400633145548,37.375646421349074],[140.71496709049455,37.397260528464784],[140.7231951831374,37.31955027357901],[140.69559226102612,37.315001258011634],[140.68236521398518,37.233923223645036],[140.6171925103726,37.20363834100036],[140.60005323815054,37.25314972590494],[140.37460349973665,37.330432725184934],[140.42359946271932,37.48557677544687],[140.68189947289218,37.53807894959188],[140.69155583822018,37.50301885723559],[140.83410366208167,37.46476691417733],[140.83568718179782,37.46180125761959]]]]}},{"type":"Feature","properties":{"level":"county","prefecture":"福島県","district":"東白川郡","label":"東白川郡","name":"福島県 東白川郡","municipalityCount":13},"geometry":{"type":"MultiPolygon","coordinates":[[[[140.52817386279892,36.843637794110364],[140.46418103662194,36.79141207947497],[140.3768080075768,36.838385063427594],[140.36525762847063,36.884026015197506],[140.24096685545442,36.94550055706381],[140.24019062029942,37.000390336064626],[140.40136808788054,37.08702269330631],[140.42723224324465,37.02270815829573],[140.45079874255,37.03753644108441],[140.43738539907184,37.07287299295032],[140.49057303189144,37.07908076557542],[140.53888590793773,37.15925402336508],[140.63268616406611,37.15435315024],[140.6648533488887,37.08996321718135],[140.5659609901436,36.98581338010287],[140.5919803925387,36.87301790017811],[140.5289190485477,36.84464310141807],[140.52817386279892,36.843637794110364]]]]}},{"type":"Feature","properties":{"level":"county","prefecture":"福島県","district":"南会津郡","label":"南会津郡","name":"福島県 南会津郡","municipalityCount":18},"geometry":{"type":"MultiPolygon","coordinates":[[[[139.44588471090623,37.33407696417538],[139.51627371476027,37.378989068147206],[139.55415399032356,37.360315484906536],[139.6086767476097,37.2065788648754],[139.74442475151352,37.291778659203594],[139.7860620052269,37.28431425244386],[139.85561267511358,37.359460973694986],[140.012474275233,37.322993451107905],[139.9482641032126,37.228394033452645],[139.98213900537615,37.20192931857726],[139.96124275500395,37.15329757756691],[139.83176673115244,37.133643819701234],[139.8220793164182,37.08513774210435],[139.67294901844247,37.05759232187317],[139.46004324013313,36.969879259275714],[139.39328701680444,36.910792322265216],[139.24021344424136,36.92999369184243],[139.2537820347505,37.16505967306709],[139.16476338717678,37.23731613580855],[139.23359992072088,37.34360225091591],[139.19724106606137,37.41075677907075],[139.22363306133087,37.44915951822517],[139.39750973604754,37.45984090836956],[139.36416267378937,37.381929592022246],[139.44250032563048,37.3336497085696],[139.44588471090623,37.33407696417538]]]]}},{"type":"Feature","properties":{"level":"county","prefecture":"福島県","district":"北会津郡","label":"北会津郡","name":"福島県 北会津郡","municipalityCount":11},"geometry":{"type":"MultiPolygon","coordinates":[[[[139.98803839255405,37.51508254492808],[140.02473879068174,37.52098872536086],[140.0691704909531,37.4408154675712],[140.05085134129544,37.35579160202185],[140.012474275233,37.322993451107905],[139.91752519107519,37.32505433108871],[139.9178356851372,37.354987356175684],[139.8749564551758,37.36119512880078],[139.92932396543097,37.38502091199344],[139.90755833168518,37.45418605476371],[139.86365447131922,37.45881046837916],[139.84586316156697,37.53063967551485],[139.90280777253668,37.54989131045744],[139.9907086414872,37.52184323657241],[139.98803839255405,37.51508254492808]],[[139.93115588039674,37.51284573616843],[139.90305616778627,37.486104561783414],[139.94792255974443,37.4861548271488],[139.93128007802153,37.50736681134143],[139.93115588039674,37.51284573616843]]]]}},{"type":"Feature","properties":{"level":"county","prefecture":"福島県","district":"耶麻郡","label":"耶麻郡","name":"福島県 耶麻郡","municipalityCount":37},"geometry":{"type":"MultiPolygon","coordinates":[[[[139.86300243378903,37.82499365521155],[139.93724156401183,37.828185505913524],[139.99254055645295,37.758693638268255],[140.05019930376525,37.77900084588394],[140.11534095797163,37.73436520142174],[140.2406253119862,37.743764824748794],[140.2306895020024,37.67924922827668],[140.28524330869476,37.62742563656437],[140.16706926869983,37.52877985699559],[140.19852231717982,37.449008722129015],[140.15846858318258,37.4641637297927],[140.11695552709398,37.413018720513094],[140.07777117647032,37.41998047361896],[140.01638650041411,37.54255256711118],[139.79354491212098,37.604781089458264],[139.80428800666596,37.63757924037222],[139.62777213242234,37.599578624140875],[139.60572705402075,37.680179137536314],[139.74150610733076,37.817830840644135],[139.7146483709683,37.85291606568312],[139.68080451821092,37.846959619884956],[139.81000109740665,37.80322875199968],[139.86272298913323,37.82504392057693],[139.86300243378903,37.82499365521155]]]]}},{"type":"Feature","properties":{"level":"county","prefecture":"兵庫県","district":"印南郡","label":"印南郡","name":"兵庫県 印南郡","municipalityCount":15},"geometry":{"type":"MultiPolygon","coordinates":[[[[134.92642629273925,34.812364113522364],[134.76335481137997,34.74850196680026],[134.72712015434524,34.78328559964693],[134.7459981933145,34.82505611828217],[134.80343959478338,34.843428109330524],[134.79434211876696,34.86569566619624],[134.92223462290232,34.81832055932053],[134.92642629273925,34.812364113522364]]]]}},{"type":"Feature","properties":{"level":"county","prefecture":"兵庫県","district":"加古郡","label":"加古郡","name":"兵庫県 加古郡","municipalityCount":16},"geometry":{"type":"MultiPolygon","coordinates":[[[[134.92797876304923,34.727390513338406],[134.89289293404389,34.72434945873259],[134.88894965945656,34.69285820731866],[134.76798117290366,34.75181948091569],[134.92642629273925,34.812364113522364],[134.96610743386208,34.75116603116568],[134.93505802766268,34.72987864892498],[134.92797876304923,34.727390513338406]]]]}},{"type":"Feature","properties":{"level":"county","prefecture":"兵庫県","district":"加西郡","label":"加西郡","name":"兵庫県 加西郡","municipalityCount":11},"geometry":{"type":"MultiPolygon","coordinates":[[[[134.9341886442891,35.01219407361189],[134.94589427042627,34.96047101263034],[134.9029218922463,34.92985940511066],[134.88913595589375,34.841115902522795],[134.81604565370034,34.853129324849895],[134.78608297671792,34.88738517136002],[134.83796653447715,35.03770374654496],[134.90568528939804,34.98346741729415],[134.93161154357455,35.010887174111865],[134.9341886442891,35.01219407361189]]]]}},{"type":"Feature","properties":{"level":"county","prefecture":"兵庫県","district":"加東郡","label":"加東郡","name":"兵庫県 加東郡","municipalityCount":15},"geometry":{"type":"MultiPolygon","coordinates":[[[[135.06723534985355,34.88597774112923],[134.94139210652736,34.80562855456073],[134.88261558059187,34.83975873765739],[134.9299348756398,34.95793261167839],[135.04112279923984,34.96858886914008],[135.0594419488975,35.008901692179144],[135.11843582067638,34.928954628533724],[135.06847732610152,34.8871087118504],[135.06723534985355,34.88597774112923]]]]}},{"type":"Feature","properties":{"level":"county","prefecture":"兵庫県","district":"佐用郡","label":"佐用郡","name":"兵庫県 佐用郡","municipalityCount":12},"geometry":{"type":"MultiPolygon","coordinates":[[[[134.4117202861717,35.03262694464104],[134.48661145392467,35.01257106385228],[134.42491628380643,34.941998490851226],[134.3381021440729,34.95235315612061],[134.29500556826812,34.90746618483148],[134.2540824508973,34.93765053674539],[134.2861254380951,34.99525464547702],[134.2644529525679,35.01669282381388],[134.31633651032712,35.04320780405466],[134.374709393982,35.15087621671011],[134.41376954698086,35.14466844408501],[134.41504257263503,35.034587293891065],[134.4117202861717,35.03262694464104]]]]}},{"type":"Feature","properties":{"level":"county","prefecture":"兵庫県","district":"三原郡","label":"三原郡","name":"兵庫県 三原郡","municipalityCount":21},"geometry":{"type":"MultiPolygon","coordinates":[[[[134.8394258565685,34.36480130013108],[134.88016267750214,34.35288840853474],[134.85184561904828,34.29611367833197],[134.8710652014857,34.23971593836959],[134.73419941895872,34.18882225591691],[134.6994861828278,34.2221733258501],[134.7186436664528,34.256881560648694],[134.65809732436398,34.24132443006192],[134.68725271678522,34.331048107274796],[134.7716760522414,34.35127991684241],[134.78449945700177,34.38272090289095],[134.83660036060436,34.36447457525607],[134.8394258565685,34.36480130013108]]],[[[134.81908849550788,34.16778620050313],[134.82029942234968,34.17160636827242],[134.8186538038211,34.17577839359941],[134.8189021990707,34.17826652918598],[134.82113775631706,34.179673959416775],[134.82557782140358,34.17771361016674],[134.82501893209198,34.17439609605131],[134.8305767758017,34.17215928729166],[134.83029733114589,34.164393288339625],[134.82365275821923,34.15939188448378],[134.82337331356342,34.15715507572413],[134.81697713588633,34.15715507572413],[134.81530046795157,34.15604923768565],[134.81141929217665,34.15660215670489],[134.81141929217665,34.16494620735886],[134.8144621339842,34.167710802455055],[134.81908849550788,34.16778620050313]]]]}},{"type":"Feature","properties":{"level":"county","prefecture":"兵庫県","district":"宍粟郡","label":"宍粟郡","name":"兵庫県 宍粟郡","municipalityCount":19},"geometry":{"type":"MultiPolygon","coordinates":[[[[134.61354142646783,35.26965327511573],[134.6944251296173,35.24884341384619],[134.72823793296843,35.193275052412666],[134.66977190109495,35.16831829849883],[134.67182116190412,35.0932218426131],[134.59537752384117,34.94556733179358],[134.5166362297195,34.97502283590941],[134.46549785770907,35.03637171436225],[134.4117202861717,35.03262694464104],[134.41249652132666,35.18274445836443],[134.3799877930359,35.21051607273985],[134.5152390064405,35.277243345288916],[134.50682461736048,35.33851682569368],[134.60376086351502,35.26618496490414],[134.61354142646783,35.26965327511573]]]]}},{"type":"Feature","properties":{"level":"county","prefecture":"兵庫県","district":"出石郡","label":"出石郡","name":"兵庫県 出石郡","municipalityCount":7},"geometry":{"type":"MultiPolygon","coordinates":[[[[135.0483262614781,35.45181495927229],[135.0487299037587,35.40735524358894],[134.9918163421952,35.38606786134824],[134.91993696684358,35.42112795370453],[134.84970321002052,35.40826002016587],[134.8086869444311,35.451840091954985],[134.88435434733904,35.56214743629317],[134.92689203383225,35.51253552065781],[135.03565810374874,35.539729083331295],[135.04823311325953,35.45186522463768],[135.0483262614781,35.45181495927229]]]]}},{"type":"Feature","properties":{"level":"county","prefecture":"兵庫県","district":"城崎郡","label":"城崎郡","name":"兵庫県 城崎郡","municipalityCount":26},"geometry":{"type":"MultiPolygon","coordinates":[[[[134.85377068223264,35.589014274091646],[134.88435434733904,35.56214743629317],[134.81110879811465,35.453146991455],[134.7770786489201,35.46767368205138],[134.74345214200613,35.42153007662761],[134.64294521413868,35.42768758388732],[134.6312085385953,35.56486176602398],[134.51669832853187,35.666448069467805],[134.62223526020367,35.6389780472847],[134.66390356332326,35.666724528977426],[134.86749451977278,35.6578526919869],[134.85373963282643,35.58908967213972],[134.85377068223264,35.589014274091646]]],[[[134.67082758090572,35.66089374659272],[134.67054813624995,35.66421126070816],[134.6725042488405,35.666171609958184],[134.67418091677527,35.66282896316005],[134.6733425828079,35.66089374659272],[134.67082758090572,35.66089374659272]]],[[[134.635834900119,35.66034082757348],[134.63915718658234,35.66034082757348],[134.63807045736536,35.65810401881383],[134.635834900119,35.66034082757348]]]]}},{"type":"Feature","properties":{"level":"county","prefecture":"兵庫県","district":"飾磨郡","label":"飾磨郡","name":"兵庫県 飾磨郡","municipalityCount":28},"geometry":{"type":"MultiPolygon","coordinates":[[[[134.69020241037416,34.88323827871573],[134.7506556042444,34.850942781455636],[134.76763962943548,34.876452454388705],[134.8136238000168,34.86710309642703],[134.7459981933145,34.82505611828217],[134.73168441705656,34.76908563392557],[134.65558232246184,34.7882116054547],[134.63335094762306,34.76710015199284],[134.60810778038294,34.95205156392829],[134.67182116190412,35.0932218426131],[134.7203203343876,35.05316034640096],[134.69517031536606,35.01370203457345],[134.70150439423074,34.88688251770617],[134.69020241037416,34.88323827871573]],[[134.67588863411623,34.833927955272685],[134.71243378521294,34.83772299035928],[134.67949036523538,34.83804971523429],[134.67588863411623,34.833927955272685]]],[[[134.7144830460221,34.68878671272245],[134.7150419353337,34.685720525433936],[134.71336526739893,34.6851676064147],[134.71280637808732,34.688233793703205],[134.7144830460221,34.68878671272245]]],[[[134.63862934667694,34.6865499039628],[134.6408649039233,34.68489114690508],[134.63834990202116,34.68323238984736],[134.63862934667694,34.6865499039628]]],[[[134.5307947589464,34.673757368472224],[134.50781819835885,34.67710001527035],[134.5320056857882,34.67654709625111],[134.5307947589464,34.673757368472224]]],[[[134.60835617563254,34.67850744550114],[134.6097533989115,34.67654709625111],[134.60615166779237,34.67710001527035],[134.60835617563254,34.67850744550114]]],[[[134.58755307347892,34.669886935337544],[134.57587849674795,34.650710698443035],[134.57951127727327,34.67154569239526],[134.58755307347892,34.669886935337544]]],[[[134.4903373826686,34.669886935337544],[134.4997764021532,34.64377407801985],[134.45838754368938,34.64573442726988],[134.4839412049915,34.67126923288565],[134.4903373826686,34.669886935337544]]],[[[134.51700882259388,34.65598856180849],[134.51505271000332,34.63517870053895],[134.51505271000332,34.65933120860662],[134.51700882259388,34.65598856180849]]],[[[134.52784506535747,34.65684307302004],[134.52921123923025,34.65543564278926],[134.52644784207848,34.654606264260394],[134.52784506535747,34.65684307302004]]],[[[134.44087567859293,34.65015777942379],[134.43506943963365,34.64711672481798],[134.4331133270431,34.64932840089493],[134.43451055032205,34.651565209654585],[134.44087567859293,34.65377688573154],[134.44087567859293,34.65015777942379]]],[[[134.53421019362835,34.642944699491],[134.53032901785343,34.64183886145251],[134.52893179457445,34.642668239981376],[134.53032901785343,34.64573442726988],[134.53365130431675,34.64628734628912],[134.53421019362835,34.642944699491]]],[[[134.58783251813472,34.63849621465439],[134.58311300839242,34.644050537529466],[134.58506912098298,34.64460345654871],[134.58615585019996,34.640733023414036],[134.58783251813472,34.63849621465439]]],[[[134.49729244965727,34.633218351288924],[134.49754084490684,34.63517870053895],[134.50061473612058,34.63739037661591],[134.49921751284162,34.6343241893274],[134.4994969574974,34.62959924498118],[134.49617467103408,34.63073021570235],[134.49729244965727,34.633218351288924]]],[[[134.47254607291632,34.611830438317455],[134.47450218550688,34.61072460027897],[134.47117989904356,34.609895221750115],[134.47254607291632,34.611830438317455]]],[[[134.48145725249555,34.59408676433642],[134.47617885344167,34.59298092629794],[134.47645829809744,34.59602198090376],[134.4786628059376,34.59657489992299],[134.4792216952492,34.59961595452881],[134.48310287102413,34.59989241403843],[134.48533842827047,34.598535249173025],[134.48310287102413,34.59491614286527],[134.48145725249555,34.59408676433642]]]]}},{"type":"Feature","properties":{"level":"county","prefecture":"兵庫県","district":"神崎郡","label":"神崎郡","name":"兵庫県 神崎郡","municipalityCount":18},"geometry":{"type":"MultiPolygon","coordinates":[[[[134.82632300715235,35.13501749393103],[134.90577843761665,35.19226974510496],[134.8495790123957,35.103978630805564],[134.79179606745862,34.87964430509068],[134.7506556042444,34.850942781455636],[134.69020241037416,34.88323827871573],[134.7203203343876,35.05316034640096],[134.65666905167882,35.13232829688291],[134.66977190109495,35.16831829849883],[134.7459050450959,35.202222287451264],[134.78496519809474,35.14202951240229],[134.82523627793537,35.13451484027718],[134.82632300715235,35.13501749393103]]]]}},{"type":"Feature","properties":{"level":"county","prefecture":"兵庫県","district":"赤穂郡","label":"赤穂郡","name":"兵庫県 赤穂郡","municipalityCount":16},"geometry":{"type":"MultiPolygon","coordinates":[[[[134.3795220519429,34.941546102562754],[134.43106406623392,34.9461956488609],[134.4959573251907,34.89371860739858],[134.46447322730447,34.85049039316716],[134.50294344158556,34.785346479627734],[134.47425379025728,34.755212393079205],[134.45950532231257,34.80349227653185],[134.4636659427433,34.76378263787741],[134.43283388238729,34.76682369248323],[134.4103230628927,34.726837594319164],[134.34151757875483,34.74199260198286],[134.2535546109919,34.85295339607105],[134.32794898824568,34.9465223737359],[134.3736537141712,34.9417471640243],[134.3795220519429,34.941546102562754]]],[[[134.4381122814412,34.76516493542551],[134.43923006006438,34.76350617836779],[134.4375533921296,34.761269369608144],[134.43531783488322,34.76267679983893],[134.4381122814412,34.76516493542551]]]]}},{"type":"Feature","properties":{"level":"county","prefecture":"兵庫県","district":"川辺郡","label":"川辺郡","name":"兵庫県 川辺郡","municipalityCount":14},"geometry":{"type":"MultiPolygon","coordinates":[[[[135.41849728218745,34.93390576702418],[135.4685178755747,34.92543605295675],[135.41908722090523,34.90975325895651],[135.44513767270652,34.89545276250438],[135.41598228028528,34.817692242253216],[135.46019663471324,34.74772285363679],[135.43312155250734,34.71336647639589],[135.27470748207799,34.89301489228318],[135.30883077949113,34.93285019435109],[135.28774823268174,35.011540623861876],[135.35379031966787,35.025036874467844],[135.34649370921102,34.96449224186117],[135.41787629406343,34.93551425871651],[135.41849728218745,34.93390576702418]]]]}},{"type":"Feature","properties":{"level":"county","prefecture":"兵庫県","district":"多可郡","label":"多可郡","name":"兵庫県 多可郡","municipalityCount":9},"geometry":{"type":"MultiPolygon","coordinates":[[[[135.02413877404877,35.07150720476662],[135.10061346151792,35.04836000400665],[135.04112279923984,34.96858886914008],[134.97312459966315,34.95283067709177],[134.9392496974996,35.011063102890716],[134.92040270793655,34.981783527553745],[134.88572052121182,34.99354562305392],[134.8350168408882,35.06394226727612],[134.93571006519286,35.216145793663],[134.96132582530737,35.147910560152376],[134.93024536970177,35.10910569807487],[134.94691890083087,35.06834048674734],[135.01976080777467,35.07102968379546],[135.02413877404877,35.07150720476662]]]]}},{"type":"Feature","properties":{"level":"county","prefecture":"兵庫県","district":"多紀郡","label":"多紀郡","name":"兵庫県 多紀郡","municipalityCount":19},"geometry":{"type":"MultiPolygon","coordinates":[[[[135.3881930617368,35.09689121428623],[135.3995260949996,35.07610648569938],[135.3214368384081,35.01410415749653],[135.22055731766622,35.035140212910306],[135.1232174292311,34.95499208780334],[135.0594419488975,35.008901692179144],[135.0959870999942,35.05499503223753],[135.13076243493754,35.05155185470863],[135.10927624584755,35.11252374292108],[135.21425428820774,35.13157431640213],[135.2320145485538,35.17746659499897],[135.38931084036,35.12888511935401],[135.3881309629244,35.09691634696892],[135.3881930617368,35.09689121428623]]]]}},{"type":"Feature","properties":{"level":"county","prefecture":"兵庫県","district":"朝来郡","label":"朝来郡","name":"兵庫県 朝来郡","municipalityCount":9},"geometry":{"type":"MultiPolygon","coordinates":[[[[134.92124104190395,35.31642519760681],[134.91559004997566,35.20556493424939],[134.82523627793537,35.13451484027718],[134.69774741608063,35.21448703660529],[134.69613284695825,35.285863855452504],[134.771458706398,35.267014343433],[134.79632928076373,35.296168255356505],[134.77285592967698,35.31876253709723],[134.80250811259742,35.33469665792439],[134.91937807753197,35.36354897765559],[134.92120999249775,35.3168021878472],[134.92124104190395,35.31642519760681]]]]}},{"type":"Feature","properties":{"level":"county","prefecture":"兵庫県","district":"津名郡","label":"津名郡","name":"兵庫県 津名郡","municipalityCount":30},"geometry":{"type":"MultiPolygon","coordinates":[[[[134.99364825716097,34.53384372392206],[134.89500429366544,34.41798205670879],[134.89500429366544,34.34522294031348],[134.95194890463515,34.26660790885076],[134.8710652014857,34.23971593836959],[134.85184561904828,34.29611367833197],[134.87743032975658,34.357638485563655],[134.78449945700177,34.38272090289095],[134.74059559663579,34.35243602024627],[134.7978196522613,34.44907118519964],[135.00305622723937,34.60881451639433],[135.02556704673395,34.57601636548038],[134.99445554172215,34.53630672682594],[134.99364825716097,34.53384372392206]]],[[[134.94527328230228,34.29744571051468],[134.95862452696804,34.27771655460093],[134.9458321716139,34.294103063716555],[134.94527328230228,34.29744571051468]]]]}},{"type":"Feature","properties":{"level":"county","prefecture":"兵庫県","district":"美嚢郡","label":"美嚢郡","name":"兵庫県 美嚢郡","municipalityCount":11},"geometry":{"type":"MultiPolygon","coordinates":[[[[135.15544671286605,34.841216433253564],[135.1696673409054,34.79321300931054],[135.06198800020584,34.76403396470434],[134.96135687471357,34.76300352471394],[134.92574320580286,34.795701144897116],[135.14551090288225,34.942752471332],[135.15538461405367,34.8435035073786],[135.15544671286605,34.841216433253564]]]]}},{"type":"Feature","properties":{"level":"county","prefecture":"兵庫県","district":"美方郡","label":"美方郡","name":"兵庫県 美方郡","municipalityCount":11},"geometry":{"type":"MultiPolygon","coordinates":[[[[134.57491596515575,35.61615757139975],[134.63335094762306,35.56036301582199],[134.61680161411877,35.50848915874429],[134.64927929300333,35.42004724834874],[134.59084431053606,35.363473579607515],[134.51893388577824,35.35233980117465],[134.47139724488696,35.38003601750199],[134.48012212802897,35.42695873608923],[134.44009944343796,35.44279232618562],[134.41271386717005,35.514897992830925],[134.4215008491245,35.56290141677395],[134.3699898842397,35.614373150928564],[134.51669832853187,35.666448069467805],[134.57153157988003,35.618871901130554],[134.57491596515575,35.61615757139975]]]]}},{"type":"Feature","properties":{"level":"county","prefecture":"兵庫県","district":"氷上郡","label":"氷上郡","name":"兵庫県 氷上郡","municipalityCount":25},"geometry":{"type":"MultiPolygon","coordinates":[[[[135.03776946337032,35.26068090739444],[135.06788738738373,35.23735777785563],[135.15724757842563,35.26123382641368],[135.18727235422045,35.171761476027726],[135.22493528394034,35.163769282931455],[135.20875854331044,35.128859986671316],[135.10927624584755,35.11252374292108],[135.13076243493754,35.05155185470863],[134.94691890083087,35.06834048674734],[134.93024536970177,35.10910569807487],[134.95722730368905,35.19056072268185],[134.89932016112715,35.22627426478816],[134.9029839910587,35.25419667525973],[134.94309982386832,35.30835760646246],[135.03550285671776,35.26264125664447],[135.03776946337032,35.26068090739444]]]]}},{"type":"Feature","properties":{"level":"county","prefecture":"兵庫県","district":"武庫郡","label":"武庫郡","name":"兵庫県 武庫郡","municipalityCount":21},"geometry":{"type":"MultiPolygon","coordinates":[[[[135.3734445937921,34.781224719666135],[135.40179270165214,34.72746591138649],[135.37108483892095,34.68074425426079],[135.33525382416684,34.72573175628069],[135.21608620317352,34.69406457608791],[135.19764285589105,34.73475438936736],[135.12408681260467,34.68574565811663],[135.13970466392297,34.64241691315445],[135.09322370284247,34.63439958737548],[135.09896784298934,34.7380467708001],[135.06198800020584,34.76403396470434],[135.1106424197203,34.797636361464455],[135.2161172525797,34.758429376463866],[135.33342190920106,34.813872074483925],[135.37235786457512,34.784441703050796],[135.3734445937921,34.781224719666135]]]]}},{"type":"Feature","properties":{"level":"county","prefecture":"兵庫県","district":"明石郡","label":"明石郡","name":"兵庫県 明石郡","municipalityCount":11},"geometry":{"type":"MultiPolygon","coordinates":[[[[135.06198800020584,34.76403396470434],[135.09896784298934,34.7380467708001],[135.09322370284247,34.63439958737548],[135.03584440018597,34.63047888887542],[135.03447822631318,34.665865706106715],[134.97278305619497,34.64379921070254],[134.88894965945656,34.69285820731866],[134.89289293404389,34.72434945873259],[134.98265676736636,34.77217695389677],[135.05761003393172,34.76365697446395],[135.06198800020584,34.76403396470434]]]]}},{"type":"Feature","properties":{"level":"county","prefecture":"兵庫県","district":"揖保郡","label":"揖保郡","name":"兵庫県 揖保郡","municipalityCount":28},"geometry":{"type":"MultiPolygon","coordinates":[[[[134.54902076038547,34.97524903005365],[134.62372563170123,34.94018893769735],[134.60534438323117,34.85084225072487],[134.63170532909447,34.836893611830426],[134.62863143788073,34.77295606706024],[134.56976176372666,34.757675395983085],[134.5265409902971,34.78240595575269],[134.47425379025728,34.755212393079205],[134.50356442970954,34.81299243058968],[134.4638832885867,34.86157390623464],[134.4959573251907,34.89371860739858],[134.4268102975846,34.94989015321673],[134.48720139264245,35.00867549803491],[134.54138260646042,34.968840195967005],[134.54902076038547,34.97524903005365]]]]}},{"type":"Feature","properties":{"level":"county","prefecture":"兵庫県","district":"有馬郡","label":"有馬郡","name":"兵庫県 有馬郡","municipalityCount":16},"geometry":{"type":"MultiPolygon","coordinates":[[[[135.30429756618602,34.92226933493747],[135.27470748207799,34.89301489228318],[135.3376446284442,34.81560622958972],[135.2161172525797,34.758429376463866],[135.16184289054314,34.790976200550894],[135.14551090288225,34.942752471332],[135.1075374791004,34.929809139745274],[135.09266481353086,34.964567639909255],[135.1269744073812,34.95604766047643],[135.23875226969906,35.03702516411226],[135.3103522003949,34.98474918411148],[135.30780614908656,34.9290300265818],[135.30429756618602,34.92226933493747]]]]}},{"type":"Feature","properties":{"level":"county","prefecture":"兵庫県","district":"養父郡","label":"養父郡","name":"兵庫県 養父郡","municipalityCount":14},"geometry":{"type":"MultiPolygon","coordinates":[[[[134.8086869444311,35.451840091954985],[134.84970321002052,35.40826002016587],[134.93434389132008,35.40740550895432],[134.91627313691203,35.36158862840556],[134.77285592967698,35.31876253709723],[134.79632928076373,35.296168255356505],[134.771458706398,35.267014343433],[134.70454723603828,35.28945782907756],[134.6819432683251,35.24168059927877],[134.50682461736048,35.33851682569368],[134.59084431053606,35.363473579607515],[134.64480817851063,35.42959766777196],[134.74345214200613,35.42153007662761],[134.7770786489201,35.46767368205138],[134.80573725084216,35.45085991732997],[134.8086869444311,35.451840091954985]]]]}},{"type":"Feature","properties":{"level":"county","prefecture":"北海道","district":"阿寒郡","label":"阿寒郡","name":"北海道 阿寒郡","municipalityCount":2},"geometry":{"type":"MultiPolygon","coordinates":[[[[144.40239457073602,43.109165324030776],[144.3988238890231,43.07274806680908],[144.30260177921113,43.077749470664926],[144.26950311220259,43.1077076284346],[144.26180285946512,43.07880504333802],[144.08143685885275,43.093281468569],[143.96208294142224,43.25000887784057],[144.03358972389947,43.35109252763054],[143.99881438895613,43.46494358022839],[144.07168734530615,43.47479559184393],[144.08270988450693,43.515158680248376],[144.13987184132006,43.53081634156592],[144.2467438974584,43.51216789100795],[144.22870419245655,43.465772958757256],[144.44701256744457,43.20708225580147],[144.44744725913137,43.14314471103128],[144.40742457454033,43.111955051809666],[144.40239457073602,43.109165324030776]]]]}},{"type":"Feature","properties":{"level":"county","prefecture":"北海道","district":"虻田郡","label":"虻田郡","name":"北海道 虻田郡","municipalityCount":8},"geometry":{"type":"MultiPolygon","coordinates":[[[[141.03949548409074,42.88535878465244],[141.10712109079304,42.872515983796475],[141.10066281430358,42.82793060469966],[141.06523544183005,42.82310512962266],[141.07948711927557,42.749994155669654],[141.01130262326168,42.71757299499609],[140.9579286940049,42.641345568389184],[140.91355909254594,42.642727865937275],[140.90191556522117,42.57248201781123],[140.83019143690055,42.56554539738805],[140.77306052949365,42.52025630317584],[140.70028072136222,42.58580233963835],[140.5816719896805,42.56662610274384],[140.53711609178436,42.587410831330686],[140.57726297400018,42.66474409597607],[140.56226611080587,42.717221137438386],[140.63296560872192,42.80460747516085],[140.6430566657367,42.87990499250813],[140.6179997949338,42.88759559341209],[140.72133221876544,42.92521921940303],[140.77138386155886,43.012680955173565],[140.9157325509799,42.954624458153475],[140.99816872443932,42.986140842250094],[141.05275358053788,42.952588710855366],[141.03744622328156,42.89149115922945],[141.03949548409074,42.88535878465244]],[[140.8382332331062,42.58914498643648],[140.8427664464113,42.5894214459461],[140.8424870017555,42.59246250055192],[140.83947520935416,42.59273896006154],[140.8382332331062,42.58914498643648]],[[140.84065508678975,42.59618213759043],[140.86940683693038,42.601083010715506],[140.8431700886919,42.603646544350156],[140.84065508678975,42.59618213759043]]]]}},{"type":"Feature","properties":{"level":"county","prefecture":"北海道","district":"磯谷郡","label":"磯谷郡","name":"北海道 磯谷郡","municipalityCount":2},"geometry":{"type":"MultiPolygon","coordinates":[[[[140.46995622617504,42.90363024497002],[140.6430566657367,42.87990499250813],[140.63296560872192,42.80460747516085],[140.56158302386947,42.71551211501529],[140.55667721768998,42.63541425527371],[140.51171767751322,42.699954984428516],[140.39596549120185,42.70777124874594],[140.31210104505726,42.833535192940126],[140.38068918335173,42.905867053729665],[140.46439838246533,42.9067969629893],[140.46995622617504,42.90363024497002]]]]}},{"type":"Feature","properties":{"level":"county","prefecture":"北海道","district":"雨竜郡","label":"雨竜郡","name":"北海道 雨竜郡","municipalityCount":9},"geometry":{"type":"MultiPolygon","coordinates":[[[[142.10995481222147,43.707499100895475],[142.04617933188788,43.714360323270576],[142.0135153565661,43.67412289827959],[141.91210799591886,43.66188328180826],[141.88177272606202,43.60694323744205],[141.84538282199634,43.66648256274102],[141.72509742237983,43.70086407266461],[141.6364824170867,43.661430893519785],[141.52346257852088,43.71551642667444],[141.6322596978436,43.759875611627024],[141.69314758340064,43.74632909565567],[141.69886067414132,43.79621747080064],[141.76971541908839,43.75648269946352],[141.79722519298105,43.82655261881071],[141.90024712275067,43.897527314734845],[141.88509501252537,43.94329392991823],[141.94961567860773,43.99959113914983],[142.05987212002182,44.01183075562117],[142.05251341075257,44.104369293295626],[142.0881891784757,44.188387851537264],[142.04354013236093,44.212464961556854],[142.0661441000741,44.238150563268775],[142.03093407344397,44.28464602625024],[142.0610209480512,44.33606749503947],[142.02115351049116,44.39392293059802],[142.14591002460037,44.47874573468583],[142.2502360294304,44.40993244947326],[142.31404255917016,44.40377494221356],[142.32379207271677,44.36509574354952],[142.27849098907186,44.31299569232759],[142.30801897436749,44.263157582548],[142.23157533630453,44.29718723491389],[142.17450652771004,44.26104643720181],[142.21350458189647,44.2518227426536],[142.1721467728389,44.19293686710464],[142.20409661181807,44.12296747848821],[142.17537591108362,44.05297295718909],[142.23623274723445,44.02047639846745],[142.25408615579911,43.97290023013021],[142.14826977947155,43.90004058300411],[142.21558489211185,43.8643773062632],[142.2400207747908,43.799132861992994],[142.19962549732534,43.73449160210741],[142.1179034602085,43.709811307703205],[142.10995481222147,43.707499100895475]]]]}},{"type":"Feature","properties":{"level":"county","prefecture":"北海道","district":"浦河郡","label":"浦河郡","name":"北海道 浦河郡","municipalityCount":2},"geometry":{"type":"MultiPolygon","coordinates":[[[[142.99983079389645,42.371521087000545],[143.117011252893,42.26023356803734],[142.93298142234914,42.20773139389233],[142.86371019711825,42.13592731943933],[142.64903460265555,42.208661303151956],[142.76820222364887,42.31389184558622],[142.7785727253195,42.4320908522899],[142.87988693774815,42.466949883184654],[142.98955344044444,42.373707630394804],[142.99983079389645,42.371521087000545]]]]}},{"type":"Feature","properties":{"level":"county","prefecture":"北海道","district":"奥尻郡","label":"奥尻郡","name":"北海道 奥尻郡","municipalityCount":1},"geometry":{"type":"MultiPolygon","coordinates":[[[[139.48469646865547,42.07372392977494],[139.44982798549353,42.05135584217845],[139.4203931484165,42.071637917111445],[139.40648301443917,42.17968332000729],[139.55809726491088,42.25244243640261],[139.49093739930154,42.08025842727504],[139.48469646865547,42.07372392977494]]],[[[139.404278506599,42.17664226540148],[139.40676245909498,42.175536427363],[139.4048373959106,42.17468191615145],[139.404278506599,42.17664226540148]]]]}},{"type":"Feature","properties":{"level":"county","prefecture":"北海道","district":"歌棄郡","label":"歌棄郡","name":"北海道 歌棄郡","municipalityCount":2},"geometry":{"type":"MultiPolygon","coordinates":[[[[140.28232466451203,42.76648119551605],[140.31632376430036,42.832781212459345],[140.36348781231726,42.73981541917911],[140.47054616489282,42.67090160323578],[140.42738749027563,42.63677142013911],[140.33855513913915,42.64549246103347],[140.27956126736026,42.7604744843525],[140.28232466451203,42.76648119551605]]]]}},{"type":"Feature","properties":{"level":"county","prefecture":"北海道","district":"河西郡","label":"河西郡","name":"北海道 河西郡","municipalityCount":3},"geometry":{"type":"MultiPolygon","coordinates":[[[[143.21869805819605,42.89294885482563],[143.20329755272115,42.819888146238],[143.2683150093027,42.763239079448695],[143.26167043637605,42.63988787279301],[143.30417707346302,42.6258387031678],[143.2322976981114,42.568309992484245],[143.0230247003274,42.5908037434942],[142.92292141474053,42.56019213597451],[142.81701189019435,42.572758477320846],[142.75500622601413,42.644763613235384],[142.7558445599815,42.721946081784616],[142.68703907584364,42.7457215996119],[142.73227806067615,42.83584739974785],[142.78543464408955,42.86884661212335],[142.92885185132462,42.838888454353665],[142.9452148883917,42.92192683797029],[142.99955134924065,42.929466642778095],[142.95987020811782,42.959399667865085],[143.00119696776923,42.96264178393244],[143.02125488417403,43.034772583260434],[143.15035831515118,42.944747313855245],[143.24493480643457,42.93738343782629],[143.21413379548474,42.895688317239134],[143.21869805819605,42.89294885482563]]]]}},{"type":"Feature","properties":{"level":"county","prefecture":"北海道","district":"河東郡","label":"河東郡","name":"北海道 河東郡","municipalityCount":1},"geometry":{"type":"MultiPolygon","coordinates":[[[[143.14247176597652,43.595156009259185],[143.22782658361868,43.57271252361461],[143.2383523323203,43.49590704530578],[143.21124620070822,43.44916025549739],[143.23686196082272,43.386956865833],[143.28303242784125,43.370746285496224],[143.31283985779265,43.31404695334153],[143.41210480941217,43.28808489211998],[143.38841411248202,43.175389942925996],[143.4157686393437,43.11544849470395],[143.34426185686647,43.07935796235726],[143.37537336187827,42.991569501711716],[143.30864818795575,42.92504329062419],[143.15035831515118,42.944747313855245],[142.92835506082542,43.11738371127129],[143.03190483050042,43.39643188720814],[143.04541132219717,43.47281010991121],[143.0085556770385,43.52005955337344],[143.03600335211877,43.56155361249907],[143.14141608616575,43.59196415855721],[143.14247176597652,43.595156009259185]]]]}},{"type":"Feature","properties":{"level":"county","prefecture":"北海道","district":"花咲郡","label":"花咲郡","name":"北海道 花咲郡","municipalityCount":1},"geometry":{"type":"MultiPolygon","coordinates":[[[[146.29631520068122,43.63029149966356],[146.31463435033885,43.650271982404234],[146.35742043208165,43.61945931342301],[146.26911592085054,43.62805469090391],[146.2924029755001,43.628607609923144],[146.29631520068122,43.63029149966356]]],[[[146.4057643575341,43.567811650489546],[146.40324935563197,43.56891748852802],[146.4074099760627,43.57029978607612],[146.4057643575341,43.567811650489546]]],[[[146.40017546441823,43.56919394803764],[146.40296991097617,43.5700233265665],[146.40269046632037,43.565021922710656],[146.39992706916863,43.56698227196068],[146.40017546441823,43.56919394803764]]],[[[146.08688695586622,43.50251694085395],[146.0613332945641,43.52420644601774],[146.1293935929532,43.54780603506617],[146.20689291082692,43.5322489044794],[146.19357271556737,43.48836724049798],[146.11799846087803,43.45835881736291],[146.08992979767376,43.499475886248135],[146.08688695586622,43.50251694085395]]],[[[145.90301237235332,43.41920209772771],[145.86025734001674,43.45614714128595],[145.94859290065406,43.45501617056479],[145.95107685315,43.4233741230547],[145.9058068189113,43.42196669282391],[145.90301237235332,43.41920209772771]]],[[[146.0308117282701,43.41920209772771],[146.1085904907996,43.438076742429914],[146.04192741568949,43.40140815838129],[146.02857617102373,43.41975501674695],[146.0308117282701,43.41920209772771]]],[[[146.1763402951267,43.426415177660516],[146.17273856400757,43.426415177660516],[146.17382529322455,43.42779747520861],[146.1763402951267,43.426415177660516]]],[[[146.1671496708917,43.41920209772771],[146.16466571839572,43.41779466749692],[146.16274065521137,43.41279326364108],[146.15382947563214,43.415030072400725],[146.15382947563214,43.41585945092959],[146.16162287658818,43.41864917870848],[146.16326849511677,43.42251961184314],[146.1666218309863,43.42365058256432],[146.16826744951487,43.42169023331429],[146.1671496708917,43.41920209772771]]],[[[146.15746225615746,43.41002866854488],[146.15299114166476,43.407515400275614],[146.14855107657823,43.40696248125637],[146.1510660784804,43.410581587564124],[146.1557855882227,43.41251680413146],[146.15746225615746,43.41002866854488]]],[[[145.6745197921319,43.387358988756084],[145.81728496183678,43.38529810877528],[145.67591701541087,43.311433154341486],[145.63996180303195,43.32073224693778],[145.67858726434403,43.34641784864971],[145.67290522300954,43.38394094390988],[145.6745197921319,43.387358988756084]]],[[[145.89220717899593,43.38253351367909],[145.8885743984706,43.38057316442906],[145.8891332877822,43.38280997318871],[145.88773606450323,43.38502164926567],[145.89273501890133,43.38391581122718],[145.89220717899593,43.38253351367909]]],[[[145.99581904748337,43.37446592253474],[146.02165215344127,43.3783614883521],[145.99442182420438,43.375018841553974],[145.99581904748337,43.37446592253474]]],[[[145.6689619484222,43.29783637300474],[145.67091806101277,43.29977158957208],[145.6734330629149,43.29811283251436],[145.6689619484222,43.29783637300474]]]]}},{"type":"Feature","properties":{"level":"county","prefecture":"北海道","district":"樺戸郡","label":"樺戸郡","name":"北海道 樺戸郡","municipalityCount":3},"geometry":{"type":"MultiPolygon","coordinates":[[[[141.7222719264157,43.459640584180235],[141.49334465450747,43.69153984738562],[141.52501504883085,43.708353612107025],[141.64098458098564,43.661531424250555],[141.72509742237983,43.70086407266461],[141.84538282199634,43.66648256274102],[141.9044387925876,43.52191937189271],[141.87491080729197,43.516013191459926],[141.8995640358143,43.50864931543097],[141.8738551274812,43.45044202231472],[141.76108368416493,43.35101712958246],[141.67585306414756,43.33696795995725],[141.67579096533518,43.28795922870653],[141.62002623180103,43.2835610092353],[141.58112132583318,43.35270101932287],[141.59748436290027,43.384619526342576],[141.71929118342052,43.459213328574464],[141.7222719264157,43.459640584180235]]]]}},{"type":"Feature","properties":{"level":"county","prefecture":"北海道","district":"茅部郡","label":"茅部郡","name":"北海道 茅部郡","municipalityCount":6},"geometry":{"type":"MultiPolygon","coordinates":[[[[140.76691274706616,42.09732351882337],[140.95972955956447,41.91561422295528],[141.13668012549488,41.85589896887746],[141.00583792777059,41.84061829780031],[140.86083720081936,41.92335508922462],[140.78715695990817,41.93144781305166],[140.78178541263566,41.989730504216],[140.67733521018087,42.06299227426517],[140.69931818977005,42.005589226995085],[140.6077845402942,42.00405613335083],[140.58036791462013,41.96067712302326],[140.54686560533096,41.99530995977378],[140.48405265658957,41.98774502228328],[140.37559708073505,42.044343823707194],[140.29136004171605,42.04979761585151],[140.2679487894417,42.0855614233232],[140.29837720751712,42.1590493875166],[140.388824127776,42.22064959279636],[140.5500326447633,42.11305657818899],[140.70723578835089,42.13864164917014],[140.764708239226,42.105315711919644],[140.76691274706616,42.09732351882337]]]]}},{"type":"Feature","properties":{"level":"county","prefecture":"北海道","district":"岩内郡","label":"岩内郡","name":"北海道 岩内郡","municipalityCount":5},"geometry":{"type":"MultiPolygon","coordinates":[[[[140.6335244980335,43.079785217963035],[140.77138386155886,43.012680955173565],[140.72133221876544,42.92521921940303],[140.6179997949338,42.88759559341209],[140.38068918335173,42.905867053729665],[140.51665453309894,42.985462259817396],[140.57043210463632,43.09149704809782],[140.63128894078716,43.078151593588004],[140.6335244980335,43.079785217963035]]]]}},{"type":"Feature","properties":{"level":"county","prefecture":"北海道","district":"亀田郡","label":"亀田郡","name":"北海道 亀田郡","municipalityCount":8},"geometry":{"type":"MultiPolygon","coordinates":[[[[141.13723901480648,41.85838710446404],[141.18583133550854,41.80171290499204],[140.9628034507782,41.710606930231066],[140.8636316473773,41.758107700520235],[140.74076914704625,41.76911581553963],[140.7022989327652,41.855597376685154],[140.66125161776958,41.827825762309736],[140.54115251459027,41.92956286184972],[140.44319163803115,41.93730372811906],[140.4709498071734,41.99347527393721],[140.54686560533096,41.99530995977378],[140.58036791462013,41.96067712302326],[140.6077845402942,42.00405613335083],[140.69931818977005,42.005589226995085],[140.67733521018087,42.06299227426517],[140.78178541263566,41.989730504216],[140.78715695990817,41.93144781305166],[140.86083720081936,41.92335508922462],[141.00583792777059,41.84061829780031],[141.13668012549488,41.85589896887746],[141.13723901480648,41.85838710446404]]]]}},{"type":"Feature","properties":{"level":"county","prefecture":"北海道","district":"久遠郡","label":"久遠郡","name":"北海道 久遠郡","municipalityCount":4},"geometry":{"type":"MultiPolygon","coordinates":[[[[139.9214374162563,42.13537440042009],[139.87396287417744,42.21303438994048],[139.79534577768052,42.23052673709459],[139.7670287192267,42.30414036470145],[140.00952458164403,42.21856358013287],[139.9341987222043,42.183679416555435],[139.92944816305578,42.1398228852567],[139.9214374162563,42.13537440042009]]]]}},{"type":"Feature","properties":{"level":"county","prefecture":"北海道","district":"空知郡","label":"空知郡","name":"北海道 空知郡","municipalityCount":17},"geometry":{"type":"MultiPolygon","coordinates":[[[[142.38204075874685,43.468864278728454],[142.42957739963816,43.55072142625852],[142.48167830324076,43.50678949691171],[142.57044855556487,43.513801515382966],[142.7205103357266,43.35993923193837],[142.7612782060664,43.357275167572936],[142.73314744404976,43.23113423313836],[142.77910056522487,43.17355525708943],[142.72681336518508,43.075965050193744],[142.75435418848394,43.01310821077934],[142.52418494032776,43.13316703600229],[142.4474929070152,43.08325352817462],[142.3592194451903,43.10391259334801],[142.29432618623355,43.0510334289626],[142.24343620947272,43.10587294259804],[142.27864623610284,43.22525318538828],[142.1610310854195,43.22369495906133],[142.15640472389578,43.196501396387845],[142.03360432237713,43.14221480177166],[142.03549833615529,43.098609597299856],[141.86690006049253,43.13025164480994],[141.76092843713394,43.07546239653989],[141.70441851785102,43.08312786476116],[141.60487412157573,42.99689763044256],[141.56808057522943,43.021753853625626],[141.58329478426714,43.076995490184146],[141.6688048489403,43.12067609270403],[141.611146101628,43.166543238618175],[141.67259287649662,43.22754025951331],[141.64610773300853,43.269612370340866],[141.67585306414756,43.33696795995725],[141.76108368416493,43.35101712958246],[141.8738551274812,43.45044202231472],[141.8995640358143,43.50864931543097],[141.87491080729197,43.516013191459926],[141.9043145949628,43.5174708870561],[141.88053074981406,43.62059028414418],[141.9155855294132,43.63071875526933],[141.91210799591886,43.66188328180826],[142.0135153565661,43.67412289827959],[142.04617933188788,43.714360323270576],[142.17798406120437,43.72144773978991],[142.19894241038895,43.64122421663487],[142.25812257860503,43.66087797450055],[142.28942038005403,43.639414663481],[142.28771266271306,43.574346147989644],[142.37806643475335,43.46856268653614],[142.38204075874685,43.468864278728454]]]]}},{"type":"Feature","properties":{"level":"county","prefecture":"北海道","district":"釧路郡","label":"釧路郡","name":"北海道 釧路郡","municipalityCount":2},"geometry":{"type":"MultiPolygon","coordinates":[[[[144.73033839901416,43.001119921134936],[144.7232280849945,42.974780869673005],[144.7857305396739,42.93645352856666],[144.44990016222113,42.94339014898984],[144.3613162063342,42.97116176336526],[144.35880120443207,42.998908245057976],[144.22854894542556,42.99727462068296],[144.22317739815304,43.028238085760336],[144.111213239398,43.055381383068436],[144.08143685885275,43.093281468569],[144.26180285946512,43.07880504333802],[144.26950311220259,43.1077076284346],[144.30260177921113,43.077749470664926],[144.3988238890231,43.07274806680908],[144.40239457073602,43.109165324030776],[144.49678476558222,43.117961762973216],[144.54165115754037,43.10504356406918],[144.58217063263058,42.98284846081735],[144.7278854959244,43.003130535750344],[144.73033839901416,43.001119921134936]]]]}},{"type":"Feature","properties":{"level":"county","prefecture":"北海道","district":"古宇郡","label":"古宇郡","name":"北海道 古宇郡","municipalityCount":2},"geometry":{"type":"MultiPolygon","coordinates":[[[[140.44496145418452,43.118489549309764],[140.32442765931842,43.2207293025036],[140.33635063129898,43.2818519868122],[140.377770539169,43.23859863989809],[140.4654540622761,43.24699295591745],[140.53202398916764,43.21175693478231],[140.54621356780078,43.12137980781942],[140.59058316925973,43.095643940742114],[140.5283291098299,43.02786109551995],[140.4455203434961,43.11489557568471],[140.44496145418452,43.118489549309764]]]]}},{"type":"Feature","properties":{"level":"county","prefecture":"北海道","district":"古平郡","label":"古平郡","name":"北海道 古平郡","municipalityCount":1},"geometry":{"type":"MultiPolygon","coordinates":[[[[140.7002186225498,43.25043613344634],[140.6335244980335,43.079785217963035],[140.54621356780078,43.12137980781942],[140.52640404664555,43.224398674176726],[140.63001591513296,43.29477018571624],[140.69885244867706,43.25184356367714],[140.7002186225498,43.25043613344634]]]]}},{"type":"Feature","properties":{"level":"county","prefecture":"北海道","district":"厚岸郡","label":"厚岸郡","name":"北海道 厚岸郡","municipalityCount":3},"geometry":{"type":"MultiPolygon","coordinates":[[[[145.19561375091226,43.257649213379146],[145.22557642789468,43.20597641776299],[145.2676794227011,43.227288932686385],[145.32608335576217,43.173228532214424],[145.12208875703206,43.13228739210805],[145.11736924728976,43.079785217963035],[145.02459362156594,42.999511429442606],[144.87571171883977,42.98588951542317],[144.8326772418474,43.013661129798585],[144.8426751506436,43.04477539097212],[144.89710475971117,43.01755669561595],[144.9434615231669,43.04394601244327],[144.86043541098968,43.08199689403999],[144.85543645659158,43.04839449727987],[144.78156991924317,43.05422527966458],[144.73033839901416,43.001119921134936],[144.5718311803662,42.99355498364444],[144.57993507538424,43.03788903591433],[144.67839274244255,43.102781622626836],[144.66131556903287,43.15096097534871],[144.71540363463225,43.146763817339036],[144.75166934107315,43.188157345733885],[144.8168109952795,43.171896500031714],[144.75058261185617,43.21929673959011],[144.74899909214,43.27011502399472],[144.69484892772823,43.287883830658444],[144.6697920569253,43.35146951787093],[145.01347793414655,43.21575303133044],[145.18515010102305,43.25656850802336],[145.19561375091226,43.257649213379146]]],[[[144.8801517839263,42.97367503163453],[144.87822672074194,42.974504410163384],[144.8796239440209,42.9761631672211],[144.8801517839263,42.97367503163453]]],[[[144.87099220909747,42.948668012355306],[144.8637887468592,42.946732795787966],[144.86599325469936,42.950326769413024],[144.86515492073198,42.95173419964381],[144.8693465905689,42.95698693032658],[144.87294832168803,42.96477806196131],[144.87322776634383,42.96226479369204],[144.8801517839263,42.957564982028515],[144.87934449936512,42.95560463277849],[144.87571171883977,42.95394587572077],[144.87266887703223,42.94922093137454],[144.87099220909747,42.948668012355306]]],[[[145.11836282828813,43.08016220820342],[145.1726371903247,43.07588965214566],[145.11957375512992,43.07895583943417],[145.11836282828813,43.08016220820342]]],[[[145.0990190482259,43.05171201139531],[145.10041627150488,43.052264930414545],[145.10985529098951,43.053119441626094],[145.11681035797818,43.051988470904924],[145.114295356076,43.04977679482797],[145.1042974472798,43.04728865924139],[145.10345911331243,43.04811803777025],[145.0990190482259,43.04728865924139],[145.09873960357012,43.045881229010604],[145.09541731710678,43.04505185048174],[145.09765287435312,43.05115909237607],[145.0990190482259,43.05171201139531]]]]}},{"type":"Feature","properties":{"level":"county","prefecture":"北海道","district":"厚田郡","label":"厚田郡","name":"北海道 厚田郡","municipalityCount":1},"geometry":{"type":"MultiPolygon","coordinates":[[[[141.51408565784865,43.30628095438949],[141.43739362453613,43.25852885727339],[141.3698922154586,43.27129626008127],[141.42432182452617,43.330182135630224],[141.43155633617064,43.389068011179184],[141.3910058116742,43.47738425816127],[141.43767306919193,43.52795121573895],[141.48486816661503,43.53099227034477],[141.4901465656689,43.568766692431865],[141.56311267023753,43.45569475299749],[141.5174389937182,43.30856802851452],[141.51408565784865,43.30628095438949]]]]}},{"type":"Feature","properties":{"level":"county","prefecture":"北海道","district":"広尾郡","label":"広尾郡","name":"北海道 広尾郡","municipalityCount":2},"geometry":{"type":"MultiPolygon","coordinates":[[[[142.99983079389645,42.371521087000545],[142.94713995157605,42.42736590794368],[142.90603053776803,42.42864767476101],[142.8251157852124,42.57042113783044],[142.92695783754644,42.560594258897595],[143.0230247003274,42.5908037434942],[143.2322976981114,42.568309992484245],[143.357892546188,42.65745561799519],[143.37025020985536,42.594045859561554],[143.47476251112258,42.52101028365662],[143.3211610986541,42.30285859788413],[143.32398659461825,42.1601049601897],[143.20227292231658,42.188705953093965],[143.00144536301883,42.368253838250496],[142.99983079389645,42.371521087000545]]]]}},{"type":"Feature","properties":{"level":"county","prefecture":"北海道","district":"高島郡","label":"高島郡","name":"北海道 高島郡","municipalityCount":1},"geometry":{"type":"MultiPolygon","coordinates":[[[[141.01093003038727,43.210877290888064],[140.95960536193968,43.23163688679222],[141.016022133004,43.238774568676945],[141.0146559591312,43.21241038453232],[141.01093003038727,43.210877290888064]]]]}},{"type":"Feature","properties":{"level":"county","prefecture":"北海道","district":"国後郡","label":"国後郡","name":"北海道 国後郡","municipalityCount":2},"geometry":{"type":"MultiPolygon","coordinates":[[[[145.74652336510832,44.06513717561235],[145.74326317745738,44.10439442597832],[145.98603848453055,44.316866125462255],[146.00628269737257,44.381859242905534],[146.12765482620603,44.50822637148434],[146.17044090794883,44.51654528945562],[146.33124578265554,44.41797490793492],[146.5795478840322,44.454643491983546],[146.5167970341032,44.36605078549184],[146.42318307441198,44.37268581372271],[146.29544581730764,44.27522127024048],[146.1143346309465,44.26436395131725],[146.0454670479962,44.18328591695065],[145.921021027949,44.13550868715186],[145.86326913241808,44.054933306439125],[145.87798655095662,44.02105445016939],[145.81327958843704,44.017435343861635],[145.77884579696192,43.931054313446886],[145.64995971182816,43.90883702194655],[145.5852527493086,43.8630201413978],[145.54473327421837,43.65803798135627],[145.54529216352998,43.73079709775159],[145.43304856011912,43.71830615445333],[145.40445205700945,43.839948338685915],[145.74661651332693,44.059105331766105],[145.74652336510832,44.06513717561235]]],[[[146.0507454470501,44.17883743211405],[146.04770260524256,44.18021972966214],[146.0504660023943,44.18077264868138],[146.0507454470501,44.17883743211405]]]]}},{"type":"Feature","properties":{"level":"county","prefecture":"北海道","district":"根室郡","label":"根室郡","name":"北海道 根室郡","municipalityCount":4},"geometry":{"type":"MultiPolygon","coordinates":[[[[145.198687642126,43.60794854474976],[145.24594483836148,43.52111512604654],[145.19632788725485,43.52342733285427],[145.20657419130066,43.43772488487222],[145.06983260639845,43.43053693762211],[145.08476737078038,43.40819398270831],[145.04033567050902,43.39220959651577],[145.03723072988907,43.30095282565864],[144.9952208833013,43.29997265103363],[145.02415892987915,43.27597093906211],[144.98705488947084,43.232340601907616],[144.7278544465182,43.31613296600502],[144.6697920569253,43.35146951787093],[144.6388047495383,43.418297321150774],[144.75558156625428,43.49243873509419],[144.97556660917706,43.46866321726691],[145.03521251848613,43.51405284220989],[145.0107766358072,43.53551615322945],[145.1406252525331,43.565398912951046],[145.19241566207373,43.61423171542293],[145.198687642126,43.60794854474976]]],[[[145.5534581573604,43.318721632322365],[145.6745197921319,43.387358988756084],[145.67858726434403,43.34641784864971],[145.56594001865258,43.28062048536026],[145.55646994976175,43.21949780105166],[145.49592360767292,43.15895316844498],[145.4753689007689,43.188107080368496],[145.32608335576217,43.173228532214424],[145.2676794227011,43.227288932686385],[145.22557642789468,43.20597641776299],[145.19561375091226,43.257649213379146],[145.25094379275959,43.28343534582184],[145.25845774905986,43.32475347616861],[145.33344206503142,43.30781404803374],[145.2973316056215,43.30668307731257],[145.31121069019264,43.2766997868602],[145.38566716625883,43.26363079186001],[145.47257445421096,43.272276434706285],[145.4011918693585,43.29253337695659],[145.49257027180337,43.266445652321586],[145.53951697397687,43.31168448116841],[145.5534581573604,43.318721632322365]]],[[[145.57804928707034,43.3436783862362],[145.57646576735416,43.340587066265],[145.5759068780426,43.343075201851576],[145.57804928707034,43.3436783862362]]],[[[145.6067389383986,43.2303299872922],[145.61117900348512,43.22867123023448],[145.61341456073146,43.22588150245559],[145.61065116357972,43.22422274539788],[145.6059006044312,43.22422274539788],[145.6009016500331,43.22784185170563],[145.60453443055843,43.22839477072486],[145.6067389383986,43.2303299872922]]],[[[145.59646158494658,43.22115655810937],[145.59841769753714,43.220050720070894],[145.59841769753714,43.21756258448432],[145.60425498590263,43.21700966546508],[145.60313720727947,43.214219937686195],[145.60869505098916,43.213943478176574],[145.60869505098916,43.211153750397685],[145.60229887331207,43.20755977677263],[145.59981492081613,43.20755977677263],[145.59925603150452,43.20504650850336],[145.595902695635,43.204770048993744],[145.58786089942936,43.20673039824377],[145.58758145477356,43.209494993339966],[145.58953756736412,43.21283764013809],[145.58702256546198,43.21366701866695],[145.5903448519253,43.2172861249747],[145.5953438063234,43.22115655810937],[145.59646158494658,43.22115655810937]]],[[[145.30590124173256,43.36112046802492],[145.3875922294432,43.29670540228358],[145.28932085882207,43.353304203707495],[145.30590124173256,43.36112046802492]]],[[[145.25454552387873,43.32279312691858],[145.25706052578087,43.32224020789934],[145.25345879466175,43.31696234453388],[145.25206157138277,43.32085791035124],[145.25454552387873,43.32279312691858]]],[[[145.3931190237467,43.29115107940849],[145.38898945272217,43.29087461989887],[145.38479778288524,43.291703998427735],[145.3931190237467,43.29115107940849]]],[[[145.39091451590653,43.28946718966809],[145.3964723596162,43.288361351629604],[145.39675180427201,43.28753197310075],[145.39091451590653,43.28946718966809]]]]}},{"type":"Feature","properties":{"level":"county","prefecture":"北海道","district":"沙流郡","label":"沙流郡","name":"北海道 沙流郡","municipalityCount":8},"geometry":{"type":"MultiPolygon","coordinates":[[[[142.4845348486111,42.62111375882157],[142.50387862867333,42.59922319219625],[142.33521825419817,42.54667075268584],[142.29948038766264,42.46018919154032],[142.24567176671908,42.42409865919363],[141.96545087576942,42.52777097530095],[142.12200198182683,42.595654351253884],[142.19108691062053,42.72084024374614],[142.29889044894486,42.77319162179499],[142.3180789819761,42.88734426658516],[142.38145082002907,42.887369399267854],[142.40908479154655,42.93363866810508],[142.54601267288592,42.9108935902682],[142.63189533043348,42.98626650566356],[142.72777589677725,43.00981582934661],[142.76342061509416,42.98938295831745],[142.75612400463731,42.89774919721993],[142.7877943989607,42.86319175851749],[142.73227806067615,42.83584739974785],[142.69216222786653,42.7261181071116],[142.58764992659934,42.73604551677521],[142.55073218262822,42.70465479609205],[142.54542273416814,42.639586280600696],[142.48736034457525,42.623702425138916],[142.4845348486111,42.62111375882157]]]]}},{"type":"Feature","properties":{"level":"county","prefecture":"北海道","district":"札幌郡","label":"札幌郡","name":"北海道 札幌郡","municipalityCount":9},"geometry":{"type":"MultiPolygon","coordinates":[[[[141.57627761846607,43.17272587856057],[141.6688048489403,43.12067609270403],[141.58329478426714,43.076995490184146],[141.56450989351652,43.03635594227008],[141.59723596765068,42.97772139354805],[141.5593556920874,42.92913991790309],[141.33257082920693,42.870052980892595],[141.2980438895132,42.885534713431284],[141.20203912554462,42.7841746041317],[141.0948255259381,42.821094515007246],[141.10277417392513,42.88176481102738],[141.03949548409074,42.88535878465244],[141.05275358053788,42.952588710855366],[141.00006273821748,42.97865130280768],[140.99053057051427,43.02308588580834],[141.04499122898804,43.05161148066453],[141.07526440003247,43.11821308980014],[141.15822841339727,43.08865705495354],[141.2247362414764,43.16033546599308],[141.28276758166308,43.13361942429076],[141.4025561907804,43.18941397986852],[141.4382009090973,43.161491569396944],[141.53075918897775,43.16898110883936],[141.57627761846607,43.17272587856057]],[[141.34719509952686,43.09411084709786],[141.30971846624416,43.058698897183874],[141.34269293562795,43.00232628990418],[141.39923390431707,43.070234798539815],[141.34741244537025,43.09320607052092],[141.34719509952686,43.09411084709786]]]]}},{"type":"Feature","properties":{"level":"county","prefecture":"北海道","district":"三石郡","label":"三石郡","name":"北海道 三石郡","municipalityCount":1},"geometry":{"type":"MultiPolygon","coordinates":[[[[142.77565408113674,42.424928037722495],[142.7933522426704,42.37931221863527],[142.71017088346218,42.2435454667294],[142.64903460265555,42.208661303151956],[142.50847394079085,42.26644134066244],[142.57597534986837,42.336712321471175],[142.56551169997917,42.38205168104878],[142.64229688151028,42.43015563572257],[142.76494203599793,42.42389759773209],[142.77565408113674,42.424928037722495]]]]}},{"type":"Feature","properties":{"level":"county","prefecture":"北海道","district":"山越郡","label":"山越郡","name":"北海道 山越郡","municipalityCount":2},"geometry":{"type":"MultiPolygon","coordinates":[[[[140.23056530437762,42.39486934922204],[140.20892386825662,42.470116601203934],[140.26596162744494,42.54790225413779],[140.19358546159413,42.60791910040791],[140.27776040180072,42.603973269225165],[140.31306357664943,42.631945945062114],[140.40770216674522,42.587611892792225],[140.4301819368336,42.61050776672526],[140.544847393928,42.60304335996553],[140.41887995297702,42.549963134118585],[140.30641900372277,42.40135358135676],[140.28390818422818,42.257494105623834],[140.388824127776,42.22064959279636],[140.29269516618263,42.1518363075838],[140.27999595904706,42.04818912415918],[140.2000437380836,42.091115746198284],[140.1692116777276,42.15027808125686],[140.1222960249603,42.14444729887215],[140.09422736175603,42.2119536845847],[140.0381521341599,42.223037197652175],[140.01458563485454,42.2723977864606],[140.22302029867114,42.39436669556819],[140.23056530437762,42.39486934922204]]]]}},{"type":"Feature","properties":{"level":"county","prefecture":"北海道","district":"枝幸郡","label":"枝幸郡","name":"北海道 枝幸郡","municipalityCount":3},"geometry":{"type":"MultiPolygon","coordinates":[[[[142.3120553971734,44.77795032214222],[142.2810991391926,44.8223095070948],[142.16118633245048,44.804364771652224],[142.12631784928857,44.91301335893269],[142.16894868400033,44.974236573972064],[142.15736725548797,45.04362791088656],[142.19863191632697,45.08625294073336],[142.16699257140976,45.138604318782214],[142.24610645840588,45.19236312706186],[142.34490566893237,45.174795381859674],[142.50238825717577,45.060517073656044],[142.65943615373237,44.83977672156622],[142.84188246456006,44.68707054152547],[142.65074231999654,44.59068670339904],[142.53561112180913,44.614537619274394],[142.49192460728656,44.57809522937001],[142.47332601297313,44.61745301046675],[142.41336960960206,44.636679512726644],[142.39523675638162,44.7007427209103],[142.3274559026483,44.71016747692005],[142.30944724705265,44.77511032899794],[142.3120553971734,44.77795032214222]]]]}},{"type":"Feature","properties":{"level":"county","prefecture":"北海道","district":"爾志郡","label":"爾志郡","name":"北海道 爾志郡","municipalityCount":2},"geometry":{"type":"MultiPolygon","coordinates":[[[[140.0703503683887,42.060026617707436],[140.01924304578444,42.11695214400636],[139.92035068703933,42.13306219361237],[139.9341987222043,42.183679416555435],[140.01616915457072,42.22160463473869],[140.09422736175603,42.2119536845847],[140.1222960249603,42.14444729887215],[140.1692116777276,42.15027808125686],[140.2000437380836,42.091115746198284],[140.27999595904706,42.04818912415918],[140.27114687828023,41.99005722909101],[140.1322628843503,41.95250900114813],[140.07174759166764,42.054170702640036],[140.0703503683887,42.060026617707436]]]]}},{"type":"Feature","properties":{"level":"county","prefecture":"北海道","district":"斜里郡","label":"斜里郡","name":"北海道 斜里郡","municipalityCount":2},"geometry":{"type":"MultiPolygon","coordinates":[[[[144.36277552842557,43.95563407712033],[144.60458830390655,43.917432399427454],[144.79538690500192,43.93160723246613],[145.19204306919931,44.195198808546984],[145.33744743843116,44.34114429694339],[145.27410664978436,44.16875922635428],[145.18263509912092,44.13751930176728],[145.0155582443619,43.997706187947884],[145.00304533366355,43.94693816890866],[144.90496025947962,43.90562003856189],[144.87676739865054,43.876792851513386],[144.9051155065106,43.85032813663799],[144.8587897924611,43.78591307089664],[144.7224828992457,43.76178569551167],[144.7334433396341,43.68467862501052],[144.64166129490866,43.62511416702886],[144.5346650411455,43.608878454009385],[144.47467758836825,43.68638764743362],[144.33194346806957,43.70493556726082],[144.36997899066384,43.7269769299823],[144.43310243346724,43.91655275553321],[144.35967058780565,43.953623462504915],[144.36277552842557,43.95563407712033]]]]}},{"type":"Feature","properties":{"level":"county","prefecture":"北海道","district":"紗那郡","label":"紗那郡","name":"北海道 紗那郡","municipalityCount":1},"geometry":{"type":"MultiPolygon","coordinates":[[[[148.3670001001196,45.22508587992773],[148.2990950487615,45.213776172716024],[148.05048245332287,45.06602113116574],[147.72753757944284,45.17529803551353],[147.87048904558492,45.22460835895657],[147.8499343386809,45.36597969910291],[147.92380087602928,45.436803598930894],[147.9646308451815,45.42041708981526],[148.03439886091158,45.268490022937996],[148.3410427965369,45.29005386468832],[148.3524689780183,45.22915737452395],[148.3670001001196,45.22508587992773]]],[[[148.13493683818524,45.12158949259927],[148.13773128474318,45.12076011407041],[148.13605461680842,45.11935268383962],[148.13493683818524,45.12158949259927]]]]}},{"type":"Feature","properties":{"level":"county","prefecture":"北海道","district":"寿都郡","label":"寿都郡","name":"北海道 寿都郡","municipalityCount":3},"geometry":{"type":"MultiPolygon","coordinates":[[[[140.55667721768998,42.63541425527371],[140.52053570887387,42.591532591292285],[140.38547079190644,42.590778610811505],[140.31306357664943,42.631945945062114],[140.22510060888652,42.60073115315781],[140.19513793190407,42.71769865840955],[140.22255455757818,42.76062528044865],[140.1733101993459,42.80639189563203],[140.18948693997578,42.82519114228616],[140.24559321697814,42.76826561598723],[140.2832871961042,42.770100301823796],[140.30098535763787,42.679471848033984],[140.33855513913915,42.64549246103347],[140.43763379432144,42.638983096216066],[140.5080227981755,42.700382240034294],[140.5548763521304,42.63782699281221],[140.55667721768998,42.63541425527371]]]]}},{"type":"Feature","properties":{"level":"county","prefecture":"北海道","district":"宗谷郡","label":"宗谷郡","name":"北海道 宗谷郡","municipalityCount":2},"geometry":{"type":"MultiPolygon","coordinates":[[[[141.82684632649529,45.417124708382524],[141.8938819944798,45.51076908409546],[141.95473883063065,45.51632340697054],[142.0408388340216,45.40968543430549],[142.16913498043755,45.339690913006365],[142.34490566893237,45.174795381859674],[142.20409661181807,45.17859041694627],[142.16699257140976,45.138604318782214],[142.19884926217037,45.09127947727189],[142.16432232247664,45.05119284837706],[142.0981560378657,45.09992512011817],[142.0512714345046,45.0644629048388],[141.99237071094433,45.10108122352204],[142.0193526449316,45.14642058309964],[141.97805693468638,45.20420062061011],[141.99674867721842,45.235817535437505],[141.8629878353114,45.17632847550393],[141.76987066611937,45.228101801850855],[141.76465436587787,45.27409461117847],[141.57789218758845,45.175926352580845],[141.57224119566015,45.23664691396637],[141.6544600232762,45.350799558756535],[141.64390322516837,45.44911861345031],[141.69587993114618,45.39689289881491],[141.80945865902362,45.410539945517044],[141.82684632649529,45.417124708382524]]]]}},{"type":"Feature","properties":{"level":"county","prefecture":"北海道","district":"十勝郡","label":"十勝郡","name":"北海道 十勝郡","municipalityCount":2},"geometry":{"type":"MultiPolygon","coordinates":[[[[143.86924521688601,42.842331631882566],[143.47476251112258,42.52101028365662],[143.37025020985536,42.594045859561554],[143.369256628857,42.64524113420654],[143.3365926535352,42.65971755943753],[143.389500841699,42.870153511623364],[143.44523452582695,42.87397367939265],[143.50562562088479,42.81124250339172],[143.53937632542352,42.824688488632304],[143.53357008646424,42.747958408371545],[143.59026630218438,42.74682743765037],[143.59573099767545,42.80282305468967],[143.55896850073535,42.84733303573841],[143.58536049600485,42.8686455506618],[143.54900164134534,42.89666849186415],[143.59101148793314,43.02750923796225],[143.55993103232754,43.07410523167449],[143.70157842340922,43.15214221143526],[143.77494817025843,43.15058398510832],[143.70424867234237,43.00179850356764],[143.766316435335,42.96060603663433],[143.77917088950156,42.89470814261412],[143.86673021498387,42.8435882660172],[143.86924521688601,42.842331631882566]]]]}},{"type":"Feature","properties":{"level":"county","prefecture":"北海道","district":"小樽郡","label":"小樽郡","name":"北海道 小樽郡","municipalityCount":1},"geometry":{"type":"MultiPolygon","coordinates":[[[[141.24755755503296,43.158877770396906],[141.1876011516619,43.14025445252163],[141.20253591604381,43.124873250713705],[141.15822841339727,43.08865705495354],[141.07526440003247,43.11821308980014],[141.04499122898804,43.060835175212745],[140.99133785507547,43.128693418482996],[141.026765227549,43.18287948236842],[141.1621406385784,43.144074620290915],[141.2873007949682,43.1984114802725],[141.2667771374704,43.17320339953173],[141.24755755503296,43.158877770396906]]]]}},{"type":"Feature","properties":{"level":"county","prefecture":"北海道","district":"松前郡","label":"松前郡","name":"北海道 松前郡","municipalityCount":9},"geometry":{"type":"MultiPolygon","coordinates":[[[[140.4085715501188,41.516758548622406],[140.25785773242688,41.48064288359302],[140.1995158981782,41.39785582680332],[140.08817272754715,41.41924373977479],[140.0273469408025,41.461994433035045],[139.98288419112495,41.60783939070068],[140.0260118163359,41.631891368037586],[140.06746277361214,41.59019624745042],[140.16446111857908,41.577504242690615],[140.21401597087333,41.624251032499004],[140.2510889618754,41.57707698708484],[140.30719523887774,41.59034704354657],[140.3201117918567,41.527741530959105],[140.38509819903206,41.54475635714205],[140.40767111733902,41.51909588811282],[140.4085715501188,41.516758548622406]]],[[[139.37155243246485,41.50117628535294],[139.33432419443176,41.5181157134878],[139.37543360823977,41.50255858290103],[139.37155243246485,41.50117628535294]]],[[[139.7976434337393,41.36201662128356],[139.80348072210478,41.3656357275913],[139.8073618978797,41.36480634906244],[139.81431696486837,41.36201662128356],[139.81540369408535,41.36008140471622],[139.81403752021257,41.356738757918095],[139.80903856581446,41.355080000860376],[139.80847967650288,41.35369770331228],[139.80320127744898,41.355080000860376],[139.8020834988258,41.353144784293036],[139.79904065701825,41.35203894625456],[139.79820232305087,41.354527081841134],[139.80012738623523,41.35646229840847],[139.79848176770668,41.3584226476585],[139.79460059193175,41.3570403501104],[139.79404170262015,41.35925202618736],[139.7976434337393,41.36201662128356]]]]}},{"type":"Feature","properties":{"level":"county","prefecture":"北海道","district":"上磯郡","label":"上磯郡","name":"北海道 上磯郡","municipalityCount":4},"geometry":{"type":"MultiPolygon","coordinates":[[[[140.2821383680748,41.6627543023842],[140.30455603935079,41.716538243346534],[140.34197057382107,41.72355026181779],[140.35314836005287,41.78555259002064],[140.46033091025322,41.844564128983066],[140.45405893020094,41.93014091355165],[140.54115251459027,41.92956286184972],[140.66125161776958,41.827825762309736],[140.7022989327652,41.855597376685154],[140.71956240261207,41.816767381924954],[140.63253091703513,41.81309801025182],[140.60061212746214,41.74144473189499],[140.44837688886645,41.68866609824035],[140.43921731403762,41.5528490809691],[140.4085715501188,41.516758548622406],[140.38509819903206,41.54475635714205],[140.31638586311277,41.53007887044953],[140.30719523887774,41.59034704354657],[140.26372607019857,41.57375947296941],[140.21649992336927,41.59773605225823],[140.21777294902347,41.62890057879716],[140.28170367638802,41.65983891119184],[140.2821383680748,41.6627543023842]]]]}},{"type":"Feature","properties":{"level":"county","prefecture":"北海道","district":"上川郡","label":"上川郡","name":"北海道 上川郡","municipalityCount":18},"geometry":{"type":"MultiPolygon","coordinates":[[[[142.8819051491511,43.95312080885106],[142.8975230004694,43.92190601694675],[142.981076952552,43.94379658357208],[143.0538567606834,43.91788478771592],[143.00852462763228,43.85899891216697],[143.04615650794597,43.81172433602203],[143.01225055637622,43.79440791764677],[143.02454612123117,43.74532378834796],[143.1534943051773,43.763394187204],[143.17970000400962,43.734994255761265],[143.1395220723876,43.67711368752002],[143.17401796267512,43.6407718283464],[143.14141608616575,43.59196415855721],[143.03600335211877,43.56155361249907],[143.0085556770385,43.52005955337344],[143.04541132219717,43.47281010991121],[143.03190483050042,43.39643188720814],[142.97452552784392,43.285219766293025],[142.98837356300888,43.23440148188841],[142.92254882186614,43.15282079386797],[142.93329191641112,43.10305808213646],[143.0242356271692,43.012680955173565],[142.99498708652933,43.01046927909661],[143.00119696776923,42.96264178393244],[142.95987020811782,42.959399667865085],[142.99955134924065,42.929466642778095],[142.9452148883917,42.92192683797029],[142.92885185132462,42.838888454353665],[142.75612400463731,42.89774919721993],[142.7780138360079,42.92557107696073],[142.72681336518508,43.075965050193744],[142.77910056522487,43.17355525708943],[142.73314744404976,43.23113423313836],[142.7612782060664,43.357275167572936],[142.7205103357266,43.35993923193837],[142.5781798577085,43.51131337979639],[142.48167830324076,43.50678949691171],[142.43336542719447,43.55104815113353],[142.40253336683847,43.5380796868641],[142.39865219106355,43.4738405499016],[142.35704598675633,43.46622534704572],[142.3644357454318,43.49475094190191],[142.28771266271306,43.574346147989644],[142.27908092778964,43.65193073946195],[142.19894241038895,43.64122421663487],[142.17792196239196,43.67336891779881],[142.1714326364963,43.728409492895786],[142.2400207747908,43.799132861992994],[142.21558489211185,43.8643773062632],[142.1666820773478,43.87033375206137],[142.1493875580947,43.905368711734965],[142.25408615579911,43.97290023013021],[142.23623274723445,44.02047639846745],[142.17537591108362,44.05297295718909],[142.20409661181807,44.12296747848821],[142.1721467728389,44.19293686710464],[142.21350458189647,44.2518227426536],[142.17450652771004,44.26104643720181],[142.23157533630453,44.29718723491389],[142.30801897436749,44.263157582548],[142.27849098907186,44.31299569232759],[142.32068713209685,44.38072827218437],[142.65052497415314,44.43767893116598],[142.71203384783416,44.486009079984015],[142.74895159180525,44.45504561490662],[142.84812339520616,44.459896222666316],[142.80266706453023,44.33141794874132],[142.87560211969262,44.2288012053071],[142.88075632112174,44.16358189371959],[142.83828073344094,44.15028670457516],[142.89820608740578,44.009870406371135],[142.88507218858345,43.95719230344728],[142.8819051491511,43.95312080885106]],[[142.38896477632932,43.79589074592564],[142.37300538154284,43.83605277286855],[142.3078326779303,43.79508650007948],[142.39135558060667,43.72257871051109],[142.3865429226458,43.79546349031986],[142.38896477632932,43.79589074592564]]]]}},{"type":"Feature","properties":{"level":"county","prefecture":"北海道","district":"常呂郡","label":"常呂郡","name":"北海道 常呂郡","municipalityCount":6},"geometry":{"type":"MultiPolygon","coordinates":[[[[143.7763143441312,44.18210468086409],[143.78351780636947,44.17989300478714],[143.7762522453188,44.180445923806374],[143.7763143441312,44.18210468086409]]],[[[144.05243671346253,43.887826099215474],[143.96810652622494,43.763394187204],[143.94696188060314,43.77548300757918],[143.89830746108868,43.704709373116586],[143.82260900877452,43.68591012646246],[143.82052869855914,43.64569783415416],[143.75929926953393,43.61651878954797],[143.6256626252517,43.63770564105789],[143.61734138439024,43.60601332818242],[143.54422003279063,43.59847352337462],[143.46373997192177,43.50814666177712],[143.3740382374117,43.552254519902775],[143.23549578694994,43.55119894722968],[143.13623083533045,43.599805555557325],[143.17355222158213,43.63788156983674],[143.1395220723876,43.67711368752002],[143.1603562239474,43.70553875164545],[143.2260567674653,43.6967925780684],[143.28908706205013,43.763494717934776],[143.5725370912445,43.84510053863791],[143.5872855591892,43.989337004611215],[143.71418448232617,44.00866403760189],[143.74188055265606,44.120454210218945],[143.94019311005167,44.083785626170325],[143.97462690152682,44.13377453204606],[144.0110168055925,44.13128639645949],[143.79103176266972,44.180998842825616],[144.12232892681737,44.11570413319002],[144.04582318994204,44.06176939613153],[144.05433072724068,43.989060545101594],[144.01952434289115,43.95364859518761],[144.0637697467253,43.92082531159097],[144.0484934388752,43.88993724456166],[144.05243671346253,43.887826099215474]]]]}},{"type":"Feature","properties":{"level":"county","prefecture":"北海道","district":"色丹郡","label":"色丹郡","name":"北海道 色丹郡","municipalityCount":1},"geometry":{"type":"MultiPolygon","coordinates":[[[[146.80679848800565,43.78028334997349],[146.64683194726632,43.70141699168384],[146.62460057242754,43.75665862824236],[146.5843294925869,43.74389122543448],[146.60656086742569,43.76638497644443],[146.5837706032753,43.807225585820035],[146.74848770316316,43.81750485304134],[146.72100897867668,43.842788331830185],[146.77068802859574,43.875008431042204],[146.80068175498437,43.858345462416956],[146.78764100438062,43.87860240466726],[146.8454239493177,43.88888167188857],[146.92012882063347,43.83751046846472],[146.8095929345636,43.78277148556006],[146.80679848800565,43.78028334997349]]],[[[146.84318839207134,43.80028896539686],[146.84154277354278,43.798605075656454],[146.83930721629642,43.8008418844161],[146.84318839207134,43.80028896539686]]],[[[146.85374519017915,43.79197004742558],[146.85209957165057,43.789205452329384],[146.84930512509263,43.79003483085825],[146.84902568043685,43.79252296644482],[146.85374519017915,43.79197004742558]]],[[[146.78987656162698,43.75253686828076],[146.79211211887332,43.75419562533848],[146.79127378490594,43.75809119115584],[146.79543440533666,43.76085578625204],[146.79794940723883,43.759197029194326],[146.80238947232533,43.76002640772318],[146.80238947232533,43.75836765066546],[146.80571175878868,43.75781473164622],[146.80655009275605,43.75419562533848],[146.8043455849159,43.75030005952111],[146.8032278062927,43.75143103024229],[146.80127169370215,43.748088383444156],[146.79543440533666,43.74612803419413],[146.79459607136928,43.74670608589606],[146.79015600628276,43.74474573664603],[146.7879514984426,43.74474573664603],[146.7879514984426,43.747535464424914],[146.79571384999247,43.75085297854035],[146.79267100818493,43.75085297854035],[146.78987656162698,43.75253686828076]]],[[[146.71321557772063,43.732807712367006],[146.7096138466015,43.734466469424724],[146.71237724375325,43.73615035916514],[146.7148922456554,43.73529584795358],[146.71321557772063,43.732807712367006]]],[[[146.7007337164285,43.72446366171303],[146.69654204659156,43.7225284451457],[146.69517587271878,43.720593228578366],[146.69349920478402,43.723634283184175],[146.6940580940956,43.726424010963065],[146.69154309219346,43.72808276802078],[146.68517796392257,43.7269769299823],[146.6837807406436,43.72891214654964],[146.6843396299552,43.73170187432853],[146.69210198150503,43.73363709089587],[146.69545531737458,43.73029444409774],[146.69849815918212,43.72918860605926],[146.705173781515,43.72918860605926],[146.7007337164285,43.72446366171303]]]]}},{"type":"Feature","properties":{"level":"county","prefecture":"北海道","district":"新冠郡","label":"新冠郡","name":"北海道 新冠郡","municipalityCount":3},"geometry":{"type":"MultiPolygon","coordinates":[[[[142.29327050642277,42.36767578654856],[142.22207421800752,42.42254043286668],[142.2955371130753,42.455112389636405],[142.33521825419817,42.54667075268584],[142.50387862867333,42.59922319219625],[142.4845348486111,42.62111375882157],[142.54542273416814,42.639586280600696],[142.5688960852549,42.725791382236594],[142.7558445599815,42.721946081784616],[142.7518391865818,42.663763921351055],[142.56706417028911,42.5959559434462],[142.54548483298055,42.492333892704266],[142.33431782141838,42.34477991261552],[142.3009707591602,42.36141774855808],[142.29327050642277,42.36767578654856]]]]}},{"type":"Feature","properties":{"level":"county","prefecture":"北海道","district":"瀬棚郡","label":"瀬棚郡","name":"北海道 瀬棚郡","municipalityCount":3},"geometry":{"type":"MultiPolygon","coordinates":[[[[140.1886175566022,42.603169023378996],[140.26596162744494,42.54790225413779],[140.20892386825662,42.470116601203934],[140.23913494048864,42.40796347690493],[140.08544037980158,42.3345760434423],[140.09879162446734,42.314293968509304],[140.05988671849948,42.28016378541264],[139.9951176571675,42.27797724201838],[139.93363983289268,42.39197909071238],[139.83428173305458,42.4032636652414],[139.85253878389983,42.464386349550004],[139.8230418480104,42.61309643304261],[139.93910452838378,42.61369961742723],[139.93646532885683,42.58886852692686],[140.11754546581176,42.54541411855121],[140.15138931856913,42.615659966677256],[140.1851089737017,42.606436272129045],[140.1886175566022,42.603169023378996]]]]}},{"type":"Feature","properties":{"level":"county","prefecture":"北海道","district":"静内郡","label":"静内郡","name":"北海道 静内郡","municipalityCount":1},"geometry":{"type":"MultiPolygon","coordinates":[[[[142.7518391865818,42.663763921351055],[142.82822072583232,42.54880703071473],[142.86380334533686,42.541568818099236],[142.89115787219853,42.487709479088814],[142.8674671752684,42.45310177502099],[142.64229688151028,42.43015563572257],[142.56551169997917,42.38205168104878],[142.57597534986837,42.336712321471175],[142.50847394079085,42.26644134066244],[142.33431782141838,42.34477991261552],[142.55098057787782,42.49801387899281],[142.57178368003144,42.60012796877318],[142.74364214334514,42.66469383061069],[142.7518391865818,42.663763921351055]]]]}},{"type":"Feature","properties":{"level":"county","prefecture":"北海道","district":"石狩郡","label":"石狩郡","name":"北海道 石狩郡","municipalityCount":3},"geometry":{"type":"MultiPolygon","coordinates":[[[[141.65433582565137,43.286124542869956],[141.67259287649662,43.22754025951331],[141.62303802420237,43.16118997720463],[141.4382009090973,43.161491569396944],[141.40535063733836,43.18948937791659],[141.28276758166308,43.13361942429076],[141.24755755503296,43.158877770396906],[141.3698922154586,43.27129626008127],[141.43739362453613,43.25852885727339],[141.52513924645564,43.31228766555304],[141.56311267023753,43.45569475299749],[141.5065717015484,43.57359216750886],[141.61428209165416,43.58027746110511],[141.65231761424843,43.51355018855604],[141.727767671313,43.47137754699772],[141.59748436290027,43.384619526342576],[141.58112132583318,43.35270101932287],[141.62002623180103,43.2835610092353],[141.65433582565137,43.286124542869956]]]]}},{"type":"Feature","properties":{"level":"county","prefecture":"北海道","district":"積丹郡","label":"積丹郡","name":"北海道 積丹郡","municipalityCount":2},"geometry":{"type":"MultiPolygon","coordinates":[[[[140.43471515013871,43.33179062732256],[140.48051302428283,43.37542096447706],[140.5392274514059,43.32399949568783],[140.43279008695436,43.22721353463831],[140.35743317810838,43.25106445051367],[140.3460690954394,43.33375097657259],[140.42720119383844,43.329026032226366],[140.43471515013871,43.33179062732256]]]]}},{"type":"Feature","properties":{"level":"county","prefecture":"北海道","district":"千歳郡","label":"千歳郡","name":"北海道 千歳郡","municipalityCount":3},"geometry":{"type":"MultiPolygon","coordinates":[[[[141.86997395170624,42.92205250138376],[141.80641581721608,42.89274779336409],[141.7728514091145,42.80885489853591],[141.7066230256912,42.77037676133342],[141.60434628167033,42.77206065107383],[141.56525507926528,42.74255488159261],[141.40687205824213,42.76477217309295],[141.4124299019518,42.72174502032307],[141.35862128100823,42.681180870457084],[141.25951157641973,42.713526633082566],[141.19145127803063,42.68578015138985],[141.17633021721153,42.725112799803895],[141.25395373271004,42.86502644435406],[141.47822359368834,42.89903096403726],[141.5593556920874,42.92913991790309],[141.59580769496552,42.98465801397123],[141.6526281083104,42.941630861201354],[141.66411638860419,42.885006927094736],[141.75574318629864,42.953166762557295],[141.86426086096557,42.92398771795109],[141.86997395170624,42.92205250138376]]]]}},{"type":"Feature","properties":{"level":"county","prefecture":"北海道","district":"川上郡","label":"川上郡","name":"北海道 川上郡","municipalityCount":4},"geometry":{"type":"MultiPolygon","coordinates":[[[[144.8168109952795,43.171896500031714],[144.75166934107315,43.188157345733885],[144.71540363463225,43.146763817339036],[144.66131556903287,43.15096097534871],[144.67839274244255,43.102781622626836],[144.55683431717188,43.022080578500635],[144.54165115754037,43.10504356406918],[144.40239457073602,43.109165324030776],[144.44744725913137,43.14314471103128],[144.44701256744457,43.20708225580147],[144.22870419245655,43.465772958757256],[144.22724487036518,43.629462121134694],[144.32340488136475,43.70332707556849],[144.4395607099567,43.69809947756841],[144.57903464260446,43.57693481430699],[144.66873637711453,43.54707718726808],[144.74511791636507,43.48592937027678],[144.64159919609625,43.43649338342028],[144.6706614402989,43.320832777668556],[144.81454438862696,43.17564126975292],[144.8168109952795,43.171896500031714]]]]}},{"type":"Feature","properties":{"level":"county","prefecture":"北海道","district":"増毛郡","label":"増毛郡","name":"北海道 増毛郡","municipalityCount":1},"geometry":{"type":"MultiPolygon","coordinates":[[[[141.69886067414132,43.79621747080064],[141.69314758340064,43.74632909565567],[141.6322596978436,43.759875611627024],[141.4906433561681,43.68442729818359],[141.40497804446395,43.737783983540155],[141.33753873419883,43.73745725866515],[141.38709358649308,43.80624541119502],[141.56208803983296,43.859576963868896],[141.60797906219568,43.903106770292624],[141.66243972066943,43.87422931787873],[141.69802234017394,43.79812755468529],[141.69886067414132,43.79621747080064]]]]}},{"type":"Feature","properties":{"level":"county","prefecture":"北海道","district":"足寄郡","label":"足寄郡","name":"北海道 足寄郡","municipalityCount":2},"geometry":{"type":"MultiPolygon","coordinates":[[[[143.46373997192177,43.50814666177712],[143.54422003279063,43.59847352337462],[143.61734138439024,43.60601332818242],[143.6256626252517,43.63770564105789],[143.73557752319758,43.63818316202905],[143.99881438895613,43.46494358022839],[144.0270072497852,43.39188287164076],[143.82146018074513,43.28795922870653],[143.7926463317921,43.20363907827257],[143.71573695263615,43.20067342171484],[143.66000326850823,43.23985527403273],[143.56955634824936,43.18871026475312],[143.53866218908095,43.23606023894614],[143.40216899942834,43.24513313739819],[143.41210480941217,43.28808489211998],[143.31283985779265,43.31404695334153],[143.21124620070822,43.44916025549739],[143.25061684776907,43.556753270104764],[143.3994056022766,43.546675064344996],[143.46079027833284,43.50960435737329],[143.46373997192177,43.50814666177712]]]]}},{"type":"Feature","properties":{"level":"county","prefecture":"北海道","district":"太櫓郡","label":"太櫓郡","name":"北海道 太櫓郡","municipalityCount":1},"geometry":{"type":"MultiPolygon","coordinates":[[[[139.95257997067432,42.37994053570259],[140.03548188522674,42.220825521575215],[139.7670287192267,42.30414036470145],[139.83428173305458,42.4032636652414],[139.94792255974443,42.38398689761611],[139.95257997067432,42.37994053570259]]]]}},{"type":"Feature","properties":{"level":"county","prefecture":"北海道","district":"択捉郡","label":"択捉郡","name":"北海道 択捉郡","municipalityCount":1},"geometry":{"type":"MultiPolygon","coordinates":[[[[148.05048245332287,45.06602113116574],[147.90498493587245,44.95991094483724],[147.78386120228856,44.94742000153897],[147.72775492528623,45.0015809327417],[147.6516838800977,44.992105911366565],[147.61194064016246,44.94214213817351],[147.6516838800977,44.920201306182804],[147.5838719769582,44.840203977171996],[147.3328064784298,44.71298233738163],[147.20451033201385,44.56660959337945],[147.08285875852457,44.56050235148513],[146.95397267339084,44.42662055078121],[146.86399149422496,44.444665816954554],[146.87395835361497,44.498826748157285],[146.95145767148867,44.547408223802236],[146.94841482968113,44.63381438689968],[146.99564097651043,44.577693106446915],[147.03091310195296,44.61684982608212],[147.00675666392982,44.659374325198144],[147.0967067936895,44.638237739053594],[147.18367618045403,44.69242380293902],[147.19476081846722,44.760457974988114],[147.1283771880129,44.76963140417094],[147.1022646373992,44.81710704177742],[147.237236406148,44.806576447729185],[147.27334686555793,44.872675403210934],[147.5155632833195,44.996554396203166],[147.53223681444857,45.088213289983386],[147.50721099305184,45.11601003704149],[147.66081240552032,45.081553129069825],[147.7246810340725,45.17627821013855],[148.01893625662427,45.06850926675232],[148.05048245332287,45.06602113116574]]],[[[146.97784966675817,44.64937151748645],[146.97592460357382,44.6485170062749],[146.97480682495063,44.65241257209227],[146.97812911141398,44.653518410130744],[146.98092355797192,44.65158319356341],[146.97784966675817,44.64937151748645]]]]}},{"type":"Feature","properties":{"level":"county","prefecture":"北海道","district":"中川郡","label":"中川郡","name":"北海道 中川郡","municipalityCount":7},"geometry":{"type":"MultiPolygon","coordinates":[[[[142.3120553971734,44.77795032214222],[142.3274559026483,44.71016747692005],[142.39523675638162,44.7007427209103],[142.41336960960206,44.636679512726644],[142.47332601297313,44.61745301046675],[142.49192460728656,44.57809522937001],[142.53561112180913,44.614537619274394],[142.64381830241405,44.59676881261066],[142.64614700787902,44.53056932639814],[142.5840792448864,44.43368283461785],[142.32068713209685,44.38072827218437],[142.04108722927117,44.52840791568657],[142.0553078573105,44.552032637417696],[142.0091684396982,44.59893022332224],[141.97641131615782,44.74555429415135],[142.00320695370792,44.89406331618241],[142.1333350150896,44.90215604000946],[142.16118633245048,44.804364771652224],[142.2810991391926,44.8223095070948],[142.31146545845561,44.77930748700762],[142.3120553971734,44.77795032214222]]],[[[143.44523452582695,42.87397367939265],[143.389500841699,42.870153511623364],[143.3361269124422,42.65436429802399],[143.26167043637605,42.63988787279301],[143.2846780463698,42.71865370035187],[143.2484123399289,42.72554005540967],[143.2683150093027,42.763239079448695],[143.20329755272115,42.819888146238],[143.21413379548474,42.895688317239134],[143.23925276510008,42.93228150323968],[143.31414393285303,42.92650098622036],[143.32553906492822,42.96324496831706],[143.37049860510496,42.97545945210571],[143.34028753287294,43.0685509087994],[143.4157686393437,43.11544849470395],[143.38841411248202,43.175389942925996],[143.4110180801952,43.24455508569626],[143.53866218908095,43.23606023894614],[143.56955634824936,43.18871026475312],[143.66000326850823,43.23985527403273],[143.71573695263615,43.20067342171484],[143.7926463317921,43.20363907827257],[143.7819342866533,43.167573678608576],[143.55993103232754,43.07410523167449],[143.59101148793314,43.02750923796225],[143.54900164134534,42.89666849186415],[143.58536049600485,42.8686455506618],[143.55896850073535,42.84733303573841],[143.59573099767545,42.80282305468967],[143.59026630218438,42.74682743765037],[143.53357008646424,42.747958408371545],[143.55011941996852,42.77673533005466],[143.51903896436292,42.80015899032425],[143.5504609634367,42.81247400484366],[143.47081923653525,42.84700631086341],[143.44523452582695,42.87397367939265]]]]}},{"type":"Feature","properties":{"level":"county","prefecture":"北海道","district":"天塩郡","label":"天塩郡","name":"北海道 天塩郡","municipalityCount":3},"geometry":{"type":"MultiPolygon","coordinates":[[[[141.7628845497245,44.80765715308497],[141.57789218758845,45.175926352580845],[141.76465436587787,45.27409461117847],[141.76987066611937,45.228101801850855],[141.8629878353114,45.17632847550393],[141.99674867721842,45.235817535437505],[141.97805693468638,45.20420062061011],[142.0193526449316,45.14642058309964],[141.99237071094433,45.10108122352204],[142.0512714345046,45.0644629048388],[142.0981560378657,45.09992512011817],[142.17282985977528,45.032117142213316],[142.1333350150896,44.90215604000946],[142.02820172569844,44.90519709461527],[141.98942101735537,44.87066478859552],[142.0095410325726,44.84337069519127],[141.97641131615782,44.74555429415135],[142.0091684396982,44.59893022332224],[142.0402488953038,44.58593662637012],[142.0462414307003,44.52204934696532],[142.11535740890017,44.47459884204154],[142.10554579654115,44.43878476920446],[142.02115351049116,44.39392293059802],[142.03208290147336,44.35562072217438],[141.97333742494408,44.44451502085839],[141.90661225102156,44.47105513378187],[141.92859523061074,44.59614049554335],[141.79309562195652,44.63916764831322],[141.76589634212584,44.79559346539248],[141.7628845497245,44.80765715308497]]]]}},{"type":"Feature","properties":{"level":"county","prefecture":"北海道","district":"島牧郡","label":"島牧郡","name":"北海道 島牧郡","municipalityCount":2},"geometry":{"type":"MultiPolygon","coordinates":[[[[140.07224438216684,42.72609297442891],[140.14418585633086,42.754643701967794],[140.1694600729772,42.804632607843544],[140.20314867870354,42.79292077770875],[140.2309068478458,42.61467979205224],[140.15138931856913,42.615659966677256],[140.11754546581176,42.54541411855121],[139.93646532885683,42.58886852692686],[139.93910452838378,42.61369961742723],[139.8230418480104,42.61309643304261],[139.89923709082376,42.67994936900514],[140.0328116362936,42.688544746486045],[140.0686426510477,42.723278113967325],[140.07224438216684,42.72609297442891]]]]}},{"type":"Feature","properties":{"level":"county","prefecture":"北海道","district":"苫前郡","label":"苫前郡","name":"北海道 苫前郡","municipalityCount":5},"geometry":{"type":"MultiPolygon","coordinates":[[[[141.68296337816724,44.3473018042031],[141.756736767297,44.45700596415666],[141.79176049748995,44.64323914290944],[141.92188855887167,44.599784734533785],[141.90661225102156,44.47105513378187],[141.97333742494408,44.44451502085839],[142.01724128531004,44.356450100703235],[142.0610209480512,44.33606749503947],[142.0295678995712,44.263484307423],[142.0661441000741,44.238150563268775],[142.04680032001187,44.203140736277874],[142.08741294332071,44.18097371014292],[142.03348012475232,44.14664246558472],[141.94961567860773,44.14734618070011],[141.9462002439258,44.115729265872716],[141.78201098394334,44.0993176240744],[141.73171094590032,44.19185616174886],[141.65595039477375,44.20897151866257],[141.64703921519452,44.311462598683335],[141.6789580047675,44.335640239433694],[141.68296337816724,44.3473018042031]]],[[[141.42786145683291,44.43853344237753],[141.38066635940982,44.43338124242554],[141.4273336169275,44.44366050964685],[141.42786145683291,44.43853344237753]]],[[[141.32850335699482,44.42405701714655],[141.2926102434283,44.41395367870409],[141.33067681542877,44.42644462200236],[141.32850335699482,44.42405701714655]]]]}},{"type":"Feature","properties":{"level":"county","prefecture":"北海道","district":"忍路郡","label":"忍路郡","name":"北海道 忍路郡","municipalityCount":1},"geometry":{"type":"MultiPolygon","coordinates":[[[[140.92349490252977,43.15146362900256],[140.8586637423854,43.16802606689704],[140.85437892432986,43.21628081766699],[140.94513633865074,43.22666061561907],[140.97062790114046,43.19180158472432],[140.92992212961303,43.15385123385837],[140.92349490252977,43.15146362900256]]]]}},{"type":"Feature","properties":{"level":"county","prefecture":"北海道","district":"白糠郡","label":"白糠郡","name":"北海道 白糠郡","municipalityCount":2},"geometry":{"type":"MultiPolygon","coordinates":[[[[143.7547350068226,43.12039963319441],[143.82146018074513,43.28795922870653],[144.0176924279254,43.373787340102034],[144.0210147143887,43.32681435614941],[143.96133775567347,43.267501224994675],[143.99232506306046,43.183256472608804],[144.0790771039816,43.11753450736744],[144.0958437833293,43.06324791275125],[144.22317739815304,43.028238085760336],[144.22854894542556,42.99727462068296],[143.86353212614534,42.843563133334506],[143.77917088950156,42.89470814261412],[143.766316435335,42.96060603663433],[143.70424867234237,43.00179850356764],[143.75296519066924,43.118389018578995],[143.7547350068226,43.12039963319441]]]]}},{"type":"Feature","properties":{"level":"county","prefecture":"北海道","district":"白老郡","label":"白老郡","name":"北海道 白老郡","municipalityCount":1},"geometry":{"type":"MultiPolygon","coordinates":[[[[141.360297948943,42.681608126062855],[141.34511478931148,42.63264966017751],[141.42475651621297,42.5801474860325],[141.20548560963277,42.4530515096556],[141.1667359506959,42.51990444561814],[141.08532440764105,42.55421055749365],[141.0934593520653,42.59472444199426],[141.20973937828208,42.70058330149584],[141.35862128100823,42.681180870457084],[141.360297948943,42.681608126062855]]]]}},{"type":"Feature","properties":{"level":"county","prefecture":"北海道","district":"美国郡","label":"美国郡","name":"北海道 美国郡","municipalityCount":1},"geometry":{"type":"MultiPolygon","coordinates":[[[[140.52773917111213,43.358506669024884],[140.63001591513296,43.29477018571624],[140.50234075684102,43.21251091526309],[140.46008251500362,43.25983575677341],[140.51963527609408,43.28449091849493],[140.5392274514059,43.32399949568783],[140.49032463664184,43.366549127486536],[140.5246652798984,43.3587831285345],[140.52773917111213,43.358506669024884]]],[[[140.6030029317395,43.30766325193758],[140.6018851531163,43.30600449487987],[140.60048792983733,43.307939711447204],[140.6030029317395,43.30766325193758]]]]}},{"type":"Feature","properties":{"level":"county","prefecture":"北海道","district":"標津郡","label":"標津郡","name":"北海道 標津郡","municipalityCount":1},"geometry":{"type":"MultiPolygon","coordinates":[[[[145.09849120832052,43.8609341287343],[145.06039358691385,43.803857806339224],[145.0687148277753,43.74859103709801],[145.13845179409915,43.64997039021192],[145.2456032948933,43.61340233689407],[145.19288140316672,43.62750177188467],[145.1406252525331,43.565398912951046],[145.0107766358072,43.53551615322945],[145.03521251848613,43.51405284220989],[144.97556660917706,43.46866321726691],[144.74511791636507,43.48592937027678],[144.57450142929935,43.58422329228787],[144.61421361982838,43.634513790355925],[144.7334433396341,43.68467862501052],[144.7224828992457,43.76178569551167],[144.86242257298642,43.78940651379092],[144.9051155065106,43.85032813663799],[144.87676739865054,43.876792851513386],[144.95094443006093,43.90237792249454],[145.08961107814747,43.860381209715065],[145.09849120832052,43.8609341287343]]]]}},{"type":"Feature","properties":{"level":"county","prefecture":"北海道","district":"浜益郡","label":"浜益郡","name":"北海道 浜益郡","municipalityCount":1},"geometry":{"type":"MultiPolygon","coordinates":[[[[141.4906433561681,43.68442729818359],[141.59273380375177,43.57567818017235],[141.4901465656689,43.568766692431865],[141.48486816661503,43.53099227034477],[141.3879319204605,43.47793717718051],[141.35793819407183,43.5185013270465],[141.38457858459094,43.600132280432334],[141.3298695308676,43.72514224414574],[141.40497804446395,43.737783983540155],[141.48713477326757,43.68500534988553],[141.4906433561681,43.68442729818359]]]]}},{"type":"Feature","properties":{"level":"county","prefecture":"北海道","district":"幌泉郡","label":"幌泉郡","name":"北海道 幌泉郡","municipalityCount":1},"geometry":{"type":"MultiPolygon","coordinates":[[[[143.32398659461825,42.1601049601897],[143.3097970159851,42.04733461294762],[143.25704407485233,41.99955738314884],[143.2495301185521,41.9251395096958],[143.06761164762975,42.06093139428437],[143.19705662207508,42.09048742913096],[143.17746444676325,42.18398100874774],[143.3210989998417,42.162165840170495],[143.32398659461825,42.1601049601897]]]]}},{"type":"Feature","properties":{"level":"county","prefecture":"北海道","district":"幌別郡","label":"幌別郡","name":"北海道 幌別郡","municipalityCount":1},"geometry":{"type":"MultiPolygon","coordinates":[[[[141.18937096781528,42.45234779454021],[141.05225679003868,42.35191759450025],[140.96854759092508,42.499245380444755],[141.09622274921705,42.55491427260905],[141.1667359506959,42.51990444561814],[141.18437201341717,42.45458460329986],[141.18937096781528,42.45234779454021]]]]}},{"type":"Feature","properties":{"level":"county","prefecture":"北海道","district":"網走郡","label":"網走郡","name":"北海道 網走郡","municipalityCount":4},"geometry":{"type":"MultiPolygon","coordinates":[[[[143.91324222547058,43.733712488943944],[144.05706307498622,43.88036169245575],[144.0637697467253,43.92082531159097],[144.01952434289115,43.95364859518761],[144.05433072724068,43.989060545101594],[144.04582318994204,44.06176939613153],[144.09168316289856,44.11211015956498],[144.1848934803092,44.10519867182448],[144.11351089545676,44.08991800074733],[144.11242416623978,44.01409269706351],[144.18017397056687,44.03269088225609],[144.1895819406453,44.10487194694948],[144.24379420386947,44.1140956414977],[144.29878270224862,43.982425516870734],[144.42884866481793,43.930526527110345],[144.36997899066384,43.7269769299823],[144.22724487036518,43.629462121134694],[144.21938937059673,43.5171190294984],[144.08270988450693,43.515158680248376],[144.07168734530615,43.47479559184393],[144.01834446545558,43.461299341237954],[143.83695383443865,43.549665853585424],[143.77892249425196,43.64268191223105],[143.82052869855914,43.64569783415416],[143.82260900877452,43.68591012646246],[143.90964049435144,43.72868595240541],[143.91324222547058,43.733712488943944]]]]}},{"type":"Feature","properties":{"level":"county","prefecture":"北海道","district":"目梨郡","label":"目梨郡","name":"北海道 目梨郡","municipalityCount":1},"geometry":{"type":"MultiPolygon","coordinates":[[[[145.33744743843116,44.34114429694339],[145.3658886945098,44.271024112230805],[145.34784898950795,44.22269396341278],[145.1420224758121,43.96827581651475],[145.09849120832052,43.8609341287343],[144.95094443006093,43.90237792249454],[144.87676739865054,43.876792851513386],[145.00304533366355,43.94693816890866],[145.0155582443619,43.997706187947884],[145.18002694900017,44.13560921788263],[145.27410664978436,44.16875922635428],[145.3346840412794,44.33898288623182],[145.33744743843116,44.34114429694339]]]]}},{"type":"Feature","properties":{"level":"county","prefecture":"北海道","district":"紋別郡","label":"紋別郡","name":"北海道 紋別郡","municipalityCount":8},"geometry":{"type":"MultiPolygon","coordinates":[[[[143.3431751276495,44.37160510836692],[143.42244426167656,44.304852703135154],[143.7762522453188,44.180445923806374],[143.67021852314784,44.191554569556544],[143.74188055265606,44.120454210218945],[143.73849616738033,44.062272049785385],[143.71126583814345,44.00675395371725],[143.5872855591892,43.989337004611215],[143.5725370912445,43.84510053863791],[143.28908706205013,43.763494717934776],[143.2260567674653,43.6967925780684],[143.17184450424116,43.70692104919354],[143.16054252038458,43.76163489941551],[143.07981406426612,43.73793477963631],[143.00802783713308,43.758317385300074],[143.04615650794597,43.81172433602203],[143.00852462763228,43.85899891216697],[143.04882675687912,43.92162955743713],[142.981076952552,43.94379658357208],[142.88845657385917,43.92635450178335],[142.89820608740578,44.009870406371135],[142.83828073344094,44.15028670457516],[142.88075632112174,44.16358189371959],[142.87560211969262,44.2288012053071],[142.80266706453023,44.33141794874132],[142.84812339520616,44.459896222666316],[142.74895159180525,44.45504561490662],[142.71203384783416,44.486009079984015],[142.65052497415314,44.43767893116598],[142.5845760353856,44.44260493697375],[142.64614700787902,44.53056932639814],[142.6469542924402,44.58995785560095],[142.84188246456006,44.68707054152547],[142.98828041479027,44.561507658792834],[143.34050487871633,44.37180616982846],[143.3431751276495,44.37160510836692]]]]}},{"type":"Feature","properties":{"level":"county","prefecture":"北海道","district":"野付郡","label":"野付郡","name":"北海道 野付郡","municipalityCount":1},"geometry":{"type":"MultiPolygon","coordinates":[[[[145.2455722454871,43.61491029785563],[145.3492462127869,43.563890951989485],[145.28981764932126,43.551123549181604],[145.3392483039907,43.580830380124354],[145.2456032948933,43.61340233689407],[145.2455722454871,43.61491029785563]]],[[[145.282303693021,43.57334084068194],[145.2878615367307,43.57248632947038],[145.29062493388244,43.57082757241267],[145.282303693021,43.57334084068194]]],[[[145.24594483836148,43.573064381172316],[145.25262046069437,43.57417021921079],[145.24342983645934,43.570274653393426],[145.23871032671704,43.569721734374184],[145.23315248300733,43.57138049143191],[145.24206366258656,43.57082757241267],[145.24594483836148,43.573064381172316]]],[[[145.32313366217323,43.56889235584533],[145.32617650398078,43.57055111290305],[145.3298092845061,43.570274653393426],[145.32313366217323,43.56889235584533]]],[[[145.31645803984034,43.56637908757606],[145.32145699423845,43.56833943682609],[145.32229532820583,43.56751005829723],[145.3295298398503,43.56778651780685],[145.32813261657134,43.565549709047204],[145.3245308854522,43.56665554708568],[145.31673748449614,43.565826168556825],[145.31645803984034,43.56637908757606]]],[[[145.26261836949058,43.55888954813364],[145.27093961035203,43.55944246715288],[145.26510232198652,43.55833662911441],[145.26261836949058,43.55888954813364]]],[[[145.30590124173256,43.36112046802492],[145.23594692956527,43.35031341446707],[145.25792990915446,43.29132700818734],[145.21290827016531,43.249606754917494],[144.98705488947084,43.232340601907616],[145.02415892987915,43.27597093906211],[144.9952208833013,43.29997265103363],[145.03723072988907,43.30095282565864],[145.04033567050902,43.39220959651577],[145.08476737078038,43.40819398270831],[145.06983260639845,43.43053693762211],[145.20657419130066,43.43772488487222],[145.19853239509501,43.52553847820045],[145.2460690359863,43.51468115927722],[145.29649327165413,43.373360084496255],[145.30590124173256,43.36112046802492]]]]}},{"type":"Feature","properties":{"level":"county","prefecture":"北海道","district":"勇払郡","label":"勇払郡","name":"北海道 勇払郡","municipalityCount":6},"geometry":{"type":"MultiPolygon","coordinates":[[[[142.12178463598343,42.61040723599449],[141.96545087576942,42.52777097530095],[141.8101727953662,42.6113874106195],[141.63073827693984,42.627773919735134],[141.6954452394594,42.65722942385096],[141.4182050915049,42.574216172917026],[141.3390601551026,42.65034306879316],[141.4124299019518,42.72174502032307],[141.40687205824213,42.76477217309295],[141.56525507926528,42.74255488159261],[141.60434628167033,42.77206065107383],[141.7066230256912,42.77037676133342],[141.7728514091145,42.80885489853591],[141.80641581721608,42.89274779336409],[141.86997395170624,42.92205250138376],[141.98057193658855,42.83725482997865],[142.08058207395683,42.86869581602719],[142.15264774574564,42.954775254249626],[142.28442142565592,42.98495960616354],[142.3592194451903,43.10391259334801],[142.4474929070152,43.08325352817462],[142.53554902299672,43.13198579991573],[142.72777589677725,43.00981582934661],[142.58749467956835,42.96631115560557],[142.54601267288592,42.9108935902682],[142.40908479154655,42.93363866810508],[142.38145082002907,42.887369399267854],[142.3180789819761,42.88734426658516],[142.29889044894486,42.77319162179499],[142.19108691062053,42.72084024374614],[142.12026321507966,42.61256864670606],[142.12178463598343,42.61040723599449]]]]}},{"type":"Feature","properties":{"level":"county","prefecture":"北海道","district":"有珠郡","label":"有珠郡","name":"北海道 有珠郡","municipalityCount":3},"geometry":{"type":"MultiPolygon","coordinates":[[[[140.82556507537683,42.54244846199347],[140.90191556522117,42.57248201781123],[140.91355909254594,42.642727865937275],[140.9579286940049,42.641345568389184],[141.01130262326168,42.71757299499609],[141.07697211737343,42.7457215996119],[141.07132112544514,42.82740281836311],[141.19908943195568,42.78435053291055],[141.1722937944056,42.74388691377533],[141.19079924050044,42.684724578716754],[141.0884914470734,42.58861720009993],[141.06905451879257,42.52945486504136],[140.97056580232805,42.50502589746407],[140.99040637288948,42.4372681849246],[140.95044578711085,42.388184055625786],[140.90803229824246,42.379437882048734],[140.87136294952094,42.45996299739609],[140.7794567071707,42.49969776873323],[140.82295692525608,42.54388102490696],[140.82556507537683,42.54244846199347]]],[[[140.86493572243768,42.61030670526372],[140.86692288443444,42.60774317162907],[140.8638489932207,42.60525503604249],[140.86468732718808,42.60387273849439],[140.86940683693038,42.601083010715506],[140.86664343977864,42.59273896006154],[140.86192393003634,42.591356662513434],[140.85968837278998,42.59246250055192],[140.85304379986331,42.5908037434942],[140.84608873287465,42.594975768821186],[140.84385317562828,42.593040552253846],[140.84065508678975,42.59618213759043],[140.8431700886919,42.603646544350156],[140.86493572243768,42.61030670526372]]],[[[140.8382332331062,42.58914498643648],[140.83947520935416,42.59273896006154],[140.8424870017555,42.59246250055192],[140.8427664464113,42.5894214459461],[140.8382332331062,42.58914498643648]]]]}},{"type":"Feature","properties":{"level":"county","prefecture":"北海道","district":"夕張郡","label":"夕張郡","name":"北海道 夕張郡","municipalityCount":4},"geometry":{"type":"MultiPolygon","coordinates":[[[[141.75574318629864,42.953166762557295],[141.65579514774277,42.88711807244093],[141.6526281083104,42.941630861201354],[141.57972410255422,43.00911211423121],[141.60487412157573,42.99689763044256],[141.70441851785102,43.08312786476116],[141.76092843713394,43.07546239653989],[141.86690006049253,43.13025164480994],[142.03549833615529,43.098609597299856],[142.03360432237713,43.14221480177166],[142.15640472389578,43.196501396387845],[142.1610310854195,43.22369495906133],[142.2803229040376,43.22432327612865],[142.24343620947272,43.10587294259804],[142.33018825039386,43.03165613060655],[142.2552660332347,42.96661274779788],[142.15264774574564,42.954775254249626],[142.08058207395683,42.86869581602719],[141.98057193658855,42.83725482997865],[141.85926190656747,42.93094947105696],[141.76254300625632,42.95090482111495],[141.75574318629864,42.953166762557295]]]]}},{"type":"Feature","properties":{"level":"county","prefecture":"北海道","district":"余市郡","label":"余市郡","name":"北海道 余市郡","municipalityCount":3},"geometry":{"type":"MultiPolygon","coordinates":[[[[140.99133785507547,43.128693418482996],[141.04499122898804,43.05161148066453],[140.99053057051427,43.02308588580834],[140.99816872443932,42.986140842250094],[140.9157325509799,42.954624458153475],[140.83329637752047,43.004286639154216],[140.72928086675248,43.01624979611593],[140.63187887950494,43.08481175450157],[140.65333401918872,43.181823909695325],[140.69469182824633,43.19481750664744],[140.67447866481052,43.220427710311284],[140.70853986341126,43.25237135001368],[140.79162807440088,43.19433998567628],[140.84438101553366,43.200447227570606],[140.92042101131602,43.13027677749263],[140.97593734960054,43.12967359310801],[140.99133785507547,43.128693418482996]]]]}},{"type":"Feature","properties":{"level":"county","prefecture":"北海道","district":"様似郡","label":"様似郡","name":"北海道 様似郡","municipalityCount":1},"geometry":{"type":"MultiPolygon","coordinates":[[[[143.117011252893,42.26023356803734],[143.18606513228048,42.21896570305596],[143.17122351611718,42.12112416933334],[143.19705662207508,42.09048742913096],[143.06761164762975,42.06093139428437],[142.86371019711825,42.13592731943933],[142.93298142234914,42.20773139389233],[143.11098766809033,42.25656419636421],[143.117011252893,42.26023356803734]]]]}},{"type":"Feature","properties":{"level":"county","prefecture":"北海道","district":"利尻郡","label":"利尻郡","name":"北海道 利尻郡","municipalityCount":4},"geometry":{"type":"MultiPolygon","coordinates":[[[[141.2461913811602,45.1005283045028],[141.12674431551108,45.185803496879075],[141.1931279459654,45.258839072784006],[141.3236596496277,45.18497411835021],[141.3298074320552,45.14913491283045],[141.24870638306234,45.10301644008938],[141.2461913811602,45.1005283045028]]]]}},{"type":"Feature","properties":{"level":"county","prefecture":"北海道","district":"留萌郡","label":"留萌郡","name":"北海道 留萌郡","municipalityCount":3},"geometry":{"type":"MultiPolygon","coordinates":[[[[141.65092039096945,43.9938608874959],[141.65980052114247,44.21133399083568],[141.73171094590032,44.19185616174886],[141.77558375686007,44.105274069872564],[141.81333983479854,44.09069711391081],[142.07561416896493,44.1649139259023],[142.05987212002182,44.01183075562117],[141.94961567860773,43.99959113914983],[141.88509501252537,43.94329392991823],[141.90024712275067,43.897527314734845],[141.79722519298105,43.82655261881071],[141.76971541908839,43.75648269946352],[141.60797906219568,43.903106770292624],[141.65039255106404,43.98983965826507],[141.65092039096945,43.9938608874959]]]]}},{"type":"Feature","properties":{"level":"county","prefecture":"北海道","district":"礼文郡","label":"礼文郡","name":"北海道 礼文郡","municipalityCount":2},"geometry":{"type":"MultiPolygon","coordinates":[[[[140.962306660279,45.476588635633405],[140.96423172346337,45.48018260925846],[140.96538055149276,45.47824739269113],[140.97034845648466,45.47741801416227],[140.96898228261188,45.474904745893],[140.963703883558,45.474904745893],[140.962306660279,45.476588635633405]]],[[[141.0139728721948,45.31800140784259],[140.9681439486445,45.46379610014283],[141.01341398288324,45.4330085638443],[141.03536591306622,45.45995079969086],[141.0673157520454,45.42411159417109],[141.04284881996028,45.27384328435154],[141.01453176150642,45.31606619127524],[141.0139728721948,45.31800140784259]]],[[[140.96618783605393,45.43881421354631],[140.96507005743075,45.437708375507825],[140.96286554959062,45.43936713256555],[140.96618783605393,45.43881421354631]]]]}},{"type":"Feature","properties":{"level":"county","prefecture":"北海道","district":"檜山郡","label":"檜山郡","name":"北海道 檜山郡","municipalityCount":4},"geometry":{"type":"MultiPolygon","coordinates":[[[[140.12291701308428,41.82531249404047],[140.1322628843503,41.95250900114813],[140.26406761366678,41.9777170818889],[140.27999595904706,42.04818912415918],[140.37559708073505,42.044343823707194],[140.4709498071734,41.99347527393721],[140.44319163803115,41.93730372811906],[140.47355795729416,41.90088647089736],[140.46033091025322,41.844564128983066],[140.35314836005287,41.78555259002064],[140.34197057382107,41.72355026181779],[140.16446111857908,41.577504242690615],[139.99204376595378,41.636440383604956],[140.07007092373289,41.80447750008823],[140.12145769099288,41.82114046871348],[140.12291701308428,41.82531249404047]]]]}},{"type":"Feature","properties":{"level":"county","prefecture":"北海道","district":"蘂取郡","label":"蘂取郡","name":"北海道 蘂取郡","municipalityCount":1},"geometry":{"type":"MultiPolygon","coordinates":[[[[148.78371418072183,45.55656083196153],[148.89372222688633,45.512101116278174],[148.8279285351498,45.45072710514264],[148.87431634801172,45.397395552468765],[148.84096928575354,45.337705431073644],[148.62710097585204,45.33182438332356],[148.4937748256318,45.25519483379357],[148.3524689780183,45.22915737452395],[148.33992501791374,45.29683968901534],[148.45878214484506,45.36100342792976],[148.51768286840533,45.44489632275794],[148.65181630318676,45.53738459506701],[148.78178911753747,45.55490207490381],[148.78371418072183,45.55656083196153]]]]}},{"type":"Feature","properties":{"level":"county","prefecture":"和歌山県","district":"伊都郡","label":"伊都郡","name":"和歌山県 伊都郡","municipalityCount":22},"geometry":{"type":"MultiPolygon","coordinates":[[[[135.6601237612312,34.32695147999589],[135.72746992327774,34.22071563025392],[135.64807659162585,34.21898147514813],[135.62193299160595,34.15841170985876],[135.53275909700125,34.10136052014637],[135.4889483848539,34.15491826696448],[135.5081679672913,34.17349131947437],[135.44414409170815,34.34771107590005],[135.48537770314095,34.36284095088104],[135.50577716301396,34.33642650137104],[135.64941171609243,34.3836005467852],[135.660092711825,34.327077143409355],[135.6601237612312,34.32695147999589]]]]}},{"type":"Feature","properties":{"level":"county","prefecture":"和歌山県","district":"海草郡","label":"海草郡","name":"和歌山県 海草郡","municipalityCount":42},"geometry":{"type":"MultiPolygon","coordinates":[[[[135.26281555950362,34.25022139973513],[135.28510903315478,34.178593254060985],[135.26492691912517,34.11724437560815],[135.09539716127642,34.08268693690571],[135.11554822589983,34.11998383802165],[135.14473466772728,34.11108686834844],[135.12445940547906,34.13551583592573],[135.20944163024683,34.14913774994516],[135.14026355323455,34.18743995836881],[135.12306218220007,34.241600889571544],[135.06248479070504,34.26215942401416],[135.07387992278024,34.304935249957104],[135.13209755940412,34.27236329318738],[135.27104365214646,34.31247505476491],[135.26651043884135,34.25368970994673],[135.26281555950362,34.25022139973513]],[[135.17913740979623,34.24391309637927],[135.1528385627453,34.2372780681484],[135.16640715325445,34.21299989666727],[135.17892006395283,34.23941434617728],[135.17913740979623,34.24391309637927]]],[[[135.0397255759609,34.29827508904354],[135.06000083820908,34.2977221700243],[135.03749001871452,34.298551548553164],[135.0397255759609,34.29827508904354]]],[[[135.02028864768005,34.28633706476452],[134.99889560680867,34.279676903850955],[135.02028864768005,34.290509090091504],[135.02028864768005,34.28633706476452]]],[[[135.10334580926346,34.10912651909841],[135.1002719180497,34.108020681059934],[135.09722907624217,34.11136332785806],[135.09778796555378,34.115535353185045],[135.10306636460766,34.117747029262006],[135.1013896966729,34.11412792295425],[135.10499142779202,34.11025748981958],[135.10334580926346,34.10912651909841]]],[[[135.08331894226484,34.1132985444254],[135.07971721114572,34.10998103030997],[135.07779214796136,34.11025748981958],[135.0749977014034,34.112745625406156],[135.07667436933818,34.11498243416581],[135.08359838692064,34.11412792295425],[135.08331894226484,34.1132985444254]]]]}},{"type":"Feature","properties":{"level":"county","prefecture":"和歌山県","district":"西牟婁郡","label":"西牟婁郡","name":"和歌山県 西牟婁郡","municipalityCount":43},"geometry":{"type":"MultiPolygon","coordinates":[[[[135.64798344340724,33.87690053101802],[135.65689462298647,33.846389454229104],[135.66993537359022,33.86750090769096],[135.70132632325783,33.846942373248346],[135.70520749903275,33.81278705746899],[135.67384759877135,33.831385242661575],[135.64717615884607,33.80250779024768],[135.71675787813894,33.71977099882337],[135.6550937574269,33.68893319715945],[135.66807240921827,33.65022886581272],[135.640003746014,33.63080130209127],[135.66819660684305,33.59154405172531],[135.63009898543638,33.57696709576355],[135.68589476837673,33.5208206826281],[135.7755654534806,33.52172545920503],[135.78826466061616,33.440320699963436],[135.753830869141,33.43589734780952],[135.7602270468181,33.48367457760831],[135.5927465497785,33.49810073747391],[135.4460691548925,33.549748400407374],[135.39052176720176,33.59252422635032],[135.39191899048075,33.64196021320683],[135.32944758520753,33.670309879284176],[135.39552072159987,33.70280643800581],[135.335750614666,33.74786933807379],[135.37456237241528,33.82887197439231],[135.60109884004615,33.90256100004726],[135.6449716510059,33.87742831735457],[135.64798344340724,33.87690053101802]]],[[[135.3735687914169,33.70446519506353],[135.37692212728643,33.70252997849619],[135.37496601469587,33.70225351898657],[135.3735687914169,33.70446519506353]]],[[[135.36385032727648,33.69473884686146],[135.3624841534037,33.69697565562111],[135.36440921658806,33.69697565562111],[135.36385032727648,33.69473884686146]]],[[[135.3674831078018,33.68724930741904],[135.36496810589966,33.68586700987095],[135.36692421849023,33.688631604967135],[135.3674831078018,33.68724930741904]]],[[[135.48609183948355,33.54391761802267],[135.48997301525847,33.54419407753229],[135.48857579197949,33.54253532047457],[135.48609183948355,33.54391761802267]]],[[[135.62665250134825,33.49923170819508],[135.6241374994461,33.50199630329128],[135.62581416738087,33.50199630329128],[135.62665250134825,33.49923170819508]]]]}},{"type":"Feature","properties":{"level":"county","prefecture":"和歌山県","district":"東牟婁郡","label":"東牟婁郡","name":"和歌山県 東牟婁郡","municipalityCount":30},"geometry":{"type":"MultiPolygon","coordinates":[[[[135.97760393962014,33.9669760657886],[135.96655035101315,33.92771881542263],[135.89842795381165,33.92668837543223],[135.9221186507418,33.97851196714454],[136.00359229260906,34.00987755514501],[136.01346600378045,33.970117651125186],[135.9854594393886,33.96855942479824],[135.97760393962014,33.9669760657886]]],[[[135.88445572102194,33.885244581672],[135.8748304051001,33.86159472725818],[135.8659502749271,33.922063961816775],[135.88426942458472,33.886023694835465],[135.88445572102194,33.885244581672]]],[[[135.85685279891067,33.82349358029607],[135.94506416192317,33.73248813626587],[136.0115719900023,33.72364143195804],[135.9854594393886,33.654752748697405],[135.93602878471913,33.641130834677966],[135.9535406498156,33.62170327095652],[135.92550303601755,33.60642259987937],[135.9596263334307,33.582244959129014],[135.79521972760483,33.4892289004834],[135.7755654534806,33.52172545920503],[135.6667062353455,33.53032083668593],[135.63009898543638,33.57696709576355],[135.66819660684305,33.59154405172531],[135.640003746014,33.63080130209127],[135.66807240921827,33.65022886581272],[135.65142992749537,33.67714596897658],[135.71675787813894,33.71977099882337],[135.64717615884607,33.80250779024768],[135.67384759877135,33.831385242661575],[135.70520749903275,33.81278705746899],[135.69493014558074,33.85611580243118],[135.64801449281345,33.851390858084955],[135.6605895023242,33.89755959619141],[135.84632705020906,33.89673021766255],[135.85707014475406,33.82417216272877],[135.85685279891067,33.82349358029607]]],[[[135.98965110922552,33.679483308467],[135.98825388594653,33.68114206552472],[135.9904583937867,33.68141852503434],[135.98965110922552,33.679483308467]]],[[[135.94574724885956,33.621979730466144],[135.94882114007328,33.62057230023535],[135.94770336145012,33.6183606241584],[135.94462947023638,33.62084875974497],[135.94574724885956,33.621979730466144]]],[[[135.82716956658402,33.503378600839376],[135.82437512002608,33.503956652541305],[135.82549289864926,33.5053389500894],[135.82716956658402,33.503378600839376]]],[[[135.8346524734781,33.45421907349249],[135.80049812665874,33.47256593185814],[135.86272113668235,33.47256593185814],[135.83632914141285,33.45256031643477],[135.8346524734781,33.45421907349249]]],[[[135.7968963955396,33.46032631538681],[135.79410194898165,33.461155693915664],[135.7957786169164,33.462286664636835],[135.7968963955396,33.46032631538681]]],[[[135.8132904820129,33.45087642669436],[135.81437721122987,33.45032350767512],[135.8185688810668,33.45256031643477],[135.82049394425115,33.45059996718474],[135.8180099917552,33.44921766963664],[135.81661276847623,33.44532210381928],[135.81273159270128,33.44838829110778],[135.8132904820129,33.45087642669436]]]]}},{"type":"Feature","properties":{"level":"county","prefecture":"和歌山県","district":"那賀郡","label":"那賀郡","name":"和歌山県 那賀郡","municipalityCount":36},"geometry":{"type":"MultiPolygon","coordinates":[[[[135.44939144135583,34.27826947362017],[135.5081679672913,34.17349131947437],[135.4889483848539,34.15491826696448],[135.4310722916982,34.11545995513697],[135.26492691912517,34.11724437560815],[135.27104365214646,34.31247505476491],[135.44414409170815,34.34771107590005],[135.46895256726148,34.312977708418764],[135.44880150263805,34.278772127274024],[135.44939144135583,34.27826947362017]]]]}},{"type":"Feature","properties":{"level":"county","prefecture":"和歌山県","district":"日高郡","label":"日高郡","name":"和歌山県 日高郡","municipalityCount":37},"geometry":{"type":"MultiPolygon","coordinates":[[[[135.4974559221525,33.86820462280636],[135.34882241467596,33.810198391151644],[135.32805036192858,33.7430438629968],[135.23443640223735,33.78139633678583],[135.14166077651353,33.88471679533545],[135.05798262680614,33.87984105489306],[135.06776318975895,33.93138818709576],[135.11418205202705,33.95639520637498],[135.06751479450935,33.97662701594259],[135.1749767893655,33.994571751385166],[135.17798858176684,33.956068481499976],[135.23328757420796,33.947749563528696],[135.2792717447893,34.004222701539156],[135.39151534820016,34.01010374928924],[135.5513266419085,34.06841157313627],[135.6252242286631,34.00736428687574],[135.63724034886226,33.950639822038355],[135.58970370797095,33.889994658700914],[135.50164759198944,33.86750090769096],[135.4974559221525,33.86820462280636]]],[[[135.1011102520171,34.00331792496222],[135.09278901115567,34.00273987326028],[135.09111234322089,34.004700222510316],[135.09223012184407,34.00746481760651],[135.0949935189958,34.00746481760651],[135.0963907422748,34.00525314152955],[135.10194858598447,34.004700222510316],[135.1011102520171,34.00331792496222]]],[[[135.0916712325325,34.00331792496222],[135.09250956649987,34.00135757571219],[135.08887678597455,34.00331792496222],[135.0916712325325,34.00331792496222]]],[[[135.08639283347858,33.9913547680005],[135.08723116744596,33.98803725388507],[135.08139387908048,33.988866632413924],[135.08639283347858,33.9913547680005]]],[[[135.0758360353708,33.948604074740246],[135.07332103346863,33.946945317682534],[135.07360047812443,33.95056442399028],[135.0758360353708,33.948604074740246]]],[[[135.14582139694426,33.860539154585084],[135.15501202117926,33.861946584815875],[135.1547325765235,33.85805101899851],[135.1472186202232,33.85694518096003],[135.14582139694426,33.860539154585084]]]]}},{"type":"Feature","properties":{"level":"county","prefecture":"和歌山県","district":"有田郡","label":"有田郡","name":"和歌山県 有田郡","municipalityCount":21},"geometry":{"type":"MultiPolygon","coordinates":[[[[135.37164372823253,34.01367259023161],[135.2792717447893,34.004222701539156],[135.23328757420796,33.947749563528696],[135.17798858176684,33.956068481499976],[135.1749767893655,33.994571751385166],[135.13458151190005,33.99997527816409],[135.17361061549272,34.03201944859726],[135.07831998786673,34.07331244626134],[135.29709410394776,34.136018489579584],[135.31746251441456,34.10445184011758],[135.4310722916982,34.11545995513697],[135.4889483848539,34.15491826696448],[135.54865639297535,34.096937167992465],[135.53241755353307,34.0487075499052],[135.37583539806946,34.011938435125806],[135.37164372823253,34.01367259023161]]],[[[135.1222238482327,34.015255949241244],[135.11862211711357,34.01829700384705],[135.1211060696095,34.019704434077845],[135.12889947056559,34.0174676253182],[135.12554613469604,34.017191165808576],[135.12498724538446,34.01497948973162],[135.1222238482327,34.015255949241244]]]]}},{"type":"Feature","properties":{"level":"island_office","prefecture":"島根県","district":"隠岐島司","label":"隠岐島司","name":"島根県 隠岐島司","municipalityCount":1},"geometry":{"type":"MultiPolygon","coordinates":[[[[131.87113367331148,37.243046387462485],[131.87135101915487,37.239929934808586],[131.8686497208155,37.238547637260496],[131.8645822486034,37.23834657579895],[131.86101156689045,37.239552944568196],[131.86026638114168,37.24269452990478],[131.86380601344842,37.2443532869625],[131.87113367331148,37.243046387462485]]]]}},{"type":"Feature","properties":{"level":"island_office","prefecture":"東京府","district":"小笠原島庁","label":"小笠原島庁","name":"東京府 小笠原島庁","municipalityCount":1},"geometry":{"type":"MultiPolygon","coordinates":[[[[142.10169567017243,27.715598236224167],[142.09644832052473,27.720046721060772],[142.10029844689345,27.719770261551155],[142.10169567017243,27.715598236224167]]],[[[142.1086817865673,27.71496991915685],[142.10644622932094,27.71775964693574],[142.11057580034546,27.717407789378044],[142.1086817865673,27.71496991915685]]],[[[142.14597212341278,27.670585601521573],[142.1247032801662,27.686142732108344],[142.14879761937692,27.67335019661777],[142.14597212341278,27.670585601521573]]],[[[142.15845398470495,27.65480227679057],[142.15721200845695,27.657365810425222],[142.15693256380118,27.6643024308484],[142.15975805976532,27.66211588745414],[142.1605653443265,27.65967801723295],[142.15901287401653,27.658697842607936],[142.15845398470495,27.65480227679057]]],[[[142.1859016597852,27.618686611761184],[142.1707185001537,27.63356515991525],[142.18745413009518,27.62230571806893],[142.1859016597852,27.618686611761184]]],[[[142.21474655814447,27.489328693941946],[142.2120763092113,27.489881612961184],[142.21170371633693,27.494883016817028],[142.20921976384096,27.494958414865106],[142.20484179756684,27.49714495825937],[142.20533858806604,27.500110614817107],[142.20872297334176,27.499356634336326],[142.21151741989974,27.50192016797098],[142.2128835937725,27.501115922124814],[142.2122315562423,27.496315579730513],[142.21608168261105,27.49106284904774],[142.21474655814447,27.489328693941946]]],[[[140.87595826163846,27.2428776074575],[140.8737848032045,27.243933180130593],[140.87235653051934,27.247275826928718],[140.87530622410827,27.25021635080376],[140.87515097707728,27.24757741912103],[140.8793736963204,27.247527153755644],[140.8806777713808,27.246044325476777],[140.879466844539,27.244310170370984],[140.87595826163846,27.2428776074575]]],[[[142.19468864173965,27.193165161091372],[142.19552697570703,27.195929756187567],[142.1980419776092,27.19406993766831],[142.19468864173965,27.193165161091372]]],[[[142.18819931584397,27.144131297157948],[142.18857190871836,27.189169064543236],[142.18770252534478,27.1501380083215],[142.18819931584397,27.144131297157948]]],[[[142.2016126593221,27.10977491991705],[142.19400555480325,27.143226520581013],[142.23626379664066,27.111584473070927],[142.20446920469246,27.110327838936293],[142.2016126593221,27.10977491991705]]],[[[142.17975387735774,27.12663895000384],[142.176679986144,27.12869982998464],[142.17869819754696,27.129277881686573],[142.17975387735774,27.12663895000384]]],[[[142.16497436000682,27.112966770619025],[142.16093793720088,27.113167832080563],[142.16134157948147,27.115128181330594],[142.16453966832003,27.115580569619063],[142.16497436000682,27.117968174474868],[142.16286300038524,27.12138621932107],[142.16640263269198,27.120079319821052],[142.16882448637554,27.120732769571063],[142.1714636859025,27.116711540340233],[142.16807930062674,27.114675793042124],[142.1666820773478,27.115203579378672],[142.16497436000682,27.112966770619025]]],[[[142.18748517950138,27.11583189644599],[142.18363505313266,27.118244633984485],[142.18487702938063,27.11874728763834],[142.18748517950138,27.11583189644599]]],[[[142.22371983653608,27.086552321109014],[142.22992971777597,27.035784302069793],[142.1862121538472,27.039378275694848],[142.20838142987358,27.083963654791667],[142.18341770728927,27.10331582046503],[142.22533440565846,27.087607893782106],[142.22371983653608,27.086552321109014]]],[[[142.1613105300753,26.674602519093252],[142.18872715574935,26.659623440208414],[142.17863609873456,26.607774715813406],[142.12274716757562,26.71767993722851],[142.1660300398176,26.701544754939807],[142.16242830869845,26.674803580554794],[142.1613105300753,26.674602519093252]]],[[[142.1294848887209,26.594730853495903],[142.12783927019234,26.60010924759214],[142.12560371294597,26.60020977832291],[142.12653519513196,26.602019331476782],[142.12296451341902,26.60420587487105],[142.12370969916782,26.606794541188393],[142.12625575047616,26.607397725573016],[142.12603840463277,26.610840903101916],[142.1299195804077,26.608578961659575],[142.13212408824785,26.61031311676537],[142.134794337181,26.604934722669135],[142.13578791817937,26.600335441736373],[142.13314871865242,26.596113151044],[142.1294848887209,26.594730853495903]]],[[[142.17848085170357,26.604557732428745],[142.17848085170357,26.60247171976525],[142.1757174545518,26.601768004649855],[142.17770461654857,26.605311712909526],[142.17848085170357,26.604557732428745]]],[[[142.16522275525642,26.58859847891889],[142.16360818613404,26.592267850592023],[142.1663094844734,26.590659358899693],[142.16522275525642,26.58859847891889]]],[[[142.15100212721708,26.581435664351474],[142.14727619847315,26.58221477751495],[142.1496359533443,26.585557424313077],[142.15233725168366,26.58465264773614],[142.15472805596102,26.58709051795733],[142.16196256760549,26.587919896486188],[142.16224201226126,26.585356362851535],[142.15857818232973,26.5830692887265],[142.1548522535858,26.58402433066882],[142.15100212721708,26.581435664351474]]],[[[142.2276631111234,26.5634909289089],[142.22607959140726,26.565979064495476],[142.2285014450908,26.568793924957056],[142.22682477715603,26.57052808006285],[142.2298055201512,26.57500169758215],[142.23517706742368,26.570729141524392],[142.2388408973552,26.570025426408996],[142.2400207747908,26.56758755618781],[142.23601540139106,26.567838883014737],[142.23110959521156,26.566205258639712],[142.2276631111234,26.5634909289089]]],[[[142.2022025980399,26.552658742668356],[142.2017679063531,26.556202450928023],[142.20453130350487,26.55964562845692],[142.20397241419326,26.562033233312725],[142.20623902084583,26.561379783562714],[142.20980970255874,26.56366685768775],[142.21412557002049,26.56396844988006],[142.21828619045118,26.562887744524275],[142.2138771747709,26.55504634752416],[142.21064803652615,26.555549001178015],[142.20642531728302,26.5535383865626],[142.20428290825527,26.554342632408765],[142.2022025980399,26.552658742668356]]],[[[142.15693256380118,26.54275646568744],[142.1557526863656,26.564169511341603],[142.15829873767393,26.543359650072063],[142.15693256380118,26.54275646568744]]],[[[141.2776754790464,25.418973691766823],[141.2829228286941,25.449158043680736],[141.28130825957172,25.4190490898149],[141.2776754790464,25.418973691766823]]],[[[153.98455181793477,24.29772931879817],[153.98476916377817,24.291395882759616],[153.98691157280592,24.283303158932572],[153.98570064596416,24.281342809682542],[153.983030397031,24.28104121749023],[153.97082798039463,24.28471058916336],[153.98026699987926,24.293356232009643],[153.9830924958434,24.29725179782701],[153.98455181793477,24.29772931879817]]],[[[141.2864624610008,24.745392662920235],[141.28590357168923,24.788972734709347],[141.32878280165062,24.812848783267395],[141.34558053040448,24.77851753870919],[141.2930449351151,24.75011760726646],[141.2864624610008,24.745392662920235]]],[[[141.45838302312694,24.224794273624006],[141.45518493428838,24.225372325325935],[141.45375666160322,24.22700594970096],[141.4536635133846,24.237360614970346],[141.45540228013178,24.242387151508883],[141.45919030768812,24.24505121587431],[141.46179845780887,24.245101481239693],[141.47223105829187,24.241909630537723],[141.47294519463446,24.239320964220376],[141.47207581126088,24.233238855008747],[141.46890877182852,24.227207011162502],[141.45838302312694,24.224794273624006]]]]}},{"type":"Feature","properties":{"level":"island_office","prefecture":"東京府","district":"大島島庁","label":"大島島庁","name":"東京府 大島島庁","municipalityCount":17},"geometry":{"type":"MultiPolygon","coordinates":[[[[139.44476693228304,34.73432713376159],[139.43958168144775,34.679160895251144],[139.3582011877991,34.70110172724186],[139.34929000821987,34.78278294599308],[139.41318968617824,34.78667851181044],[139.4462573037806,34.73528217570391],[139.44476693228304,34.73432713376159]]],[[[139.28017403002,34.53223523222972],[139.2751750756219,34.51114891145056],[139.2743367416545,34.5319587727201],[139.28017403002,34.53223523222972]]],[[[139.29572978252588,34.474229000575015],[139.2996109583008,34.471162813286504],[139.29740645046064,34.469504056228786],[139.29153811268895,34.47005697524803],[139.29184860675096,34.47088635377689],[139.28765693691403,34.47699359567121],[139.29184860675096,34.47505837910387],[139.29572978252588,34.474229000575015]]],[[[139.2695240836936,34.41634843233376],[139.29101027278358,34.42421496201658],[139.27238062906395,34.329766340457475],[139.2415485687079,34.3636703294099],[139.26713327941624,34.41423728698758],[139.2695240836936,34.41634843233376]]],[[[139.2265517055136,34.37450251565045],[139.22906670741577,34.37284375859273],[139.22878726275997,34.36701297620803],[139.2265517055136,34.36701297620803],[139.22766948413678,34.3708834093427],[139.22375725895566,34.373949596631206],[139.22462664232924,34.375608353688925],[139.2265517055136,34.37450251565045]]],[[[139.20962977913493,34.33728101258259],[139.2265517055136,34.32644882634204],[139.206835332577,34.33283252774598],[139.20962977913493,34.33728101258259]]],[[[139.27682069415044,34.327554664380514],[139.28045347467577,34.32506652879394],[139.27710013880625,34.32393555807277],[139.2751750756219,34.32561944781318],[139.27682069415044,34.327554664380514]]],[[[139.1547033795682,34.19427604806122],[139.12020748928063,34.189224378839995],[139.14017225746687,34.243385310042726],[139.17044542851127,34.23089436674446],[139.15681473918974,34.19588453975355],[139.1547033795682,34.19427604806122]]],[[[139.1910001354153,34.21171812984994],[139.18823673826356,34.210888751321086],[139.18767784895195,34.21229618155188],[139.1910001354153,34.21171812984994]]],[[[139.19295624800586,34.2080990235422],[139.19211791403848,34.205887347465236],[139.18904402282473,34.20837548305182],[139.19183846938267,34.20922999426337],[139.19295624800586,34.2080990235422]]],[[[139.07658307357048,34.18811854080151],[139.07658307357048,34.18560527253224],[139.07490640563572,34.186158191551485],[139.07658307357048,34.18811854080151]]],[[[139.5146901950441,34.04810436552058],[139.4732392377679,34.07786146182872],[139.49183783208133,34.11787269267546],[139.53962286822224,34.12397993456979],[139.56377930624535,34.073965896011345],[139.52239044778156,34.046747200655176],[139.5146901950441,34.04810436552058]]],[[[139.6195750891857,33.85151652149841],[139.5787451200335,33.860137031662006],[139.59097858607603,33.8979114537491],[139.6245740435838,33.88459113192199],[139.62184169583824,33.85315014587344],[139.6195750891857,33.85151652149841]]]]}},{"type":"Feature","properties":{"level":"island_office","prefecture":"東京府","district":"八丈島庁","label":"八丈島庁","name":"東京府 八丈島庁","municipalityCount":9},"geometry":{"type":"MultiPolygon","coordinates":[[[[139.83642414208234,33.06855805757327],[139.83266716393223,33.04528519339985],[139.78435428788595,33.06916124195789],[139.74349326932753,33.15333059629569],[139.84542846988018,33.11638555273745],[139.8395911815147,33.07333326728488],[139.83642414208234,33.06855805757327]]],[[[139.68350581655028,33.1185972288144],[139.68043192533653,33.12555898192028],[139.67515352628263,33.13083684528574],[139.67515352628263,33.133350113555004],[139.6768301942174,33.13639116816082],[139.67903470205755,33.13417949208387],[139.68266748258287,33.13639116816082],[139.6873869923252,33.135838249141585],[139.6873869923252,33.133903032574246],[139.6921065020675,33.129705874564564],[139.69598767784242,33.12862516920878],[139.6976643457772,33.126664819958755],[139.69934101371197,33.11945174002595],[139.70073823699093,33.117491390775925],[139.697943790433,33.11666201224706],[139.69434205931387,33.117491390775925],[139.68850477094838,33.11610909322783],[139.68350581655028,33.1185972288144]]],[[[139.77774076436546,32.46090005542959],[139.75442266030973,32.45119883991021],[139.77330069927896,32.46368978320848],[139.77774076436546,32.46090005542959]]],[[[140.31132480990226,30.49074905915019],[140.28633003791174,30.483259519707772],[140.30660530015996,30.495197543986798],[140.31132480990226,30.49074905915019]]]]}},{"type":"Feature","properties":{"level":"ward_city","prefecture":"愛知県","district":"","label":"名古屋市","name":"愛知県 名古屋市","municipalityCount":4},"geometry":{"type":"MultiPolygon","coordinates":[[[[136.895641732718,35.142758360200375],[136.8679456623881,35.188173117826054],[136.93842781446077,35.19267186802804],[136.91274995553385,35.11667063556537],[136.89868457452553,35.13639979147912],[136.895641732718,35.142758360200375]]]]}},{"type":"Feature","properties":{"level":"ward_city","prefecture":"京都府","district":"","label":"京都市","name":"京都府 京都市","municipalityCount":2},"geometry":{"type":"MultiPolygon","coordinates":[[[[135.79003447676953,34.995128982063555],[135.7872400302116,34.97130319887089],[135.7336798045176,34.978667074899846],[135.71414972801819,35.050898404958616],[135.81478085351046,35.04491682647776],[135.83545975803926,35.01231973702535],[135.79090386014312,34.995606503034715],[135.79003447676953,34.995128982063555]]]]}},{"type":"Feature","properties":{"level":"ward_city","prefecture":"大阪府","district":"","label":"大阪市","name":"大阪府 大阪市","municipalityCount":4},"geometry":{"type":"MultiPolygon","coordinates":[[[[135.53052353975488,34.66543845050094],[135.45414200050436,34.624698371856105],[135.40803363229824,34.67187241727027],[135.52142606373846,34.71482417199206],[135.53288329462606,34.671445161664494],[135.53052353975488,34.66543845050094]]]]}},{"type":"Feature","properties":{"level":"ward_city","prefecture":"東京府","district":"","label":"東京市","name":"東京府 東京市","municipalityCount":15},"geometry":{"type":"MultiPolygon","coordinates":[[[[139.79814022423847,35.72910384742066],[139.82074419195163,35.662426840236975],[139.78749027791207,35.67592309084294],[139.71781541040062,35.63505734878464],[139.72275226598632,35.72515801623791],[139.79506633302475,35.7289781840072],[139.79814022423847,35.72910384742066]]],[[[139.7873971296935,35.666825059708195],[139.76948162231642,35.65712384418882],[139.7868071909757,35.67021797187171],[139.7873971296935,35.666825059708195]]]]}}]}
